No	영문컬럼명	타입	길이	컬럼수	코멘트종수	코멘트변형(빈도순)	제안표준한글명	1차판정	판정근거
1	REMARK	VARCHAR2	500	147	2	비고(144) | 표지(2) | [코멘트없음](1)	비고	분리?	핵심명사 상이: 비고 / 표지
2	ARCH_PLACE	VARCHAR2	2	63	10	보존시설(47) | 보존시설(RG052)(4) | 보존시설 : A=서울, B=부산, C=대전, D=성남(3) | 보존시설 (RG052)(2) | 보관장소코드(1) | 보존시설(2023추가)(1) | 보존장소(1) | 장기보존시설(1) | 보존장소(C:대전,B:부산,D:성남)(1) | 건축장소(1) | [코멘트없음](1)	보존시설	분리?	핵심명사 상이: 보존시설 / 보관장소코드 / 보존장소 / 장기보존시설
3	KIKWANCODE	VARCHAR2	10	60	6	처리기관코드(41) | 기관코드(9) | 처리과코드(5) | 인계인수-처리과코드(2) | 검토기관코드(1) | 생산기관코드(1) | [코멘트없음](1)	처리기관코드	통일	코멘트 포함관계(수식어 가감)
4	SCHE_SEQ_NO	NUMBER	8	50	3	스케줄링일련번호(45) | SCHE순번번호(3) | 스케줄링번호(2)	스케줄링일련번호	분리?	핵심명사 상이: 스케줄링일련번호 / 스케줄링번호
5	DOCTYPE	VARCHAR2	1	38	8	기록물형태(19) | 기록물형태_RG001(A:문서대장 , B도면, C사진/필름, D녹음/동영상, E카드, G국무회의록)(4) | 기록물형태(RG001)(4) | 기록물형태 (RG001 - M:정부간행물, O:일반도서, P:총독부간행물)(2) | 기록물구분코드(RG001)(2) | 기록물유형(2) | 기록물형태(일반, 도면등)(2) | 문서유형(1) | [코멘트없음](2)	기록물형태	분리?	핵심명사 상이: 기록물형태 / 기록물구분코드 / 문서유형
6	SEQ_NO	NUMBER	8	31	3	일련번호(23) | 순번번호(7) | 순번(1)	일련번호	통일	표기변형/음차/영문누출 차이만
7	ADD_FILE_ID	VARCHAR2	32	31	2	추가파일아이디(17) | 첨부파일ID(14)	추가파일아이디	통일?	형식단어 동일(ID)·핵심어 차이 — 확인
8	UNI_ORG_COD	VARCHAR2	10	30	3	통합기관코드(28) | 자체관리통합기관코드 변경이력(1) | 기관코드(1)	통합기관코드	통일	코멘트 포함관계(수식어 가감)
9	DHOUSECODE	VARCHAR2	10	30	3	자료관코드(24) | 기관코드(3) | 접수기관(2) | [코멘트없음](1)	자료관코드	분리?	핵심명사 상이: 자료관코드 / 기관코드 / 접수기관
10	PRODYEAR	VARCHAR2	4	29	3	생산년도(23) | 생산시작년도(3) | 연도(2) | [코멘트없음](1)	생산년도	분리?	핵심명사 상이: 생산년도 / 생산시작년도 / 연도
11	USR_ID	VARCHAR2	20	26	5	사용자ID(20) | 유저아이디(3) | 발행자ID(1) | 사용자(1) | ID(1)	사용자ID	분리?	핵심명사 상이: 유저아이디 / 사용자
12	TRANSYEAR	VARCHAR2	4	22	4	이관년도(16) | 접수년도(4) | 번역년도(1) | 인수년도(1)	이관년도	통일?	형식단어 동일(년도)·핵심어 차이 — 확인
13	MNGNO	VARCHAR2	10	21	3	기록물관리번호(14) | 관리번호(4) | OD보존매체관리번호(1) | [코멘트없음](2)	기록물관리번호	통일	코멘트 포함관계(수식어 가감)
14	SKL_DIV_COD	VARCHAR2	35	21	2	기능분류코드(19) | SKLDIV코드(1) | [코멘트없음](1)	기능분류코드	통일	표기변형/음차/영문누출 차이만
15	RU_NO	VARCHAR2	10	21	2	의뢰서번호(20) | 보존처리의뢰서번호(1)	의뢰서번호	통일	코멘트 포함관계(수식어 가감)
16	RU_DIV	VARCHAR2	2	20	3	의뢰서구분{처리,반출,반입}(11) | 의뢰서구분(6) | 의뢰서구분{처리,반출,반입} 01:정리 02:소독 03:서고 04:반출 05:반입 06:소독반출 07:M/F배치 08:복제M/F배치 09:매체서고 10:보존매체서고 11:서고(이송) 30:장기보존매체서고(3)	의뢰서구분{처리,반출,반입}	통일	코멘트 포함관계(수식어 가감)
17	MBSID	VARCHAR2	12	20	3	이관기본목록SID(16) | 이관철ID(3) | 이관기본목록 SID(1)	이관기본목록SID	통일	표기변형/음차/영문누출 차이만
18	ARID	VARCHAR2	9	19	2	전거레코드ID(17) | ARID(2)	전거레코드ID	통일	표기변형/음차/영문누출 차이만
19	TRANS_NO	VARCHAR2	6	18	4	이관일련번호(12) | 접수번호(4) | 변환번호(1) | 일련번호(1)	이관일련번호	분리?	핵심명사 상이: 이관일련번호 / 접수번호 / 변환번호 / 일련번호
20	DESC_CLASS_ID	VARCHAR2	12	18	3	기술분류ID(13) | 기술CLASS아이디(2) | 기본목록ID(2) | [코멘트없음](1)	기술분류ID	통일?	형식단어 동일(ID)·핵심어 차이 — 확인
21	PROC_COND	VARCHAR2	2	18	3	처리상태(14) | 처리상태(SV100)(2) | 처리상태(01:의뢰 02:보류 03:반출 04:인수 05:반입)(2)	처리상태	통일	표기변형/음차/영문누출 차이만
22	ORGAN_CD	VARCHAR2	10	17	2	조직코드(15) | 기관코드(2)	조직코드	통일?	형식단어 동일(코드)·핵심어 차이 — 확인
23	DOCBUNRYUNO	VARCHAR2	86	17	2	기록물철분류번호(13) | 기록물철 분류번호(2) | [코멘트없음](2)	기록물철분류번호	통일	표기변형/음차/영문누출 차이만
24	ORG_COD	VARCHAR2	7	16	3	처리과코드(7) | 기관코드(5) | ORG코드(4)	처리과코드	통일?	형식단어 동일(코드)·핵심어 차이 — 확인
25	ERRORLIST	VARCHAR2	1000	16	2	오류내역(8) | 오류목록(6) | [코멘트없음](2)	오류내역	분리?	핵심명사 상이: 오류내역 / 오류목록
26	ENDYEAR	VARCHAR2	4	16	3	종료년도(10) | 생산년도(종료년도)(3) | 생산종료년도(2) | [코멘트없음](1)	종료년도	통일?	형식단어 동일(년도)·핵심어 차이 — 확인
27	USE_YN	VARCHAR2	1	15	6	사용여부(6) | 사용여부 (Y: 사용, N: 미사용)(3) | 파일사용여부(2) | 사용여부(Y:사용, N:미사용)(2) | 사용여부(0:현존,1:폐지)(1) | 사용여부(0:사용 1:미사용)(1)	사용여부	통일	코멘트 포함관계(수식어 가감)
28	DOCSID	VARCHAR2	100	15	3	이관철ID(RG)(8) | 이관철ID(6) | 기록물식별자(1)	이관철ID(RG)	통일	표기변형/음차/영문누출 차이만
29	OPN_YN	VARCHAR2	2	15	4	공개구분(9) | 공개구분(1:공개, 2:부분공개, 3:비공개)(3) | 공개구분(US014)(1) | 공개여부(1) | [코멘트없음](1)	공개구분	분리?	핵심명사 상이: 공개구분 / 공개여부
30	KIKAN	VARCHAR2	2	15	5	보존기간(10) | 기간코드(RG002)(1) | 기간코드(RG002)(00:납본(생산현황보고 이전 연도 CAMS에 등록 된 정부간행물 철 수량),  01:1년, 03:3년, 05: 5년, 10:10년, 20:20년, 25:30년, 30:준영구, 40:영구, 99:없음)(1) | 보존기간(RG002)(1) | 보존기간(RG100)(1) | [코멘트없음](1)	보존기간	분리?	핵심명사 상이: 보존기간 / 기간코드
31	ARCAVETYPE	VARCHAR2	2	15	6	기록물구분(01=일반문서,02=시청각,04=총독부,05=정부간행물,06=해외기록물,07=역사기록물,08=행정박물)(4) | 기록물구분(4) | 기록물종류(3) | 아카이브유형(1) | 기록물유형 (01=일반문서,02=시청각,04=총독부,05=정부간행물,06=해외기록물,07=역사기록물,08=행정박물)(1) | 기록물유형(1) | [코멘트없음](1)	기록물구분(01=일반문서,02=시청각,04=총독부,05=정부간행물,06=해외기록물,07=역사기록물,08=행정박물)	분리?	핵심명사 상이: 기록물구분 / 기록물종류 / 아카이브유형
32	ARCHIVE_KEY	VARCHAR2	32	15	4	ALERO 아카이브키(8) | 아카이브키(4) | ALERO아카이브키(2) | ARCHIVE_KEY(1)	ALERO 아카이브키	통일	표기변형/음차/영문누출 차이만
33	DEL_DT	DATE		14	3	삭제일자(7) | 삭제일시(6) | 예비삭제일(1)	삭제일자	분리?	핵심명사 상이: 삭제일자 / 예비삭제일
34	PRODSYSDIV	VARCHAR2	2	14	4	생산시스템구분(RG053)(5) | 시스템구분코드(4) | 생산시스템구분(3) | 시스템구분(1) | [코멘트없음](1)	생산시스템구분(RG053)	통일	코멘트 포함관계(수식어 가감)
35	SBSID	VARCHAR2	12	14	2	생산기본목록SID(10) | 생산기본목록 SID(4)	생산기본목록SID	통일	표기변형/음차/영문누출 차이만
36	DEL_YN	VARCHAR2	1	13	2	삭제여부(9) | 폐지여부(1) | [코멘트없음](3)	삭제여부	통일?	형식단어 동일(여부)·핵심어 차이 — 확인
37	CLSS_ID	VARCHAR2	35	13	3	분류체계ID(9) | 단위업무코드/단위과제ID(2) | 단위업무/단위과제코드(1) | [코멘트없음](1)	분류체계ID	분리?	핵심명사 상이: 분류체계ID / 단위업무코드단위과제ID / 단위업무단위과제코드
38	JEMOK	VARCHAR2	500	13	2	제목(12) | 건제목(1)	제목	통일	코멘트 포함관계(수식어 가감)
39	WONBONGUBUN	VARCHAR2	1	13	2	원본사본여부(10) | 원본구분(1) | [코멘트없음](2)	원본사본여부	분리?	핵심명사 상이: 원본사본여부 / 원본구분
40	POSITION	VARCHAR2	2	13	7	기록물위치(3) | 매체위치(3) | 기록물위치 (RG007)(2) | 매체류위치(1) | DVD위치(1) | M/F위치(1) | 매체위치(04: 초기값, Z6:이송시, 43:서고배치의뢰,Z1:서고배치인수시,ZZ:서고배치)(1) | [코멘트없음](1)	기록물위치	통일?	형식단어 동일(위치)·핵심어 차이 — 확인
41	SKL_REG_YEAR	VARCHAR2	4	12	2	기능등록년도(10) | SKL등록년도(1) | [코멘트없음](1)	기능등록년도	통일	표기변형/음차/영문누출 차이만
42	RGST_DTM	DATE		12	4	등록일(7) | RGST일시(3) | 최초등록일자(1) | 등록자ID(1)	등록일	통일	코멘트 포함관계(수식어 가감)
43	ISOPEN	VARCHAR2	9	12	2	공개구분(7) | 공개구분(1:공개, 2:부분공개, 3:비공개)(4) | [코멘트없음](1)	공개구분	통일	표기변형/음차/영문누출 차이만
44	READ_RANGE	VARCHAR2	2	12	2	열람범위(9) | 접근권한(1) | [코멘트없음](2)	열람범위	분리?	핵심명사 상이: 열람범위 / 접근권한
45	SVC_LST_UPD_DT	DATE		12	2	서비스제목최종수정일자(8) | 최종서비스업데이트일시(2) | [코멘트없음](2)	서비스제목최종수정일자	통일?	형식단어 동일(일시)·핵심어 차이 — 확인
46	SVC_LST_UPDR_ID	VARCHAR2	20	12	2	서비스제목최종수정자ID(8) | 최종서비스업데이트사용자ID(2) | [코멘트없음](2)	서비스제목최종수정자ID	통일?	형식단어 동일(ID)·핵심어 차이 — 확인
47	RFID_USE_YN	VARCHAR2	20	12	2	RFID사용여부(7) | RFID작업유무(5)	RFID사용여부	통일	표기변형/음차/영문누출 차이만
48	HP_SERVICE_YN	VARCHAR2	1	11	3	HP서비스여부(4) | 홈페이지서비스여부(3) | 포탈 홈페이지 서비스제공 대상여부(null, Y: 대상, N: 대상제외)(2) | [코멘트없음](2)	HP서비스여부	통일?	형식단어 동일(여부)·핵심어 차이 — 확인
49	REG_DT	DATE		11	4	등록일시(6) | 등록일(2) | 최종수정일자(2) | 신조어등록일시(1)	등록일시	분리?	핵심명사 상이: 등록일시 / 등록일 / 최종수정일자 / 신조어등록일시
50	ISELECTRONIC	VARCHAR2	1	11	3	전자기록물여부(7) | 전자기록물여부(RG022)(2) | 전자비전자코드(1) | [코멘트없음](1)	전자기록물여부	분리?	핵심명사 상이: 전자기록물여부 / 전자비전자코드
51	ISSERVICE	CHAR	1	11	3	서비스제목적용여부(1:적용)(6) | 서비스제목적용여부(2) | 서비스여부(1) | [코멘트없음](2)	서비스제목적용여부(1:적용)	통일?	형식단어 동일(여부)·핵심어 차이 — 확인
52	BND_TTL	VARCHAR2	750	11	3	기록물철제목(8) | 기록물철 제목(1) | 문서(철)제목(1) | [코멘트없음](1)	기록물철제목	통일?	형식단어 동일(제목)·핵심어 차이 — 확인
53	JOB_END_YN	VARCHAR2	2	11	3	작업완료여부(9) | 작업종료여부(1) | 작업완료여부(01:미처리  02:작업완료 03: 확정(공개재분류))(1)	작업완료여부	분리?	핵심명사 상이: 작업완료여부 / 작업종료여부 / 작업완료여부)
54	CLSS_DIV_ID	VARCHAR2	4	10	2	분류체계구분ID(8) | 분류체계구분(ID)(1) | [코멘트없음](1)	분류체계구분ID	통일	코멘트 포함관계(수식어 가감)
55	CHRG_USER_ID	VARCHAR2	20	10	2	담당자ID(9) | 담당자(1)	담당자ID	통일	표기변형/음차/영문누출 차이만
56	JUMINNO1	VARCHAR2	12	10	3	주민번호1(5) | 생년월일(2) | 생년월일1(1) | [코멘트없음](2)	주민번호1	분리?	핵심명사 상이: 주민번호 / 생년월일
57	APPENDSID	VARCHAR2	6	10	3	첨부파일일련번호(8) | 첨부일련번호(1) | 첨부파일련번호(1)	첨부파일일련번호	통일?	형식단어 동일(일련번호)·핵심어 차이 — 확인
58	INSUDATE	VARCHAR2	8	10	2	인수일자(8) | 이관일자(1) | [코멘트없음](1)	인수일자	통일?	형식단어 동일(일시)·핵심어 차이 — 확인
59	PRODREGNO	VARCHAR2	35	10	2	생산등록번호(7) | 생산(접수)등록번호(2) | [코멘트없음](1)	생산등록번호	통일	표기변형/음차/영문누출 차이만
60	DAMDANG	VARCHAR2	1000	10	3	기안자(업무담당자)(4) | 업무담당자(3) | 해외기록물_담당자(1) | [코멘트없음](2)	기안자(업무담당자)	분리?	핵심명사 상이: 기안자 / 업무담당자 / 해외기록물담당자
61	TUKSUKIROK	VARCHAR2	6	10	2	특수기록물(8) | 특수기록물유형(1) | [코멘트없음](1)	특수기록물	통일	코멘트 포함관계(수식어 가감)
62	SDATE	VARCHAR2	8	10	3	시작일자(6) | 인계인수일자(2) | 인수인계일자(1) | [코멘트없음](1)	시작일자	통일?	형식단어 동일(일시)·핵심어 차이 — 확인
63	SECU_CLSS_CD	VARCHAR2	2	10	2	보안분류코드(5) | 보안분류코드(RM정보->01:일반, 02:대외비, 03:3급비밀,  04:2급비밀, 05:1급비밀)(3) | [코멘트없음](2)	보안분류코드	통일	표기변형/음차/영문누출 차이만
64	SECU_CLSS_RSN	VARCHAR2	200	10	2	보안분류사유(5) | 보안분류사유(RM정보)(3) | [코멘트없음](2)	보안분류사유	통일	표기변형/음차/영문누출 차이만
65	CHECKER_ID	VARCHAR2	20	10	5	검수담당자ID(3) | 검수자ID(3) | 확인자아이디(1) | 건1차검수담당자ID(1) | 철1차검수담당자ID(1) | [코멘트없음](1)	검수담당자ID	통일?	형식단어 동일(ID)·핵심어 차이 — 확인
66	DOCYEARNO	VARCHAR2	35	10	2	기록물철등록일련번호(6) | 기록물철등록일련번호/단위과제카드ID(3) | [코멘트없음](1)	기록물철등록일련번호	통일	코멘트 포함관계(수식어 가감)
67	ORGTYPE	VARCHAR2	2	10	6	기록물유형(RG008: Z=파일(사진/필름류) 추가(4) | 원본매체(1) | 기록물 유형(1) | 기록물유형(1) | 매체유형(RG079)(1) | OGR유형(1) | [코멘트없음](1)	기록물유형(RG008: Z=파일(사진/필름류) 추가	분리?	핵심명사 상이: 기록물유형추가 / 원본매체 / 기록물유형 / 매체유형
68	CONDPAR_DT	DATE		10	2	상태평가일자(9) | 상태검사(점검)일시(1)	상태평가일자	통일?	형식단어 동일(일시)·핵심어 차이 — 확인
69	PAPER_DIV	VARCHAR2	2	10	4	복원처리서구분(7) | 페이퍼DIV(1) | 복제구분(1) | 복원처리서구분(SV088)(1)	복원처리서구분	통일?	형식단어 동일(구분)·핵심어 차이 — 확인
70	RGST_ADMIN_ID	VARCHAR2	20	9	3	등록자ID(7) | RGST운영아이디(1) | 최초등록자ID(1)	등록자ID	통일	표기변형/음차/영문누출 차이만
71	DOCQTY	NUMBER	5	9	3	권수(4) | 권수(행정박물-점수, 시청각-수량)(3) | 수량(1) | [코멘트없음](1)	권수	분리?	핵심명사 상이: 권수 / 수량
72	PM_MNG_NO	VARCHAR2	12	9	3	보존매체관리번호(4) | 장기보존매체관리번호(4) | 장기보존매체관리번호(N + 일련번호9자리 + -D:성남,-C:대전,-B:부산)(1)	보존매체관리번호	통일	코멘트 포함관계(수식어 가감)
73	REGGUBUN	VARCHAR2	1	9	4	등록구분(4) | 기록물유형(2) | 기록물유형코드(1) | 등록구분(RG059)(1) | [코멘트없음](1)	등록구분	분리?	핵심명사 상이: 등록구분 / 기록물유형 / 기록물유형코드
74	BUNRYUNO	VARCHAR2	86	9	3	기록물건등록번호(5) | 기록물건분류번호(2) | 기록물철분류번호(1) | [코멘트없음](1)	기록물건등록번호	통일?	형식단어 동일(번호)·핵심어 차이 — 확인
75	RECORD_CENTER_FLAG	VARCHAR2	2	9	2	영구보존포맷변환여부(6) | 레코드중앙FLAG(1) | [코멘트없음](2)	영구보존포맷변환여부	통일	표기변형/음차/영문누출 차이만
76	CLSS_NM	VARCHAR2	200	9	2	분류체계명(7) | 기록물명(1) | [코멘트없음](1)	분류체계명	통일?	형식단어 동일(명)·핵심어 차이 — 확인
77	REG_SEQ_NO	VARCHAR2	10	9	2	등록일련번호(5) | 구술기록등록일련번호(3) | [코멘트없음](1)	등록일련번호	통일	코멘트 포함관계(수식어 가감)
78	SREPORT_STS_BTCH_JOB_ID	VARCHAR2	26	9	2	생산현황통계일괄작업ID(8) | 생산현황통계일괄작업ID(접수년도 + 접수통계유형 + 요청일자(타임스탬프))PK(1)	생산현황통계일괄작업ID	통일	코멘트 포함관계(수식어 가감)
79	ERR_DIV	VARCHAR2	2	9	2	이상여부(5) | 이상유무(4)	이상여부	통일	표기변형/음차/영문누출 차이만
80	CHECK_CONTS	VARCHAR2	250	9	3	조치내용(6) | 조치사항(2) | 조치결과(1)	조치내용	분리?	핵심명사 상이: 조치내용 / 조치사항 / 조치결과
81	COUT_YN	VARCHAR2	2	9	2	반출의뢰여부(8) | COUT여부(1)	반출의뢰여부	통일	표기변형/음차/영문누출 차이만
82	ERROR_YN	VARCHAR2	1	8	3	에러유무(4) | 기록물점검오류여부(2) | 불량태그여부(1) | [코멘트없음](1)	에러유무	통일?	형식단어 동일(여부)·핵심어 차이 — 확인
83	FILE_DIV	VARCHAR2	2	8	4	전송파일데이터구분(4) | 기록물 형태(2) | 접수파일구분(1) | 파일구분(1)	전송파일데이터구분	분리?	핵심명사 상이: 전송파일데이터구분 / 기록물형태 / 접수파일구분 / 파일구분
84	SKL_DIV_NM	VARCHAR2	250	8	2	기능분류명(6) | SKLDIV명(1) | [코멘트없음](1)	기능분류명	통일	표기변형/음차/영문누출 차이만
85	UNDERTK_USR_ID	VARCHAR2	20	8	3	기록물인수자ID(6) | 인수자 아이디(1) | 인수자ID(1)	기록물인수자ID	통일	코멘트 포함관계(수식어 가감)
86	MEDIA_SEQNO	NUMBER	8	8	3	매체등록일련번호(5) | 이관매체등록일련번호(2) | 미디어SEQ번호(1)	매체등록일련번호	분리?	핵심명사 상이: 매체등록일련번호 / 이관매체등록일련번호 / 미디어SEQ번호
87	ISERROR	VARCHAR2	1	8	3	오류여부(4) | 보존분류오류여부(2) | 육안검수오류코드(Y:오류,N:정상,I:미확인)(1) | [코멘트없음](1)	오류여부	분리?	핵심명사 상이: 오류여부 / 보존분류오류여부 / 육안검수오류코드
88	SPAGE	NUMBER	6	8	3	페이지시작(5) | 작업시작페이지(1) | 공간(1) | [코멘트없음](1)	페이지시작	분리?	핵심명사 상이: 페이지시작 / 작업시작페이지 / 공간
89	EPAGE	NUMBER	6	8	3	페이지끝(5) | 작업끝페이지(1) | 페이지(1) | [코멘트없음](1)	페이지끝	통일	코멘트 포함관계(수식어 가감)
90	UPDATEDATE	DATE		8	2	변경일자(6) | 수정일자(2)	변경일자	통일?	형식단어 동일(일시)·핵심어 차이 — 확인
91	METHOD	VARCHAR2	1	8	2	보존방법(4) | 보존방법(1:병행보존 2:매체보존 3:원본보존)(3) | [코멘트없음](1)	보존방법	통일	표기변형/음차/영문누출 차이만
92	PLACE	VARCHAR2	1	8	2	보존장소(4) | 보존장소(1:자료관, 2:전문관리기관)(3) | [코멘트없음](1)	보존장소	통일	표기변형/음차/영문누출 차이만
93	ERRORTUKSU	VARCHAR2	1	8	3	특수목록오류여부(4) | 특수목록에러여부(2) | 오류특수(1) | [코멘트없음](1)	특수목록오류여부	분리?	핵심명사 상이: 특수목록오류여부 / 특수목록에러여부 / 오류특수
94	REC_DIV	VARCHAR2	2	8	4	접수구분(4) | 보존매체수록유형(01:MF, 02:SCAN, 03:MF+SCAN, 04:원본)(2) | 보존매체수록유형(1) | 레코딩구분(1)	접수구분	분리?	핵심명사 상이: 접수구분 / 보존매체수록유형 / 레코딩구분
95	INSPEC_DT	DATE		8	2	조사일자(7) | 검사일시(1)	조사일자	통일?	형식단어 동일(일시)·핵심어 차이 — 확인
96	REQ_NO	VARCHAR2	10	8	4	복원의뢰서번호(4) | 보존처리의뢰서번호(2) | 소요번호(1) | 요청번호(1)	복원의뢰서번호	통일?	형식단어 동일(번호)·핵심어 차이 — 확인
97	DEPO_PLACE	VARCHAR2	2	8	2	보관장소(6) | 보관장소(SV019)(2)	보관장소	통일	표기변형/음차/영문누출 차이만
98	OD_SEQNO	NUMBER	8	8	2	매체등록일련번호(7) | OD매체등록일련번호(1)	매체등록일련번호	통일	코멘트 포함관계(수식어 가감)
99	SCHE_SEQ_NO	NUMBER		7	4	SCHE순번번호(3) | 스케줄링일련번호(2) | 스케줄번호(1) | 스캐줄일련번호(1)	SCHE순번번호	분리?	핵심명사 상이: 스케줄링일련번호 / 스케줄번호 / 스캐줄일련번호
100	ALEROKEY	VARCHAR2	35	7	2	ALEROKEY(4) | 알레로키(2) | [코멘트없음](1)	ALEROKEY	통일	표기변형/음차/영문누출 차이만
101	REPORT_YN	VARCHAR2	1	7	3	통보상태구분(5) | 기록물 신고 여부(1) | 통보상태구분(RG066)( 0:통보전, 2:통보후)(1)	통보상태구분	분리?	핵심명사 상이: 통보상태구분 / 기록물신고여부
102	GRP_STRUC_COD	VARCHAR2	7	7	3	그룹조직코드(4) | 소속부서코드(2) | 발행조직코드(1)	그룹조직코드	통일?	형식단어 동일(코드)·핵심어 차이 — 확인
103	DEL_YN	CHAR	1	7	2	삭제여부(5) | 예비삭제 플래그(1) | [코멘트없음](1)	삭제여부	분리?	핵심명사 상이: 삭제여부 / 예비삭제플래그
104	HIGH_CPDIV_COD	VARCHAR2	35	7	2	상위기능분류코드(5) | 높이CPDIV코드(1) | [코멘트없음](1)	상위기능분류코드	통일	표기변형/음차/영문누출 차이만
105	PERIODCD	VARCHAR2	2	7	2	발간주기코드(6) | 발간주기코드(RG028)(1)	발간주기코드	통일	표기변형/음차/영문누출 차이만
106	OPENLIMIT	VARCHAR2	1000	7	2	공개제한부분표시(6) | 비공개사유(1)	공개제한부분표시	분리?	핵심명사 상이: 공개제한부분표시 / 비공개사유
107	ORGTYPE	VARCHAR2	50	7	2	기록물유형(4) | OGR유형(2) | [코멘트없음](1)	기록물유형	통일	표기변형/음차/영문누출 차이만
108	ISCHECK	VARCHAR2	1	7	2	검사여부(5) | 검수여부(1) | [코멘트없음](1)	검사여부	통일?	형식단어 동일(여부)·핵심어 차이 — 확인
109	ELECFILENO	NUMBER	6	7	2	전자파일갯수(5) | 전자파일개수(1) | [코멘트없음](1)	전자파일갯수	통일?	형식단어 동일(수)·핵심어 차이 — 확인
110	BOKWANBOXNO	VARCHAR2	21	7	3	보관상자번호(4) | 상자번호(1) | 복원박스번호(1) | [코멘트없음](1)	보관상자번호	통일?	형식단어 동일(번호)·핵심어 차이 — 확인
111	OLDKIKWANCODE	VARCHAR2	10	7	2	구기록물처리과코드(5) | 소장기관(1) | [코멘트없음](1)	구기록물처리과코드	분리?	핵심명사 상이: 구기록물처리과코드 / 소장기관
112	INSUYEAR	VARCHAR2	4	7	3	수집년도(3) | 인수년도(2) | 이관년도(1) | [코멘트없음](1)	수집년도	통일?	형식단어 동일(년도)·핵심어 차이 — 확인
113	ERRORBOJON	VARCHAR2	1	7	2	보존분류오류여부(5) | 오류보존(1) | [코멘트없음](1)	보존분류오류여부	분리?	핵심명사 상이: 보존분류오류여부 / 오류보존
114	ERRORETC	VARCHAR2	1	7	2	기타오류여부(5) | 오류기타(1) | [코멘트없음](1)	기타오류여부	분리?	핵심명사 상이: 기타오류여부 / 오류기타
115	BND_TTL	VARCHAR2	500	7	3	기록물철제목(5) | 기록물철 제목(1) | 철제목(1)	기록물철제목	통일	코멘트 포함관계(수식어 가감)
116	TRANS_DT	DATE		7	3	이송일자(4) | 문서보존포맷변환일자(2) | 변환일시(1)	이송일자	통일?	형식단어 동일(일시)·핵심어 차이 — 확인
117	LINE_NO	VARCHAR2	20	7	2	목록라인번호(5) | 라인번호(2)	목록라인번호	통일	코멘트 포함관계(수식어 가감)
118	SEQNO	NUMBER	12	7	3	일련번호(5) | 접수일련번호(1) | 이력순번(1)	일련번호	통일	코멘트 포함관계(수식어 가감)
119	TBSID	VARCHAR2	12	7	2	임시기본목록SID(6) | 임시기록물 철번호(1)	임시기본목록SID	분리?	핵심명사 상이: 임시기본목록SID / 임시기록물철번호
120	STAT	VARCHAR2	2	7	4	매체상태(4) | DVD상태(1) | 스탯(1) | 상태(1)	매체상태	분리?	핵심명사 상이: 매체상태 / 스탯 / 상태
121	RECP_ID	VARCHAR2	32	7	2	접수ID(6) | 수령인아이디(1)	접수ID	통일	표기변형/음차/영문누출 차이만
122	EXAM_SEQ_NO	NUMBER	6	7	4	검토일련번호(3) | 공개검토일련번호(2) | 검토순번(1) | EXAM순번번호(1)	검토일련번호	통일	코멘트 포함관계(수식어 가감)
123	REG_SEQNO	NUMBER	8	7	3	기능어등록일련번호(4) | 색인어등록일련번호(2) | 등록일련번호(1)	기능어등록일련번호	통일	코멘트 포함관계(수식어 가감)
124	FILE_SIZE	NUMBER	10	7	2	파일크기(5) | 파일사이즈(2)	파일크기	통일	표기변형/음차/영문누출 차이만
125	REPLICA_NO	VARCHAR2	12	7	2	M/F복제번호(4) | M/F복제처리서번호(3)	M/F복제번호	통일?	형식단어 동일(번호)·핵심어 차이 — 확인
126	STG_ID	VARCHAR2	10	6	2	스토리지ID(5) | 저장매체 장비ID(1)	스토리지ID	통일?	형식단어 동일(ID)·핵심어 차이 — 확인
127	DISU_YN	VARCHAR2	2	6	2	폐지여부(3) | 폐지여부(0:현존, 1:폐지)(3)	폐지여부	통일	표기변형/음차/영문누출 차이만
128	SEQNO	NUMBER	4	6	4	이력일련번호(3) | 순번(1) | 기능어이력순번(1) | 색인어이력순번(1)	이력일련번호	통일	코멘트 포함관계(수식어 가감)
129	OBJ_ST_DT	VARCHAR2	14	6	2	과제시작일시(4) | 항목ST일시(1) | [코멘트없음](1)	과제시작일시	통일?	형식단어 동일(일시)·핵심어 차이 — 확인
130	OBJ_ED_DT	VARCHAR2	14	6	2	과제종료일시(4) | 항목ED일시(1) | [코멘트없음](1)	과제종료일시	통일?	형식단어 동일(일시)·핵심어 차이 — 확인
131	ORG_NM	VARCHAR2	120	6	5	소속기관명(2) | ORG명(1) | 매체(1) | 기구명(1) | 기관명(1)	소속기관명	분리?	핵심명사 상이: 소속기관명 / 매체 / 기구명 / 기관명
132	USR_NM	VARCHAR2	60	6	2	사용자명(5) | 유저명(1)	사용자명	통일?	형식단어 동일(명)·핵심어 차이 — 확인
133	FROM_YMD	VARCHAR2	8	6	4	출처일자(3) | 기관/단체:생성일, 인명:출생일, 사건:발생일(1) | 생성일(1) | 관계기관생성일(1)	출처일자	분리?	핵심명사 상이: 출처일자 / 기관단체 / 생성일 / 관계기관생성일
134	TO_YMD	VARCHAR2	8	6	4	TO일자(3) | 기관/단체:폐지일, 인명:사망일, 사건:발생일(1) | 폐지일(1) | 관계기관폐지일.(1)	TO일자	분리?	핵심명사 상이: 기관단체 / 폐지일 / 관계기관폐지일
135	INSPEC_CONTS	VARCHAR2	250	6	2	조사내용(5) | 조사내용(INSPEC_CD='23' AND INSPEC_ITEM_CD='08' 일때 매체수록구분 코드값이 들어옴)(1)	조사내용	통일	표기변형/음차/영문누출 차이만
136	MIGR_MNG_NO	VARCHAR2	14	6	2	이전매체관리번호(4) | 매체이전관리번호(2)	이전매체관리번호	통일?	형식단어 동일(관리번호)·핵심어 차이 — 확인
137	RECLASS_DIV	VARCHAR2	2	6	4	재분류유형(3) | 재변환구분코드(1) | 재분류구분(02:보존기간재분류)(1) | 재분류구분(SV078)(1)	재분류유형	분리?	핵심명사 상이: 재분류유형 / 재변환구분코드 / 재분류구분
138	MUNSEONO	VARCHAR2	240	6	2	문서번호(해외기록물: 원문서번호, 보상대장: 지가증권번호)(4) | 문서번호(1) | [코멘트없음](1)	문서번호(해외기록물: 원문서번호, 보상대장: 지가증권번호)	통일	표기변형/음차/영문누출 차이만
139	JUMINNO2_BAK	VARCHAR2	11	6	3	주민번호2(3) | 주민번호2백업(1) | 생년월일2(1) | [코멘트없음](1)	주민번호2	분리?	핵심명사 상이: 주민번호 / 주민번호백업 / 생년월일
140	SCALE	VARCHAR2	20	6	2	축척(4) | 스케일(1) | [코멘트없음](1)	축척	분리?	핵심명사 상이: 축척 / 스케일
141	BND_STAT	VARCHAR2	1	6	3	기록물철상태(0:확인 2:의뢰 3:반려 4:인수 5:스케줄링 6:반출 7:반입)(3) | 매체류상태(1) | 기록물철상태(1) | [코멘트없음](1)	기록물철상태(0:확인 2:의뢰 3:반려 4:인수 5:스케줄링 6:반출 7:반입)	통일?	형식단어 동일(상태)·핵심어 차이 — 확인
142	OLDDOCNO	VARCHAR2	75	6	2	구기록물문서번호(4) | 구문서번호(1) | [코멘트없음](1)	구기록물문서번호	통일?	형식단어 동일(번호)·핵심어 차이 — 확인
143	ACQDATE	VARCHAR2	8	6	2	입수일자(4) | 수집일자(1) | [코멘트없음](1)	입수일자	통일?	형식단어 동일(일시)·핵심어 차이 — 확인
144	FILESNO_ORI	VARCHAR2	100	6	3	구문서번호(도면번호), 원문서번호(3) | 구문서번호(1) | 원문서번호(1) | [코멘트없음](1)	구문서번호(도면번호), 원문서번호	통일	코멘트 포함관계(수식어 가감)
145	MFSNO	NUMBER	7	6	2	구M/F 번호(3) | 구MF번호(2) | [코멘트없음](1)	구M/F 번호	통일	표기변형/음차/영문누출 차이만
146	TITLE_COL	VARCHAR2	180	6	2	콜렉션명(4) | 해외기록물_콜렉션명(1) | [코멘트없음](1)	콜렉션명	통일	코멘트 포함관계(수식어 가감)
147	BOXWSIZE	NUMBER	5	6	2	상자가로(4) | 박스사이즈(무게)(1) | [코멘트없음](1)	상자가로	분리?	핵심명사 상이: 상자가로 / 박스사이즈
148	BOXLSIZE	NUMBER	5	6	2	상자세로(4) | 박스사이즈(길이)(1) | [코멘트없음](1)	상자세로	분리?	핵심명사 상이: 상자세로 / 박스사이즈
149	BOXHSIZE	NUMBER	5	6	2	상자높이(4) | 박스사이즈(높이)(1) | [코멘트없음](1)	상자높이	분리?	핵심명사 상이: 상자높이 / 박스사이즈
150	BOXWEIGHT	NUMBER	10,3	6	2	상자무게(4) | 박스무게(1) | [코멘트없음](1)	상자무게	통일?	형식단어 동일(무게)·핵심어 차이 — 확인
151	HANGJONG_TYPEGUBUN	VARCHAR2	3	6	2	행정박물 유형구분(4) | 행정박물유형(1) | [코멘트없음](1)	행정박물 유형구분	통일	코멘트 포함관계(수식어 가감)
152	CHOICE_DIV	VARCHAR2	2	6	2	민간기록물-선정구분(01:지정기록물,02:위탁기록물)(3) | 민간기록물_선정구분(2) | [코멘트없음](1)	민간기록물-선정구분(01:지정기록물,02:위탁기록물)	통일?	형식단어 동일(구분)·핵심어 차이 — 확인
153	SERVICE_BND_TTL	VARCHAR2	750	6	3	서비스용제목(기통검)(3) | 서비스철제목(1) | 서비스제목(1) | [코멘트없음](1)	서비스용제목(기통검)	통일?	형식단어 동일(제목)·핵심어 차이 — 확인
154	PRODKIKAN	VARCHAR2	2	6	2	제공기관(3) | 보존기간(생산시)(2) | [코멘트없음](1)	제공기관	분리?	핵심명사 상이: 제공기관 / 보존기간
155	LANGUAGE_INFO	VARCHAR2	300	6	2	기록언어명(4) | 언어정보(1) | [코멘트없음](1)	기록언어명	분리?	핵심명사 상이: 기록언어명 / 언어정보
156	MEDIA_INFO	VARCHAR2	300	6	2	추가보관매체정보(4) | 미디어정보(1) | [코멘트없음](1)	추가보관매체정보	통일?	형식단어 동일(정보)·핵심어 차이 — 확인
157	REQ_DT	DATE		6	2	요청일자(4) | 요청일(2)	요청일자	통일	코멘트 포함관계(수식어 가감)
158	ADD_FILE_NM	VARCHAR2	300	6	2	첨부파일명(4) | 원문FILE명(2)	첨부파일명	통일	표기변형/음차/영문누출 차이만
159	TRANSYEAR	VARCHAR2	100	6	4	이관년도(3) | 접수년도(1) | 번역년도(1) | 점검년도(1)	이관년도	통일?	형식단어 동일(년도)·핵심어 차이 — 확인
160	DHOUSECODE	VARCHAR2	100	6	3	기관코드(4) | 기관번호(1) | DHOUSE코드(1)	기관코드	분리?	핵심명사 상이: 기관코드 / 기관번호
161	DOCTYPE	VARCHAR2	10	6	2	기록물구분코드(RG143)(4) | 기록물구분코드(2)	기록물구분코드(RG143)	통일	표기변형/음차/영문누출 차이만
162	EXAM_YEAR	VARCHAR2	4	6	3	검토년도(3) | 공개검토년도(2) | EXAM년도(1)	검토년도	통일	코멘트 포함관계(수식어 가감)
163	FILE_NAME	VARCHAR2	100	5	4	이미지파일명(1) | 파일명(1) | NEO 첨부 파일명(1) | 파일이름(1) | [코멘트없음](1)	이미지파일명	분리?	핵심명사 상이: 이미지파일명 / 파일명 / NEO첨부파일명 / 파일이름
164	REMARK	VARCHAR2	1000	5	3	비고(3) | 의견(1) | 표지(1)	비고	분리?	핵심명사 상이: 비고 / 의견 / 표지
165	USE_YN	CHAR	1	5	2	사용여부(3) | 사용유무(1) | [코멘트없음](1)	사용여부	통일	표기변형/음차/영문누출 차이만
166	VIRUS_CHECK_YN	VARCHAR2	1	5	2	백신검사유무(2) | 에러유무(2) | [코멘트없음](1)	백신검사유무	통일?	형식단어 동일(여부)·핵심어 차이 — 확인
167	WORK_DT	DATE		5	2	작업일시(4) | 근무일시(1)	작업일시	통일?	형식단어 동일(일시)·핵심어 차이 — 확인
168	SECRET_ORGNM	VARCHAR2	120	5	2	기관명(폐쇄기관용)(4) | 비밀ORGNM(1)	기관명(폐쇄기관용)	통일	표기변형/음차/영문누출 차이만
169	SKL_DIV_STEP	CHAR	1	5	2	기능분류단계(3) | SKLDIV단계(1) | [코멘트없음](1)	기능분류단계	통일	표기변형/음차/영문누출 차이만
170	UNT_SBJ_SUMM	VARCHAR2	250	5	2	단위과제개요(3) | UNTSBJ합계(1) | [코멘트없음](1)	단위과제개요	통일	표기변형/음차/영문누출 차이만
171	STUTE_GRUND	VARCHAR2	250	5	2	법령근거(3) | STUTEGRUND(1) | [코멘트없음](1)	법령근거	통일	표기변형/음차/영문누출 차이만
172	UNI_ORG_SCT	VARCHAR2	2	5	3	통합기관코드구분(CM081 => 1, NULL:행정표준기관(CM_GOV_ORGAN), 2:구기록물기관것(CM_OLDGOV_ORGAN), 3:GCC미등록기관(CM_SELF_ORGAN), 4:총독부기관, 5:공공기관, 6:해외기관, 7:민간)(2) | 통합기관구분(CM081 => 1:행정표준기관(CM_GOV_ORGAN), 2:구기록물기관것(CM_OLDGOV_ORGAN), 3:GCC미등록기관(CM_SELF_ORGAN), 4:총독부기관, 5:공공기관, 6:해외기관, 7:민간)(1) | UNIORGSCT(1) | [코멘트없음](1)	통합기관코드구분(CM081 => 1, NULL:행정표준기관(CM_GOV_ORGAN), 2:구기록물기관것(CM_OLDGOV_ORGAN), 3:GCC미등록기관(CM_SELF_ORGAN), 4:총독부기관, 5:공공기관, 6:해외기관, 7:민간)	통일?	형식단어 동일(구분)·핵심어 차이 — 확인
173	TRM_ID	NUMBER		5	4	색인어용어 ID(시소러스)(2) | 기능어 ID(시소러스)(1) | 색인어ID(시소러스)(1) | 기능어용어 ID(시소러스)(1)	색인어용어 ID(시소러스)	통일?	형식단어 동일(ID)·핵심어 차이 — 확인
174	CONF_USR_ID	VARCHAR2	20	5	2	확인자ID(4) | CONF유저아이디(1)	확인자ID	통일	표기변형/음차/영문누출 차이만
175	REASON	VARCHAR2	200	5	2	미반입사유(4) | 폐간사유(1)	미반입사유	통일?	형식단어 동일(사유)·핵심어 차이 — 확인
176	FILE_NM	VARCHAR2	300	5	2	파일명(3) | 파일명(첨부파일명)(2)	파일명	통일	표기변형/음차/영문누출 차이만
177	STATUS	VARCHAR2	2	5	2	작업구분(3) | 상태(2)	작업구분	분리?	핵심명사 상이: 작업구분 / 상태
178	FORMCD	VARCHAR2	2	5	2	형태구분코드(4) | 형태구분코드(RG044)(1)	형태구분코드	통일	표기변형/음차/영문누출 차이만
179	JIMOK	VARCHAR2	40	5	2	총독부지목(3) | 지목(1) | [코멘트없음](1)	총독부지목	통일	코멘트 포함관계(수식어 가감)
180	PDF_A1_TRANS_FLAG	VARCHAR2	2	5	2	문서영구보존포맷변환여부(3) | PDFA1변환FLAG(1) | [코멘트없음](1)	문서영구보존포맷변환여부	통일	표기변형/음차/영문누출 차이만
181	SERVICE_JEMOK	VARCHAR2	850	5	2	서비스용제목(기통검)(3) | 서비스제목(1) | [코멘트없음](1)	서비스용제목(기통검)	통일?	형식단어 동일(제목)·핵심어 차이 — 확인
182	ERRORNOACTUALOBJ	VARCHAR2	1	5	3	비전자 실물없는오류(2) | 오류비존재오브젝트(1) | 비전자기록물실물오류여부(1) | [코멘트없음](1)	비전자 실물없는오류	분리?	핵심명사 상이: 비전자실물없는오류 / 오류비존재오브젝트 / 비전자기록물실물오류여부
183	DAMDANG	VARCHAR2	60	5	3	기안자(업무담당자)(2) | 업무담당자(2) | 업무 담당자(1)	기안자(업무담당자)	분리?	핵심명사 상이: 기안자 / 업무담당자
184	FRCHASU	NUMBER	4	5	2	시작회차(국무회의록 전용)(3) | 국무회의록_시작회차(1) | [코멘트없음](1)	시작회차(국무회의록 전용)	통일	코멘트 포함관계(수식어 가감)
185	TOCHASU	NUMBER	4	5	2	종료회차(국무회의록 전용)(3) | 국무회의록_종료회차(1) | [코멘트없음](1)	종료회차(국무회의록 전용)	통일	코멘트 포함관계(수식어 가감)
186	SCAN_FSH	VARCHAR2	1	5	2	스캐닝완료여부(Y:완료)(3) | 스캔FSH(1) | [코멘트없음](1)	스캐닝완료여부(Y:완료)	통일	표기변형/음차/영문누출 차이만
187	MF_FSH	VARCHAR2	1	5	2	M/F촬영완료여부(1:완료)(3) | MFFSH(1) | [코멘트없음](1)	M/F촬영완료여부(1:완료)	통일	표기변형/음차/영문누출 차이만
188	DANWICODE	VARCHAR2	8	5	2	단위업무코드-삭제대상(3) | 단위업무코드(1) | [코멘트없음](1)	단위업무코드-삭제대상	통일	코멘트 포함관계(수식어 가감)
189	BOX_TYPE	VARCHAR2	1	5	2	상자구분(1:보존상자(소), 2:보존상상(대), 3:제작상자)(3) | 상자유형(1) | [코멘트없음](1)	상자구분(1:보존상자(소), 2:보존상상(대), 3:제작상자)	분리?	핵심명사 상이: 상자구분 / 상자유형
190	DISCRIPTION	CLOB	4000	5	2	내용요약정보(3) | 기술내용(내용요약정보)(1) | [코멘트없음](1)	내용요약정보	분리?	핵심명사 상이: 내용요약정보 / 기술내용
191	ARC_EQU_COD	VARCHAR2	2	5	2	전거레코드EQU코드(3) | 보존시설코드(2)	전거레코드EQU코드	통일?	형식단어 동일(코드)·핵심어 차이 — 확인
192	MEDIA_DIV	VARCHAR2	2	5	2	매체구분(3) | 미디어DIV(2)	매체구분	통일	표기변형/음차/영문누출 차이만
193	REG_ID	VARCHAR2	40	4	2	등록자아이디(3) | 등록아이디(1)	등록자아이디	통일?	형식단어 동일(ID)·핵심어 차이 — 확인
194	BYTYPE	CHAR	2	4	2	내용별(2) | BYTYPE(2)	내용별	통일	표기변형/음차/영문누출 차이만
195	BYTYPE_MAESU	NUMBER		4	2	유형별청구매수(2) | BYTYPE매수(2)	유형별청구매수	통일	표기변형/음차/영문누출 차이만
196	CHECK_END_DATE	VARCHAR2	14	4	3	기록물점검완료일시(2) | 확인종료날짜(1) | 점검완료일(1)	기록물점검완료일시	분리?	핵심명사 상이: 기록물점검완료일시 / 확인종료날짜 / 점검완료일
197	FILE_NM	VARCHAR2	256	4	2	파일명(기록물)(2) | 파일명(2)	파일명(기록물)	통일	표기변형/음차/영문누출 차이만
198	FILE_SIZE	NUMBER	20	4	3	기록물파일크기(2) | 파일사이즈(1) | 파일크기(1)	기록물파일크기	통일	코멘트 포함관계(수식어 가감)
199	POSS_CNTR	VARCHAR2	3	4	3	소장국가(CM_FOREIGN)(2) | 소장국가(RG025)(1) | 소장국가(1)	소장국가(CM_FOREIGN)	통일	표기변형/음차/영문누출 차이만
200	PROD_ORG_COD	VARCHAR2	10	4	2	기관코드(2) | 생산기관코드(2)	기관코드	통일	코멘트 포함관계(수식어 가감)
201	REG_DATE	VARCHAR2	8	4	2	요청일자(2) | 등록일자(2)	요청일자	통일?	형식단어 동일(일시)·핵심어 차이 — 확인
202	NOTICE_DT	DATE		4	3	고시일(2) | 공지일시(1) | 요청일시(1)	고시일	분리?	핵심명사 상이: 고시일 / 공지일시 / 요청일시
203	CONF_DT	DATE		4	2	확인일자(3) | CONF일시(1)	확인일자	통일	표기변형/음차/영문누출 차이만
204	REQ_DATE	DATE		4	2	소요날짜(2) | 요청일시(2)	소요날짜	통일?	형식단어 동일(일시)·핵심어 차이 — 확인
205	REQNAME	VARCHAR2	400	4	2	인계자이름(3) | 신청자이름(1)	인계자이름	통일?	형식단어 동일(이름)·핵심어 차이 — 확인
206	TITLE	VARCHAR2	750	4	2	간행물제목(3) | 제목(1)	간행물제목	통일	코멘트 포함관계(수식어 가감)
207	FORGTYPE	VARCHAR2	3	4	2	FORG유형(2) | FORGTYPE(1) | [코멘트없음](1)	FORG유형	통일	표기변형/음차/영문누출 차이만
208	BON_DIGT_YN	VARCHAR2	1	4	2	BONDIGITAL철여부(2) | 본디지털여부(1) | [코멘트없음](1)	BONDIGITAL철여부	통일	표기변형/음차/영문누출 차이만
209	DISCRIPTION	VARCHAR2	4000	4	2	내용요약정보(3) | 내용요약(1)	내용요약정보	통일	코멘트 포함관계(수식어 가감)
210	BOOKPAGE	VARCHAR2	20	4	2	쪽수(3) | 페이지번호(1)	쪽수	분리?	핵심명사 상이: 쪽수 / 페이지번호
211	TRANS_NO	VARCHAR2	100	4	2	이관번호(2) | 접수번호(2)	이관번호	통일?	형식단어 동일(번호)·핵심어 차이 — 확인
212	DHOUSE_GUBUN	VARCHAR2	2	4	2	접수처시스템구분( 04:기록관, 05:자료관, 08:목록관리, 09:기타(XLS) )(3) | 접수처시스템구분(RG053)(1)	접수처시스템구분( 04:기록관, 05:자료관, 08:목록관리, 09:기타(XLS) )	통일	코멘트 포함관계(수식어 가감)
213	RCV_FILENM	VARCHAR2	200	4	4	수신파일명(1) | RCV파일명(1) | 오류파일정보(1) | 접수파일명(1)	수신파일명	분리?	핵심명사 상이: 수신파일명 / 오류파일정보 / 접수파일명
214	RECEIPTNO	VARCHAR2	6	4	2	접수번호(2) | 수령번호(2)	접수번호	통일?	형식단어 동일(번호)·핵심어 차이 — 확인
215	ERROR_LEVEL	VARCHAR2	20	4	2	오류레벨(3) | 에러레벨(1)	오류레벨	통일?	형식단어 동일(레벨)·핵심어 차이 — 확인
216	TYPE	CHAR	1	4	2	유형(3) | 에러분류(1)	유형	분리?	핵심명사 상이: 유형 / 에러분류
217	MEDIA_NM	VARCHAR2	120	4	2	매체이름(3) | 매체명(1)	매체이름	분리?	핵심명사 상이: 매체이름 / 매체명
218	NF_FILE_ID	VARCHAR2	15	4	2	영구보존파일ID(3) | 변환파일ID(1)	영구보존파일ID	통일?	형식단어 동일(ID)·핵심어 차이 — 확인
219	STAT_CODE	VARCHAR2	8	4	2	스탯코드(3) | 업로드처리상태코드(1)	스탯코드	통일?	형식단어 동일(코드)·핵심어 차이 — 확인
220	CTGR_SEQ	NUMBER		4	2	영역분류고유번호(2) | 대분류고유번호(2)	영역분류고유번호	통일?	형식단어 동일(번호)·핵심어 차이 — 확인
221	INSPEC_USR_ID	VARCHAR2	20	4	2	조사자ID(3) | 검사유저아이디(1)	조사자ID	통일	표기변형/음차/영문누출 차이만
222	TEMP_YN	CHAR	1	4	2	임시서고여부(3) | 임시저장여부(1)	임시서고여부	통일?	형식단어 동일(여부)·핵심어 차이 — 확인
223	INSPEC_USR_ID	VARCHAR2	30	4	2	조사자ID(3) | 상태검사(점검)조사자ID(1)	조사자ID	통일	표기변형/음차/영문누출 차이만
224	PROC_DIV	VARCHAR2	2	4	4	처리분류(SV147)(1) | 처리구분(SV070):01=소독, 02=탈산, 03=제본, 05=보존기간재분류 폐기처리(비전자), 06=시청각처리(1) | 처리구분:01=소독, 02=탈산, 03=제본, 05=보존기간재분류 폐기처리(비전자), 06=시청각처리(1) | 복원작업구분(SV152)(1)	처리분류(SV147)	분리?	핵심명사 상이: 처리분류 / 처리구분 / 복원작업구분
225	RECLASS_DT	DATE		4	2	재분류일자(2) | 공개재분류일시(2)	재분류일자	통일	코멘트 포함관계(수식어 가감)
226	INFO_CONN_FLG	VARCHAR2	1	4	2	정보연결FLG(3) | 연결정보등록구분(1)	정보연결FLG	통일	표기변형/음차/영문누출 차이만
227	OCR_RST_COD	VARCHAR2	10	4	2	OCR결과코드(2) | OCRRST코드(2)	OCR결과코드	통일	표기변형/음차/영문누출 차이만
228	OCR_FILE_UPD_REQ_GBN	CHAR	2	4	2	OCR파일수정요청구분(US096)(2) | OCR파일UPD소요GBN(2)	OCR파일수정요청구분(US096)	통일	표기변형/음차/영문누출 차이만
229	REC_USR_ID	VARCHAR2	20	4	2	수록자ID(3) | 수록담당자(1)	수록자ID	통일	표기변형/음차/영문누출 차이만
230	REC_SIZE	VARCHAR2	10	4	2	수록용량(3) | 수록 SIZE(1)	수록용량	통일	표기변형/음차/영문누출 차이만
231	WORD_SEQ	NUMBER	4	4	2	기능어순번(3) | 색인어순번(1)	기능어순번	통일?	형식단어 동일(일련번호)·핵심어 차이 — 확인
232	END_DT	DATE		4	3	처리기간_끝(2) | 스케쥴 완료일시(1) | 처리종료일자(1)	처리기간_끝	분리?	핵심명사 상이: 처리기간끝 / 스케쥴완료일시 / 처리종료일자
233	PROC_USR_ID	VARCHAR2	20	4	2	처리자ID(3) | 복원처리자ID(1)	처리자ID	통일	표기변형/음차/영문누출 차이만
234	PROC_DT	DATE		4	2	보존처리일자(3) | 처리일자(1)	보존처리일자	통일	코멘트 포함관계(수식어 가감)
235	BF_ARCHIVE_KEY	VARCHAR2	32	4	3	처리전 ALERO 아카이브키(2) | 이전 Alero 아카이브키(1) | 복원 전 이미지(1)	처리전 ALERO 아카이브키	분리?	핵심명사 상이: 처리전ALERO아카이브키 / 복원전이미지
236	AF_ARCHIVE_KEY	VARCHAR2	32	4	3	처리후 ALERO 아카이브키(2) | 이후 Alero 아카이브키(1) | 복원 후 이미지(1)	처리후 ALERO 아카이브키	분리?	핵심명사 상이: 처리후ALERO아카이브키 / 복원후이미지
237	TRANS_USR_ID	VARCHAR2	20	4	2	이송담당자(2) | 이송담당자ID(2)	이송담당자	통일	코멘트 포함관계(수식어 가감)
238	ENTRY_USR_ID	VARCHAR2	20	4	2	입고담당자(2) | 입고담당자ID(2)	입고담당자	통일	코멘트 포함관계(수식어 가감)
239	RECORD_CENTER_ID	VARCHAR2	7	4	2	기관코드(3) | 기관코드(CAMS-R1: 품질검사, CAMS-S1:스토리지저장, CAMS-S1:재변환)(1)	기관코드	통일	표기변형/음차/영문누출 차이만
240	DECS_NOPN_RS	VARCHAR2	250	4	2	DECSNOPNRS(2) | 결정비공개사유(2)	DECSNOPNRS	통일	표기변형/음차/영문누출 차이만
241	ORG_CODE	VARCHAR2	7	3	2	ORG코드(2) | 기관코드(1)	ORG코드	통일	표기변형/음차/영문누출 차이만
242	FILE_SIZE	NUMBER	9	3	2	파일크기(1) | NEO 첨부 파일크기(1) | [코멘트없음](1)	파일크기	통일	코멘트 포함관계(수식어 가감)
243	FILE_PATH	VARCHAR2	512	3	2	전체파일경로(2) | 파일경로(1)	전체파일경로	통일	코멘트 포함관계(수식어 가감)
244	POSS_SCT	VARCHAR2	1	3	3	소장처구분(PL001)(1) | 소장처구분(해외기관:CM082, 민간:CM083)(1) | 소장처구분(CM082)(1)	소장처구분(PL001)	통일	표기변형/음차/영문누출 차이만
245	POSS_ORG_DESC	VARCHAR2	1000	3	2	소장기관설명(2) | 소장기관설명(소장자설명)(1)	소장기관설명	통일	표기변형/음차/영문누출 차이만
246	LITR_DIV_COD	CHAR	5	3	2	문헌분류코드(2) | 리터DIV코드(1)	문헌분류코드	통일	표기변형/음차/영문누출 차이만
247	KORGN_SCT_COD	CHAR	3	3	2	한국지역구분코드(2) | 국가SCT코드(1)	한국지역구분코드	통일	표기변형/음차/영문누출 차이만
248	REG_ID	VARCHAR2	20	3	3	등록아이디(1) | 최종수정자(1) | 신조어등록자ID(1)	등록아이디	분리?	핵심명사 상이: 등록아이디 / 최종수정자 / 신조어등록자ID
249	NEXT_HORG_COD	VARCHAR2	10	3	2	차상위코드(2) | 차상위기관코드(1)	차상위코드	통일?	형식단어 동일(코드)·핵심어 차이 — 확인
250	HIGST_ORG_COD	VARCHAR2	10	3	2	최상위코드(2) | 최상위기관코드(1)	최상위코드	통일?	형식단어 동일(코드)·핵심어 차이 — 확인
251	GGD_DIV_COD	VARCHAR2	7	3	2	총독문서분류코드(2) | GGDDIV코드(1)	총독문서분류코드	통일	표기변형/음차/영문누출 차이만
252	ORG_COD_DIV	VARCHAR2	1	3	2	기관코드구분(CM081)(2) | 기관코드구분(1)	기관코드구분(CM081)	통일	표기변형/음차/영문누출 차이만
253	SYS_GBN	VARCHAR2	30	3	2	시스템GBN(1) | 접수시스템구분(1) | [코멘트없음](1)	시스템GBN	통일	표기변형/음차/영문누출 차이만
254	REQ_TYPE	VARCHAR2	1	3	2	요청구분코드(2) | 요청구분코드(1:철, 2:건(1)	요청구분코드	통일	코멘트 포함관계(수식어 가감)
255	REG_DATE	DATE		3	2	등록날짜(2) | 요청일자(1)	등록날짜	통일?	형식단어 동일(일시)·핵심어 차이 — 확인
256	REQ_TYPE	VARCHAR2	2	3	3	요청분류(KH011)(1) | 보존처리요청기록물구분(1) | 복원요청기록물구분(1)	요청분류(KH011)	분리?	핵심명사 상이: 요청분류 / 보존처리요청기록물구분 / 복원요청기록물구분
257	RECORD_TYPE	VARCHAR2	2	3	2	전거종류(KH001)(2) | 기본유형(코드KH001)(1)	전거종류(KH001)	통일?	형식단어 동일(유형)·핵심어 차이 — 확인
258	AUTHOR	VARCHAR2	150	3	2	저자명(2) | 저자(1)	저자명	통일	코멘트 포함관계(수식어 가감)
259	RELATION_CAT	VARCHAR2	4	3	2	관계CAT(2) | 1:시간,2:계층(1)	관계CAT	통일	표기변형/음차/영문누출 차이만
260	RELATION_TYPE	VARCHAR2	6	3	2	관계유형(2) | 1:이전, 2:차상위, 3 : 최상위(1)	관계유형	통일	표기변형/음차/영문누출 차이만
261	ORGAN_CODE_RELATED	VARCHAR2	10	3	2	조직코드관계(2) | 관계기관코드(1)	조직코드관계	분리?	핵심명사 상이: 조직코드관계 / 관계기관코드
262	ORGAN_NAME_RELATED	VARCHAR2	128	3	2	조직이름관계(2) | 관계기관명(1)	조직이름관계	분리?	핵심명사 상이: 조직이름관계 / 관계기관명
263	CHUL_GUN_DIV_CD	VARCHAR2	1	3	3	철건구분코드(1:철,2:건)(1) | 기록물철건구분(1: 철, 2: 건)(1) | 철건구분코드(철:1, 건:2)(1)	철건구분코드(1:철,2:건)	분리?	핵심명사 상이: 철건구분코드 / 기록물철건구분
264	EMAIL	VARCHAR2	100	3	2	사용자 E-Mail(2) | 이메일(1)	사용자 E-Mail	통일	표기변형/음차/영문누출 차이만
265	FILENAME	VARCHAR2	300	3	2	대상파일명(2) | 파일명(1)	대상파일명	통일	코멘트 포함관계(수식어 가감)
266	REQUEST_STATUS	VARCHAR2	1	3	2	작업상태(A:대기, B:변환중, C:변환완료, D:오류, E:취소)(2) | 신청상태(1)	작업상태(A:대기, B:변환중, C:변환완료, D:오류, E:취소)	통일?	형식단어 동일(상태)·핵심어 차이 — 확인
267	HASH_ALGORISM	VARCHAR2	32	3	2	해쉬알고리즘(2) | 해쉬 알고리즘(1)	해쉬알고리즘	통일	표기변형/음차/영문누출 차이만
268	DEL_ID	VARCHAR2	20	3	2	삭제자ID(2) | 삭제아이디(1)	삭제자ID	통일	표기변형/음차/영문누출 차이만
269	DEL_DATE	DATE		3	3	기록물 건 삭제일(1) | 기록물 철 삭제일(1) | 삭제일시(1)	기록물 건 삭제일	분리?	핵심명사 상이: 기록물건삭제일 / 기록물철삭제일 / 삭제일시
270	UPD_DT	DATE		3	3	변경일시(1) | 작업일시(1) | 수정일시(1)	변경일시	통일?	형식단어 동일(일시)·핵심어 차이 — 확인
271	BOOKSIZECD	VARCHAR2	1	3	2	규격코드(2) | 규격코드(RG031)(1)	규격코드	통일	표기변형/음차/영문누출 차이만
272	DATALENGCD	VARCHAR2	2	3	2	내용언어코드(2) | 내용언어코드(RG032)(1)	내용언어코드	통일	표기변형/음차/영문누출 차이만
273	STYLECD	VARCHAR2	2	3	2	유형구분코드(2) | 유형구분코드(RG034)(1)	유형구분코드	통일	표기변형/음차/영문누출 차이만
274	STORELEVEL	VARCHAR2	2	3	2	보존등급(2) | 보존등급(RG040)(1)	보존등급	통일	표기변형/음차/영문누출 차이만
275	READLEVEL	VARCHAR2	2	3	2	열람등급(2) | 열람등급(RG041)(1)	열람등급	통일	표기변형/음차/영문누출 차이만
276	STYLECD2	VARCHAR2	2	3	2	유형구분코드2(2) | 유형구분코드2(RG034)(1)	유형구분코드2	통일	표기변형/음차/영문누출 차이만
277	METHODGUBUN	VARCHAR2	2	3	2	입수구분(2) | 입수방법(RG030)(1)	입수구분	분리?	핵심명사 상이: 입수구분 / 입수방법
278	BTCH_JOB_PROC_STAT_CD	VARCHAR2	2	3	2	일괄작업처리상태코드(ST003)(2) | 일괄작업처리상태코드(01:준비중,10:처리중,20:처리완료,90:처리오류)(1)	일괄작업처리상태코드(ST003)	통일	표기변형/음차/영문누출 차이만
279	DFRVAL_PROCESS_YN	VARCHAR2	1	3	2	기계검수실시상태(2) | 기계검수실시여부(1)	기계검수실시상태	분리?	핵심명사 상이: 기계검수실시상태 / 기계검수실시여부
280	CHECK_END_DT	DATE		3	3	건1차검수종료일자(1) | 철1차검수종료일자(1) | 검사종료일시(1)	건1차검수종료일자	통일?	형식단어 동일(일시)·핵심어 차이 — 확인
281	ORGTYPE	VARCHAR2	1	3	2	기록물유형(2) | 매체유형(시청각기록물에 한함 A=녹음테이프카세트,B=녹음테이프릴 등)(1)	기록물유형	통일?	형식단어 동일(유형)·핵심어 차이 — 확인
282	DOC_PRODSYS_GUBUN	VARCHAR2	3	3	2	문서제공시스템구분(2) | 철인수상태코드(1)	문서제공시스템구분	분리?	핵심명사 상이: 문서제공시스템구분 / 철인수상태코드
283	RES_REPORT_YN	VARCHAR2	1	3	2	인수결과통보상태구분(2) | 인수결과통보상태구분 (0: 미통보, 1: 통보중, 2: 통보완료, 9: 통보실패)(1)	인수결과통보상태구분	통일	표기변형/음차/영문누출 차이만
284	INSU_YMD	VARCHAR2	8	3	2	인수일자(2) | 인수 확정일(1)	인수일자	분리?	핵심명사 상이: 인수일자 / 인수확정일
285	RECV_STR_DT	DATE		3	2	규격검사시작일(2) | 규격검사 시작일(1)	규격검사시작일	통일	표기변형/음차/영문누출 차이만
286	RECV_END_DT	DATE		3	2	규격검사종료일(2) | 규격검사 종료일(1)	규격검사종료일	통일	표기변형/음차/영문누출 차이만
287	NEOVAL_STR_DT	DATE		3	2	전자서명유효성검사시작일(2) | 전자서명유효성검사 시작일(1)	전자서명유효성검사시작일	통일	표기변형/음차/영문누출 차이만
288	NEOVAL_END_DT	DATE		3	2	전자서명유효성검사종료일(2) | 전자서명유효성검사 종료일(1)	전자서명유효성검사종료일	통일	표기변형/음차/영문누출 차이만
289	ISOLAT_STR_DT	DATE		3	2	파일추출시작일(2) | 파일추출 시작일(1)	파일추출시작일	통일	표기변형/음차/영문누출 차이만
290	ISOLAT_END_DT	DATE		3	2	파일추출종료일(2) | 파일추출 종료일(1)	파일추출종료일	통일	표기변형/음차/영문누출 차이만
291	FSTCLEAN_STR_DT	DATE		3	2	1차바이러스검사시작일(2) | 1차바이러스검사 시작일(1)	1차바이러스검사시작일	통일	표기변형/음차/영문누출 차이만
292	FSTCLEAN_END_DT	DATE		3	2	1차바이러스검사종료일(2) | 1차바이러스검사 종료일(1)	1차바이러스검사종료일	통일	표기변형/음차/영문누출 차이만
293	SNDCLEAN_STR_DT	DATE		3	2	2차바이러스검사시작일(2) | 2차바이러스검사 시작일(1)	2차바이러스검사시작일	통일	표기변형/음차/영문누출 차이만
294	SNDCLEAN_END_DT	DATE		3	2	2차바이러스검사종료일(2) | 2차바이러스검사 종료일(1)	2차바이러스검사종료일	통일	표기변형/음차/영문누출 차이만
295	VIRUSCLEAN_STR_DT	DATE		3	2	바이러스치료시작일(2) | 바이러스검사 시작일(1)	바이러스치료시작일	통일?	형식단어 동일(작일)·핵심어 차이 — 확인
296	VIRUSCLEAN_END_DT	DATE		3	2	바이러스종료시작일(2) | 바이러스검사 종료일(1)	바이러스종료시작일	분리?	핵심명사 상이: 바이러스종료시작일 / 바이러스검사종료일
297	NEODATAVAL_STR_DT	DATE		3	2	네오데이터규격검사시작일(2) | 네오데이터규격검사 시작일(1)	네오데이터규격검사시작일	통일	표기변형/음차/영문누출 차이만
298	NEODATAVAL_END_DT	DATE		3	2	네오데이터규격검사종료일(2) | 네오데이터규격검사 종료일(1)	네오데이터규격검사종료일	통일	표기변형/음차/영문누출 차이만
299	SDIV	VARCHAR2	1	3	3	인계인수구분(1) | 인수인계 구분(1) | 인계인수구분( [RG051]  0:해당없음, 1:인수, 2:인계)(1)	인계인수구분	통일?	형식단어 동일(구분)·핵심어 차이 — 확인
300	PROCESS_DT	DATE		3	2	처리일자(2) | 프로세스일시(1)	처리일자	통일?	형식단어 동일(일시)·핵심어 차이 — 확인
301	ERROR_TYPE	VARCHAR2	500	3	2	오류유형(2) | 오류유형내용(1)	오류유형	통일	코멘트 포함관계(수식어 가감)
302	ERROR_POINT	VARCHAR2	500	3	2	오류포인트(2) | ERROR_POINT(1)	오류포인트	통일	표기변형/음차/영문누출 차이만
303	DET_NO	NUMBER	3	3	2	건번호(2) | DET번호(1)	건번호	통일	표기변형/음차/영문누출 차이만
304	MEDIA_TYPE	VARCHAR2	2	3	2	서고배치형태(SV099)(2) | 매체구분(1)	서고배치형태(SV099)	분리?	핵심명사 상이: 서고배치형태 / 매체구분
305	TDSID	VARCHAR2	12	3	2	임시세부목록SID(2) | 임시기록물 건번호(1)	임시세부목록SID	분리?	핵심명사 상이: 임시세부목록SID / 임시기록물건번호
306	SKL_DIV_SYS	VARCHAR2	1000	3	2	기능분류체계(2) | SKLDIV시스템(1)	기능분류체계	통일	표기변형/음차/영문누출 차이만
307	ORGAN_YN	VARCHAR2	1	3	2	기관여부(2) | 조직여부(1)	기관여부	통일?	형식단어 동일(여부)·핵심어 차이 — 확인
308	SEND_DIV	VARCHAR2	2	3	2	통보구분(2) | 전송구분(1)	통보구분	통일?	형식단어 동일(구분)·핵심어 차이 — 확인
309	RM_ORG_DIV	VARCHAR2	2	3	2	기록관리기관구분(2) | 기록관리기관구분(SP016)(1)	기록관리기관구분	통일	표기변형/음차/영문누출 차이만
310	CREATE_DT	DATE		3	2	제정일(2) | 제정일자(1)	제정일	통일	코멘트 포함관계(수식어 가감)
311	FILE_PAT_COD	VARCHAR2	3	3	2	파일PAT코드(2) | 파일유형코드(1)	파일PAT코드	통일	표기변형/음차/영문누출 차이만
312	LANG_DIV	VARCHAR2	2	3	2	언어(2) | 언어구분(1)	언어	통일	코멘트 포함관계(수식어 가감)
313	INSPEC_ITEM_CD	VARCHAR2	2	3	2	조사항목코드(2) | 보존조치유형(SV067)(1)	조사항목코드	분리?	핵심명사 상이: 조사항목코드 / 보존조치유형
314	PAPER_NO	VARCHAR2	12	3	2	페이퍼번호(2) | 복제본번호(1)	페이퍼번호	통일?	형식단어 동일(번호)·핵심어 차이 — 확인
315	TRANS_METHOD	VARCHAR2	120	3	2	수집이관방법(2) | 변환메서드(1)	수집이관방법	분리?	핵심명사 상이: 수집이관방법 / 변환메서드
316	MEDIA_SEQNO	VARCHAR2	10	3	2	매체등록일련번호(2) | 해외매체등록일련번호(1)	매체등록일련번호	통일	코멘트 포함관계(수식어 가감)
317	REQ_USR_ID	VARCHAR2	30	3	3	의뢰자ID(1) | 보존처리요청자ID(1) | 복원요청자ID(1)	의뢰자ID	통일?	형식단어 동일(ID)·핵심어 차이 — 확인
318	STG_DIV	VARCHAR2	2	3	2	스토리지구분(2) | 스토리지구분 (01:활용,02:보존,03:작업)(1)	스토리지구분	통일	표기변형/음차/영문누출 차이만
319	RET_YN	VARCHAR2	1	3	2	정리인수반려여부 0 : 의뢰, 1 : 반려, 2 : 인수(2) | RET여부(1)	정리인수반려여부 0 : 의뢰, 1 : 반려, 2 : 인수	통일	표기변형/음차/영문누출 차이만
320	REQ_USR_ID	VARCHAR2	20	3	2	의뢰자ID(2) | 복원요청자ID(1)	의뢰자ID	통일	표기변형/음차/영문누출 차이만
321	REQ_PURPOSE	VARCHAR2	2	3	2	반출목적(US002)(2) | 반출목적(1)	반출목적(US002)	통일	표기변형/음차/영문누출 차이만
322	DELUSER	VARCHAR2	20	3	2	삭제자ID(2) | 삭제자(1)	삭제자ID	통일	표기변형/음차/영문누출 차이만
323	TERM_ID	NUMBER	10	3	2	시소러스 용어ID(2) | 시로러스 용어ID(1)	시소러스 용어ID	통일?	형식단어 동일(ID)·핵심어 차이 — 확인
324	STATUS	CHAR	1	3	2	상태(I:등록,M:수정,:C:검증,D:삭제)(2) | 상태(1)	상태(I:등록,M:수정,:C:검증,D:삭제)	통일	표기변형/음차/영문누출 차이만
325	NOPN_RS_COD	VARCHAR2	2	3	2	NOPNRS코드(2) | 비공개사유코드(1)	NOPNRS코드	통일	표기변형/음차/영문누출 차이만
326	APPROVAL_DT	DATE		2	2	결재상신_일시(1) | 시소러스이관일시(1)	결재상신_일시	통일?	형식단어 동일(일시)·핵심어 차이 — 확인
327	CHECK_STAT_CD	VARCHAR2	1	2	2	기록물점검작업구분(1) | 기록물점검작업구분(R:대기, I:점검중, F:점검완료)(1)	기록물점검작업구분	통일	표기변형/음차/영문누출 차이만
328	CHECK_STRT_DATE	VARCHAR2	14	2	2	기록물 점검 시작  일시(1) | 확인개시날짜(1)	기록물 점검 시작  일시	통일?	형식단어 동일(일시)·핵심어 차이 — 확인
329	ERROR_MSG	VARCHAR2	500	2	2	기록물 오류 내용(1) | 오류메세지(1)	기록물 오류 내용	분리?	핵심명사 상이: 기록물오류내용 / 오류메세지
330	RECOVER_DATE	VARCHAR2	14	2	2	기록물 복구 일시(1) | 기록물복구일시(1)	기록물 복구 일시	통일	표기변형/음차/영문누출 차이만
331	IMPORTANT_DESC	VARCHAR2	500	2	2	주요설명(1) | 주요내용(1)	주요설명	분리?	핵심명사 상이: 주요설명 / 주요내용
332	BEFORE_DESC_CLASS_FNM	VARCHAR2	250	2	2	변경전분류명(1) | 변경전전체분류명(1)	변경전분류명	통일?	형식단어 동일(명)·핵심어 차이 — 확인
333	AFTER_DESC_CLASS_FNM	VARCHAR2	250	2	2	변경후분류명(1) | 변경후전체분류명(1)	변경후분류명	통일?	형식단어 동일(명)·핵심어 차이 — 확인
334	BEFORE_DESC_CLASS_FID	VARCHAR2	50	2	2	변경전참조코드(1) | 변경전전체분류ID(1)	변경전참조코드	분리?	핵심명사 상이: 변경전참조코드 / 변경전전체분류ID
335	AFTER_DESC_CLASS_FID	VARCHAR2	50	2	2	변경후참조코드(1) | 변경후전체분류ID(1)	변경후참조코드	분리?	핵심명사 상이: 변경후참조코드 / 변경후전체분류ID
336	PROD_ORG_NM	VARCHAR2	120	2	2	전체기관명(1) | 생산기관명(1)	전체기관명	통일?	형식단어 동일(명)·핵심어 차이 — 확인
337	SCHE_NM	VARCHAR2	100	2	2	질의어유형명(1) | 질의어 유형 명(1)	질의어유형명	통일	표기변형/음차/영문누출 차이만
338	SCHE_COMMENT	VARCHAR2	200	2	2	설명(등록 및 변경사유))(1) | 설명(등록 및 변경사유)(1)	설명(등록 및 변경사유))	통일	코멘트 포함관계(수식어 가감)
339	GOVART_PAT_COD	VARCHAR2	2	2	2	행정박물유형코드(1) | GOVARTPAT코드(1)	행정박물유형코드	통일	표기변형/음차/영문누출 차이만
340	GOVART_QUMAT_COD	VARCHAR2	2	2	2	행정박물재질코드(1) | GOVARTQUMAT코드(1)	행정박물재질코드	통일	표기변형/음차/영문누출 차이만
341	LOT_NUMBER	VARCHAR2	30	2	2	지번(1) | 경도숫자(1)	지번	분리?	핵심명사 상이: 지번 / 경도숫자
342	ORG_TYPE	VARCHAR2	2	2	2	기관분류(1) | 기관구분(RG094)(1)	기관분류	분리?	핵심명사 상이: 기관분류 / 기관구분
343	SECRET_YN	VARCHAR2	1	2	2	비밀여부(1) | 폐쇄기관여부(Y:폐쇄기관)(1)	비밀여부	통일?	형식단어 동일(여부)·핵심어 차이 — 확인
344	CONV_YN	VARCHAR2	1	2	2	소집여부(1) | 컨버전여부(1)	소집여부	통일?	형식단어 동일(여부)·핵심어 차이 — 확인
345	ORG_NM	VARCHAR2	180	2	2	ORG명(1) | 처리과명(1)	ORG명	통일	표기변형/음차/영문누출 차이만
346	HIGST_ORG_NM	VARCHAR2	120	2	2	최고ORG명(1) | 최상위기관명(1)	최고ORG명	통일	표기변형/음차/영문누출 차이만
347	PSDNT_DOCDIV_COD	VARCHAR2	3	2	2	PSDNT문서구분코드(1) | 대통령기록분류코드(1)	PSDNT문서구분코드	통일	표기변형/음차/영문누출 차이만
348	CHK_YMD	VARCHAR2	8	2	2	체크일자(1) | 오류확인일자(1)	체크일자	통일?	형식단어 동일(일시)·핵심어 차이 — 확인
349	CHK_FILE_NM	VARCHAR2	50	2	2	체크파일명(1) | 오류결과 전송 파일명(1)	체크파일명	통일?	형식단어 동일(명)·핵심어 차이 — 확인
350	LOWST_ORG_NM	VARCHAR2	120	2	2	최하위기관명(1) | LOWSTORG명(1)	최하위기관명	통일	표기변형/음차/영문누출 차이만
351	POSS_ORG_HIST	VARCHAR2	1000	2	2	소장기관연혁(소장자이력)(1) | 소장기관연혁(1)	소장기관연혁(소장자이력)	통일	표기변형/음차/영문누출 차이만
352	DISU_GBN	VARCHAR2	1	2	2	폐지구분(0:사용, 1:폐지)(1) | 폐지구분(0:존재, 1:폐지)(1)	폐지구분(0:사용, 1:폐지)	통일	표기변형/음차/영문누출 차이만
353	CHARGE_USER	VARCHAR2	30	2	2	기관담당자(소장자)(1) | 기관담당자(1)	기관담당자(소장자)	통일	표기변형/음차/영문누출 차이만
354	SEQNO	NUMBER	5	2	2	일련번호(1) | 접수이력순번(1)	일련번호	통일	코멘트 포함관계(수식어 가감)
355	CONN_IP_ADDR	VARCHAR2	15	2	2	접속IP(1) | 연결IP주소(1)	접속IP	통일	표기변형/음차/영문누출 차이만
356	ACTION	CHAR	1	2	2	엑션(1) | 작업구분(0:Update, 1:Insert, 2:Delete)(1)	엑션	분리?	핵심명사 상이: 엑션 / 작업구분
357	ORGAN_NM	VARCHAR2	128	2	2	기관명(1) | 조직명(1)	기관명	통일?	형식단어 동일(명)·핵심어 차이 — 확인
358	URL	VARCHAR2	50	2	2	홈피주소(1) | URL(1)	홈피주소	통일	표기변형/음차/영문누출 차이만
359	CHANGE_YMD	VARCHAR2	8	2	2	변경일자(1) | 변동일자(1)	변경일자	통일?	형식단어 동일(일시)·핵심어 차이 — 확인
360	NOTICE_SEQ_NO	NUMBER	10	2	2	공지순번번호(1) | 요청일련번호(1)	공지순번번호	통일?	형식단어 동일(일련번호)·핵심어 차이 — 확인
361	NOTICE_DIV	VARCHAR2	2	2	2	공지DIV(1) | 통보구분(SV083)(1)	공지DIV	통일	표기변형/음차/영문누출 차이만
362	NOTICE_CONTS	VARCHAR2	1024	2	2	공지콘텐츠(1) | 통보내용(1)	공지콘텐츠	분리?	핵심명사 상이: 공지콘텐츠 / 통보내용
363	START_YMD	VARCHAR2	8	2	2	추진일정시작일(1) | 시작일자(1)	추진일정시작일	분리?	핵심명사 상이: 추진일정시작일 / 시작일자
364	END_YMD	VARCHAR2	8	2	2	추진일정종료일(1) | 종료일자(1)	추진일정종료일	분리?	핵심명사 상이: 추진일정종료일 / 종료일자
365	TAGPUB_STAT	VARCHAR2	2	2	2	태그발행상태(1) | 태그발행(1)	태그발행상태	통일	코멘트 포함관계(수식어 가감)
366	OLD_TAGID	VARCHAR2	24	2	2	이전태그(1) | 이전태그ID(1)	이전태그	통일	코멘트 포함관계(수식어 가감)
367	GRP_STRUC_NM	VARCHAR2	120	2	2	발행조직명(1) | 그룹조직명(1)	발행조직명	통일?	형식단어 동일(명)·핵심어 차이 — 확인
368	ERR_TYPE	VARCHAR2	200	2	2	오류유형(1) | 오류유형코드(1)	오류유형	통일	코멘트 포함관계(수식어 가감)
369	OPENDIV	VARCHAR2	8	2	2	공개제한구분(1) | 총독부간행물공개제한유형(1)	공개제한구분	분리?	핵심명사 상이: 공개제한구분 / 총독부간행물공개제한유형
370	RSID	VARCHAR2	20	2	2	명부코드(1) | 일제명부코드(1)	명부코드	통일	코멘트 포함관계(수식어 가감)
371	ACT	VARCHAR2	20	2	2	액션(1) | 액션(CUD)(1)	액션	통일	표기변형/음차/영문누출 차이만
372	PRCS_DEPT	VARCHAR2	100	2	2	처리담당부서(1) | 처리부서(1)	처리담당부서	통일?	형식단어 동일(부서)·핵심어 차이 — 확인
373	PRCS_PICH_ID	VARCHAR2	100	2	2	처리담당ID(1) | 처리담당자ID(1)	처리담당ID	통일?	형식단어 동일(ID)·핵심어 차이 — 확인
374	CR_TYPE	VARCHAR2	1	2	2	목차주기사항(1) | 목차주기사항구분(C: 목차, R: 주기사항)(1)	목차주기사항	통일	코멘트 포함관계(수식어 가감)
375	PAGE_DOC	VARCHAR2	20	2	2	PAGE_DOC(1) | 실제페이지번호(1)	PAGE_DOC	통일	표기변형/음차/영문누출 차이만
376	RMS_PDF_CVT_YN	VARCHAR2	1	2	2	문서보존포맷변환여부(1) | 보존포맷변환여부(1)	문서보존포맷변환여부	통일	코멘트 포함관계(수식어 가감)
377	FILE_GUBUN	VARCHAR2	100	2	2	파일 구분(1) | 파일구분(1)	파일 구분	통일	표기변형/음차/영문누출 차이만
378	DAY_CHECK_S_DT	DATE		2	2	일일할당량배정일(1) | 일일할당량배정일자(1)	일일할당량배정일	통일	코멘트 포함관계(수식어 가감)
379	QLTY_1ST_DT	DATE		2	2	1차품질검사배정일자(1) | 1차품질검사자ID(1)	1차품질검사배정일자	분리?	핵심명사 상이: 차품질검사배정일자 / 차품질검사자ID
380	QLTY_1ST_ID	VARCHAR2	20	2	2	1차품질검사자ID(1) | QLTY첫번째아이디(1)	1차품질검사자ID	통일	표기변형/음차/영문누출 차이만
381	CHECKER_ASSN_DT	DATE		2	2	건1차검수담당자배정일자(1) | 철1차검수담당자배정일자(1)	건1차검수담당자배정일자	통일?	형식단어 동일(일시)·핵심어 차이 — 확인
382	CHECK_START_DT	DATE		2	2	건1차검수시작일자(1) | 철1차검수시작일자(1)	건1차검수시작일자	통일?	형식단어 동일(일시)·핵심어 차이 — 확인
383	CHECKER_CANCEL_DT	DATE		2	2	건1차검수담당자배정해제일자(1) | 철1차검수담당자배정해제일자(1)	건1차검수담당자배정해제일자	통일?	형식단어 동일(일시)·핵심어 차이 — 확인
384	ACCEPT_ERROR	VARCHAR2	1	2	2	접수오류(1) | 접수오류여부(1)	접수오류	통일	코멘트 포함관계(수식어 가감)
385	ACCEPT_ERRORLIST	VARCHAR2	4000	2	2	접수오류내역(1) | 접수오류내용(1)	접수오류내역	분리?	핵심명사 상이: 접수오류내역 / 접수오류내용
386	STR_GUBUN	VARCHAR2	2	2	2	STR구분(1) | 수신여부(1)	STR구분	통일	표기변형/음차/영문누출 차이만
387	ORAL_QTY	NUMBER	6	2	2	수량(1) | 구성자료건수(1)	수량	분리?	핵심명사 상이: 수량 / 구성자료건수
388	BASAPPEND_FILE_ID	VARCHAR2	100	2	2	기본관련첨부파일(1) | 기본첨부파일아이디(1)	기본관련첨부파일	분리?	핵심명사 상이: 기본관련첨부파일 / 기본첨부파일아이디
389	LINE_NUM	NUMBER		2	2	라인숫자(1) | 오류라인수(1)	라인숫자	분리?	핵심명사 상이: 라인숫자 / 오류라인수
390	ERROR_COL	VARCHAR2	20	2	2	오류컬럼(1) | 오류컬럼수(1)	오류컬럼	통일	코멘트 포함관계(수식어 가감)
391	ERROR_DESC	VARCHAR2	2000	2	2	오류기술(1) | 오류설명(1)	오류기술	분리?	핵심명사 상이: 오류기술 / 오류설명
392	ERROR_SEQ	NUMBER		2	2	오류순번(1) | 오류일련번호(1)	오류순번	통일	표기변형/음차/영문누출 차이만
393	REQ_DT	VARCHAR2	8	2	2	소요일시(1) | 업로드일시(1)	소요일시	통일?	형식단어 동일(일시)·핵심어 차이 — 확인
394	ON_LINE_GBN	VARCHAR2	5	2	2	ON라인GBN(1) | 업로드구분코드(1)	ON라인GBN	통일	표기변형/음차/영문누출 차이만
395	ORDERNAME	VARCHAR2	80	2	2	결제권자(1) | 결재권자(직위/직급)(1)	결제권자	통일?	형식단어 동일(권자)·핵심어 차이 — 확인
396	DAMDANG	VARCHAR2	200	2	2	기안자(업무담당자)(1) | 기안자(1)	기안자(업무담당자)	통일	표기변형/음차/영문누출 차이만
397	PRODREGDATE	VARCHAR2	12	2	2	생산(접수)일시(1) | 생산(접수)등록일시(1)	생산(접수)일시	통일?	형식단어 동일(일시)·핵심어 차이 — 확인
398	SNH_DGTL_CNT	NUMBER		2	2	시청각류 디지털(건)(1) | 시청각 건수(DGTL)(1)	시청각류 디지털(건)	분리?	핵심명사 상이: 시청각류디지털 / 시청각건수
399	ETC_CNT	NUMBER	38	2	2	그 밖의 종류(1) | 그밖의종류(1)	그 밖의 종류	통일	표기변형/음차/영문누출 차이만
400	TOT_CNT	NUMBER	38	2	2	기록물철 총 건수(1) | 시청각기록물 총 건수(1)	기록물철 총 건수	통일?	형식단어 동일(수)·핵심어 차이 — 확인
401	PRMN_CNT	NUMBER	38	2	2	기록물철 영구 건수(1) | 시청각기록물 영구 건수(1)	기록물철 영구 건수	통일?	형식단어 동일(수)·핵심어 차이 — 확인
402	SMPM_CNT	NUMBER	38	2	2	기록물철 준영구 건수(1) | 시청각기록물 준영구 건수(1)	기록물철 준영구 건수	통일?	형식단어 동일(수)·핵심어 차이 — 확인
403	THTY_CNT	NUMBER	38	2	2	기록물철 30년 건수(1) | 시청각기록물 30년 건수(1)	기록물철 30년 건수	통일?	형식단어 동일(수)·핵심어 차이 — 확인
404	TEN_CNT	NUMBER	38	2	2	기록물철 10년 건수(1) | 시청각기록물 10년 건수(1)	기록물철 10년 건수	통일?	형식단어 동일(수)·핵심어 차이 — 확인
405	FIVE_CNT	NUMBER	38	2	2	기록물철 5년 건수(1) | 시청각기록물 5년 건수(1)	기록물철 5년 건수	통일?	형식단어 동일(수)·핵심어 차이 — 확인
406	THREE_CNT	NUMBER	38	2	2	기록물철 3년 건수(1) | 시청각기록물 3년 건수(1)	기록물철 3년 건수	통일?	형식단어 동일(수)·핵심어 차이 — 확인
407	ONE_CNT	NUMBER	38	2	2	기록물철 1년 건수(1) | 시청각기록물 1년 건수(1)	기록물철 1년 건수	통일?	형식단어 동일(수)·핵심어 차이 — 확인
408	KEYWORD_NAME	VARCHAR2	1500	2	2	키워드값(1) | 키워드명(1)	키워드값	분리?	핵심명사 상이: 키워드값 / 키워드명
409	KIKWANCODE	VARCHAR2	7	2	2	처리과기관코드(1) | 기관코드(1)	처리과기관코드	통일	코멘트 포함관계(수식어 가감)
410	STND_YEAR_ID	VARCHAR2	20	2	2	기준년도ID(1) | 스탠드년도아이디(1)	기준년도ID	통일?	형식단어 동일(ID)·핵심어 차이 — 확인
411	WRK_BKDN_COD	VARCHAR2	4	2	2	작업구분코드(1) | 작업내역코드(1)	작업구분코드	통일?	형식단어 동일(코드)·핵심어 차이 — 확인
412	CLIENT_IP	VARCHAR2	15	2	2	사용자IP(1) | 클라이언트IP(1)	사용자IP	통일	표기변형/음차/영문누출 차이만
413	REQ_DIV	VARCHAR2	2	2	2	신청구분(1) | 복원요청구분(SV189)(1)	신청구분	통일?	형식단어 동일(구분)·핵심어 차이 — 확인
414	DISUSE_YN	VARCHAR2	1	2	2	DISUSE여부(1) | 폐기여부(1)	DISUSE여부	통일	표기변형/음차/영문누출 차이만
415	EQP_NM	VARCHAR2	50	2	2	자산명(1) | 보존장비형태(1)	자산명	분리?	핵심명사 상이: 자산명 / 보존장비형태
416	PURCHASE_DT	VARCHAR2	32	2	2	도입일자(1) | 도일일자(1)	도입일자	통일?	형식단어 동일(일시)·핵심어 차이 — 확인
417	ALL_ORG_NM	VARCHAR2	120	2	2	전체기관명(1) | ALLORG명(1)	전체기관명	통일	표기변형/음차/영문누출 차이만
418	MATI_CONTS	VARCHAR2	2000	2	2	재질상태설명(1) | 매티콘텐츠(1)	재질상태설명	분리?	핵심명사 상이: 재질상태설명 / 매티콘텐츠
419	BF_3DFILE_ID	VARCHAR2	32	2	2	보존처리전이미지ID(1) | 보존처리전3D이미지ID(1)	보존처리전이미지ID	통일?	형식단어 동일(ID)·핵심어 차이 — 확인
420	AF_3DFILE_ID	VARCHAR2	32	2	2	보존처리후이미지ID(1) | 보존처리후3D이미지ID(1)	보존처리후이미지ID	통일?	형식단어 동일(ID)·핵심어 차이 — 확인
421	DISCUSSION_RLT	VARCHAR2	2	2	2	재분류심의결과(01:폐기, 02:보존기간재책정, 03:보류,04:20년후 재분류)(1) | 재분류심의결과(1)	재분류심의결과(01:폐기, 02:보존기간재책정, 03:보류,04:20년후 재분류)	통일	표기변형/음차/영문누출 차이만
422	DISUSE_DIS_RLT	VARCHAR2	2	2	2	폐기심의결과(01:폐기, 02:보존기간재책정, 03:보류)(1) | 폐기심의결과(1)	폐기심의결과(01:폐기, 02:보존기간재책정, 03:보류)	통일	표기변형/음차/영문누출 차이만
423	INSPEC_CD	VARCHAR2	2	2	2	조사코드(SV079)(1) | 조사코드(1)	조사코드(SV079)	통일	표기변형/음차/영문누출 차이만
424	CELL_NO	NUMBER	3	2	2	순번호(1) | 셀(순)번호(1)	순번호	분리?	핵심명사 상이: 순번호 / 셀번호
425	RCREQ_SEQ_NO	NUMBER		2	2	RCREQ순번번호(1) | 요청구분일련번호(1)	RCREQ순번번호	통일	표기변형/음차/영문누출 차이만
426	SIZE1	VARCHAR2	10	2	2	사이즈(1) | 가로(1)	사이즈	분리?	핵심명사 상이: 사이즈 / 가로
427	SIZE2	VARCHAR2	10	2	2	사이즈(1) | 세로(1)	사이즈	분리?	핵심명사 상이: 사이즈 / 세로
428	SIZE3	VARCHAR2	10	2	2	사이즈(1) | 높이(1)	사이즈	분리?	핵심명사 상이: 사이즈 / 높이
429	SIZE4	VARCHAR2	10	2	2	사이즈(1) | 종이두께(1)	사이즈	분리?	핵심명사 상이: 사이즈 / 종이두께
430	BF_ARCHIVE_KEY	VARCHAR2	200	2	2	BF아카이브키(1) | 원본이미지(1)	BF아카이브키	분리?	핵심명사 상이: BF아카이브키 / 원본이미지
431	AF_ARCHIVE_KEY	VARCHAR2	200	2	2	AF아카이브키(1) | 복제본이미지(1)	AF아카이브키	분리?	핵심명사 상이: AF아카이브키 / 복제본이미지
432	DCDE_YN	VARCHAR2	1	2	2	폐기확정여부(1) | 확정여부(2023추가)(1)	폐기확정여부	통일	코멘트 포함관계(수식어 가감)
433	DCDE_DT	DATE		2	2	폐기확정일자(1) | 확정여부날짜(2023추가)(1)	폐기확정일자	통일?	형식단어 동일(일시)·핵심어 차이 — 확인
434	SEQ	NUMBER	5	2	2	일련번호(1) | 순번(1)	일련번호	통일	표기변형/음차/영문누출 차이만
435	FILE_NAME	VARCHAR2	500	2	2	파일명(1) | 파일이름(1)	파일명	분리?	핵심명사 상이: 파일명 / 파일이름
436	ERR_MSG	VARCHAR2	1000	2	2	오류메세지(1) | 오류메시지(1)	오류메세지	통일	표기변형/음차/영문누출 차이만
437	OCR_ERR_CONTS	VARCHAR2	1000	2	2	OCR오류내용(1) | OCR오류콘텐츠(1)	OCR오류내용	통일	표기변형/음차/영문누출 차이만
438	OCR_HIS_SEQ	NUMBER	6	2	2	OCR이력순번(1) | OCRHIS순번(1)	OCR이력순번	통일	표기변형/음차/영문누출 차이만
439	OCR_ERR_CONTS	VARCHAR2	2000	2	2	OCR오류내용(1) | OCR오류콘텐츠(1)	OCR오류내용	통일	표기변형/음차/영문누출 차이만
440	SPEC_ITEM	VARCHAR2	200	2	2	특이사항(1) | 특기사항(1)	특이사항	통일?	형식단어 동일(사항)·핵심어 차이 — 확인
441	PROD_OPN_DIV	VARCHAR2	2	2	2	생산기관의견조회여부(1) | 생산시OPNDIV(1)	생산기관의견조회여부	통일	표기변형/음차/영문누출 차이만
442	CNC_NEED_DIV	VARCHAR2	2	2	2	공개심의회필요여부(1) | CNC필요DIV(1)	공개심의회필요여부	통일	표기변형/음차/영문누출 차이만
443	CMMT_NEED_DIV	VARCHAR2	2	2	2	기록관리위원회상정필요여부(1) | CMMT필요DIV(1)	기록관리위원회상정필요여부	통일	표기변형/음차/영문누출 차이만
444	SCNN_UPLD_PATH_SE_CD	VARCHAR2	2	2	2	스캐닝업로드경로구분코드(1) | 스캐닝UPLD경로구분코드(1)	스캐닝업로드경로구분코드	통일?	형식단어 동일(코드)·핵심어 차이 — 확인
445	SVR_SEQ_NO	NUMBER	3	2	2	서버일련번호(1) | 서버일련번호:1=통합서버,2=정간물웹서버,3=정간물서버(1)	서버일련번호	통일	표기변형/음차/영문누출 차이만
446	PML_RECOD_DT	DATE		2	2	장기보존매체수록일자(1) | 수록일자(1)	장기보존매체수록일자	통일	코멘트 포함관계(수식어 가감)
447	PML_RECOD_USERID	VARCHAR2	20	2	2	장기보존매체수록자ID(1) | 수록자(1)	장기보존매체수록자ID	통일	코멘트 포함관계(수식어 가감)
448	NF_ARCHIVE_DIV	VARCHAR2	2	2	2	기록물구분(1) | 기록물구분(A:철,D:건)(1)	기록물구분	통일	표기변형/음차/영문누출 차이만
449	ACCEPT_DT	DATE		2	2	인수일자(1) | 복원인수일자(1)	인수일자	통일	코멘트 포함관계(수식어 가감)
450	TERM	VARCHAR2	2	2	2	반출기간 01:긴급 02:1일 03:2일 04:3일 05:4일 06:5일 07:6일(1) | 기한(1)	반출기간 01:긴급 02:1일 03:2일 04:3일 05:4일 06:5일 07:6일	분리?	핵심명사 상이: 반출기간 / 기한
451	ETC_CNT	NUMBER		2	2	기타(그 밖의 유형) 건수(1) | 기타 건수(1)	기타(그 밖의 유형) 건수	통일	표기변형/음차/영문누출 차이만
452	BSNS_CD	VARCHAR2	4	2	2	업무 코드(1) | 업무코드(1)	업무 코드	통일	표기변형/음차/영문누출 차이만
453	FIRST_REGST_DTM	DATE		2	2	최초등록일(1) | 등록일(1)	최초등록일	통일	코멘트 포함관계(수식어 가감)
454	LAST_UDTR_ID	VARCHAR2	25	2	2	최종 수정 유저 ID(1) | 최종 수정 유저ID(1)	최종 수정 유저 ID	통일	표기변형/음차/영문누출 차이만
455	DEST_FILE_NM	VARCHAR2	500	2	2	변환서버로 저장된 파일명(1) | 목표 파일이름(1)	변환서버로 저장된 파일명	분리?	핵심명사 상이: 변환서버로저장된파일명 / 목표파일이름
456	DEST_STORAGE_TYPE	VARCHAR2	2	2	2	저장 매체 유형(01:일반스토리지, 02:아카이빙스토리지,03:분산스토리지,04:CAMS일반스토리지,05:CAMS아카이빙스토리지)(1) | 목표 저장 매체 유형(01:일반스토리지, 02:아카이빙스토리지,03:분산스토리지,04:CAMS일반스토리지,05:CAMS아카이빙스토리지)(1)	저장 매체 유형(01:일반스토리지, 02:아카이빙스토리지,03:분산스토리지,04:CAMS일반스토리지,05:CAMS아카이빙스토리지)	통일	코멘트 포함관계(수식어 가감)
457	DEST_STORAGE_VENDOR	VARCHAR2	2	2	2	저장 매체 상세유형(일반스토리지-01:일반스토리지, 아카이빙스토리지-01:HCAP, 02:CAS))(1) | 목표 저장매체 상세유형(일반계열스토리지-01:일반스토리지, 아카이빙계열스토리지-01:HCAP, 02:CAS), 03:분산스토리지-01:NHN)(1)	저장 매체 상세유형(일반스토리지-01:일반스토리지, 아카이빙스토리지-01:HCAP, 02:CAS))	분리?	핵심명사 상이: 저장매체상세유형) / 목표저장매체상세유형
458	REQUEST_START_TIME	DATE		2	2	작업시작시간(1) | 포맷변환 작업 시작 시간(1)	작업시작시간	통일	코멘트 포함관계(수식어 가감)
459	REQUEST_END_TIME	DATE		2	2	작업완료시간(1) | 포맷변환 작업 완료 시간(1)	작업완료시간	통일	코멘트 포함관계(수식어 가감)
460	DEMDR_ADDR	VARCHAR2	250	2	2	청구인주소(1) | DEMDR주소(1)	청구인주소	통일	표기변형/음차/영문누출 차이만
461	DEMDR_ZIPCODE	VARCHAR2	20	2	2	청구인우편번호(1) | DEMDR우편번호(1)	청구인우편번호	통일	표기변형/음차/영문누출 차이만
462	DEMDR_DADDR	VARCHAR2	120	2	2	청구인상세주소(1) | DEMDR상세주소(1)	청구인상세주소	통일	표기변형/음차/영문누출 차이만
463	DEMDR_FAXNO	VARCHAR2	14	2	2	청구인모사전송번호(1) | DEMDR팩스번호(1)	청구인모사전송번호	통일	표기변형/음차/영문누출 차이만
464	DEMDR_EMAIL	VARCHAR2	120	2	2	청구인전자우편주소(1) | DEMDR이메일(1)	청구인전자우편주소	통일	표기변형/음차/영문누출 차이만
