단어명	영문약어	영문명	형식단어	도메인	표준여부	설명
1	ONE	ONE	N		Y	숫자1
10	TEN	TEN	N		N	숫자10.  보존기간 10년에서 10.   예) 보존기간10년
1회섭취참고량	RAFOS	Reference Amount For One Serving	N		Y	一回攝取參考量.  만 3세 이상 소비계층이 통상적으로 소비하는 식품별 1회 섭취량과 시장조
2	TWO	TWO	N		Y	숫자2
20	TWTY	TWENTY	N		N	숫자20.  보존기간 20년에서 20.  예) 보존기간20년
2차	SND	SECONDARY	N		Y	예) 2차
3	THRE	THREE	N		Y	숫자3
30	THTY	THIRTY	N		N	숫자30.  보존기간 30년에서 30.   예) 보존기간30년
3차	THD	THIRD	N		N	예) 3차
4	FOUR	FOUR	N		Y	숫자4
4차	FTH	FOURTH	N		N	예) 4차
5	FIVE	FIVE	N		Y	숫자5
6	SIX	SIX	N		Y	숫자6
ACK값	ACK	ACKNOWLEDGE	Y		N	승인,확인,인수,인가  예) 기록물인수 - 이관목록인계(RG) - ACK값
ALERO	ALRO	ALERO	N		N	알레로.  예)ALERO 아카이브키, ALERO파일, ALERO등록오류메시지
API	API	APPLICATION PROGRAMMING INTERFACE	N		Y	소프트웨어 애플리케이션을 개발하기 위한 여러 가지 함수의 집합
BRM	BRM	BUSINESS REFERENCE MODEL	N		N	기관의 기능을 서비스 및 업무처리절차에 따라 체계적으로 구조화한 업무기능분류체계
BRMS	BRMS	BUSINESS REFERENCE MODEL SYSTEM, BRMS	N		N	기능분류체계를 필요로 하는 업무관리시스템, 기록관리시스템 등 각각의 정보시스템들에게 분류체
CD	CDSC	COMPACT DISC	N		Y	콤펙트디스크
CLASS	CLASS	Class in Object Oriented Programming	N		N	객체 지향 프로그램에서 속성과 기능을 포함한 단위
CMS	CMS	CMS	N		N	1. 자금 관리 서비스 (Cash Management Service) 
2. 디지털화 되어
CSS	CSS	Cascading Style Sheets	N		N	웹페이지를 꾸미려고 작성하는 코드
C클래스	C	C CLASS	N		N	예) C클래스시작IP, C클래스종료IP
DB	DB	DATABASE	N		N	예) DB서버주소
DRM	DRM	Digital rights management	N		N	디지털 저작권 관리
DVD	DVD	DIGITAL VIDEO DISK	N		N	디지털 비디오 디스크(지름 12cm의 일반 콤팩트디스크 크기의 디스크 1장에 콤팩트디스크의
FAX	FAX	FACSIMILE	N		N	팩스, 팩시밀리, Facsimile, Fax Machine. 문서를 전기신호로 바꾸어 전송
GCC	GCC	GOVERMENT COMPUTER CENTER	N		N	행정자치부
GIS	GIS	Geographic Information System	N		Y	GIS. 지리정보시스템(Geographic Information System) 지도에 관한
HTML	HTML	Hypertext Markup Language	N		Y	HTML. 하이퍼링크를 사용하는 컴퓨터 언어. 홈페이지 제작에 주로 사용하는 언어로 표시가
IP	IP	Internet Protocol	N		Y	IP. OSI 모델의 제3계층(네트워크층)에 해당되는 프로토콜로 IP계층에 따라 다른 네트
IPC	IPC	INTERNATIONAL PATENT CLASSIFICATION	N		N	국제특허분류(IPC) :  특허 문헌의 기술 내용은 국제 특허 분류(IPC)에 따라 분류됩
IP주소	IPADR	INTERNET PROTOCOL ADDRESS	Y		N	인터넷으로 연결된 모든 컴퓨터에 주어지는 고유의 식별 번호 주소
ISBN	ISBN	INTERNATIONAL STANDARD BOOK NUMBER	N		Y	국제 표준 도서 번호
ISO	ISO	INTERNATIONAL ORGANIZATION FOR 
STANDARDIZATION	N		N	국제표준화기구(International Organization for Standardiza
ISSN	ISSN	INTERNATIONAL STANDARD SERIAL NUMBER	N		Y	국제 표준 간행물 일련 번호
JVM	JVM	Java Virtual Machine	N		N	자바 프로그램 실행환경을 만들어 주는 소프트웨어
KDC	KDC	KOREAN DECIMAL CLASSIFICATION	N		N	한국십진분류법(韓國十進分類法, KDC: Korean Decimal Classificatio
KKR	KKR	KKR	N		N	KKR 기관명 - 사후 확인 후 업데이트 예정
LDAP	LDAP	Lightweight Directory Access Protocol	N		N	경량 디렉토리 액세스 프로토콜
MAC	MAC	Medium Access Control	N		Y	MAC. OSI 기본 참조 모델의 데이터 링크 계층의 일부로서, 동일한 매체를 여러 노드가
MASK	MASK	MASK	N		N	IT : 특정한 명칭과 일치하는 문자패턴
MF	MF	MICRO FILM	N		N	마이크로 필름
NEIS	NEIS	National Education Information System	N		N	국가교육행정정보시스템
NEO	NEOB	NARS ENCAPSULATED OBJECT	N		N	장기보존포맷객체(NARS Encapsulated Object) 
장기간 정자기록물의 진본성
OFF	OFF	Off	N		N	꺼진 상태
ON	ON	On	N		N	켜진 상태
OTP	OTPW	One Time Password	N		N	일회용 비밀번호. 인터넷에서 고정된 비밀번호 대신 한 번만 사용하는 일회용 비밀번호
PC	PC	PERSONAL COMPUTER	N		Y	한번에 한 사람만 사용할 수 있도록 고안된 개인용 컴퓨터.
PDF	PDF	PORTABLE DOCUMENT FORMAT	N		N	사용자의 운영시스템 환경에 구속되지 않고 문서를 생산하고 읽고 출력할 수 있도록 지원하는 
PKI	PKI	Public Key Infrastructure	N		N	공개키기반구조 : 암호화와 복호화(復號化)된 공개 키를 이용하여 송수신 데이터를 암호화하고
RFID	RFID	RADIO FREQUENCY IDENTIFICATION	N		N	전파 신호를 통해 비접촉식으로 사물에 부착된 얇은 평면 형태의 태그를 식별하여 정보를 처리
SEED	SED	시드 블록 암호 알고리즘	N		N	민간 부분인 인터넷, 전자 상거래, 무선 통신 등에서 공개 시에 민감한 영향을 미칠 수 있
SHA	SHA	SECURE HASH 
ALGORITHM	N		N	미국 국립표준기술연구소인 NIST(National Institute of Standards
SID	SID	SEQUENCIAL IDENTIFIER	Y		N	데이터를 식별하기 위하여 일련번호로 구성된 ID
SMS	SMS	Short Message Service	N		Y	SMS. 컴퓨터, 휴대전화 이용자들이 별도의 부가장비 없이도 간단한 단문의 메시지를 주고 
SSL	SSL	SECURE SOCKET LAYER	N		N	데이터를 송수신하는 두 컴퓨터 사이, 종단 간 즉 TCP/IP 계층과 애플리케이션 계층(H
SSO	SSO	SINGLE SIGN ON	N		N	단 한번의 로그인만으로 기업의 각종 시스템이나 인터넷 서비스에 접속하게 해주는 보안 응용 
TLS	TLS	TRANSPORT LAYER SECURITY	N		N	현재 널리 사용되고 있는 SSL(Security Sockets Layer)을 대체할 차세대
URL	URL	Uniform Resource Locator	N		Y	URL. 확인된 리소스가 어디에 있는지 또 이를 탐색하는 메커니즘이 어디에 있는지에 대해 
URL주소	URLADR	URL ADDRESS	Y		N	네트워크에서 특정한 자원의 위치를 유일하게 표시하는 규정 주소
VRMS	VRMS	Virtual Record Management System	N		N	가상 기록물 관리 시스템
WAS	WAS	WEB APPLICATION SERVER	N		N	인터넷 상에서 HTTP를 통해 사용자 컴퓨터나 장치에 애플리케이션을 수행해 주는 미들웨어(
XML	XML	EXTENSIBLE MARKUP LANGUAGE	N		N	문서, 데이터, 구성, 도서, 트랜잭션, 음성데이터 등을 구조화된 정보로 표현하기 위한 텍
가능	PSBLTY	Possibility	N		Y	可能. 할 수 있거나 될 수 있음
가동	OPRTNG	Operating	N		Y	稼動. 사람이나 기계 따위가 움직여 일함. 또는 기계 따위를 움직여 일하게 함
가등록	PRGT	PROVISIONAL REGISTRATION	N		N	假登錄 임시적으로 등록함. 예) 기록물가등록번호이관년도, 기록물가등록번호이관일련번호
가로	WDTH	WIDTH	N		Y	왼쪽과 오른쪽의 방향, 또는 그 길이
가맹점	FRCS	Franchise	N		Y	加盟店. 어떤 조직의 동맹이나 연맹에 든 가게나 상점
가명	ASNM	ASSUMED NAME	N		N	假名
실제의 자기 이름이 아닌 이름
가산	ADTN	Addition	N		Y	加算. 더하여 셈함. 몇 개의 수나 식 따위를 합하여 계산함. 또는 그런 셈
가산세	ADDTX	Additional Tax	Y	금액	Y	加算稅. 규정한 세금을 납부하지 않았을 때 본래 부과된 금액에 일정 비율로 금액을 부과하는
가상	VR	Virtual	N		Y	假象. 주관적으로는 실제 있는 것처럼 보이나 객관적으로는 존재하지 않는 거짓 현상. 假想.
가수	SNGR	SINGER	N		N	歌手 노래 부르는 것이 직업인 사람
가수분해	HYRO	HYDROLYSIS	N		N	물의 개입작용으로 인해 유기 혼합물이 붕괴되거나, 분자결합을 깨거나 약화시켜 퇴화시키는 반
가습처리	HMID	HUMIDIFICATION	N		N	건조화되거나 경직된 종이기록물을 이완시키기 위해 인공적으로 만든 온습도 조절 환경에서 수분
가액	PAMT	PRICE AMOUNT	N		N	價額
 물건의 가치에 상당하는 금액.
가역성	REVS	REVERSIBILITY	N		N	可逆性 수리 및 복원처리 후 기록물의 상태를 처리하기 이전의 원래 상태로 되돌릴 수 있는 
가입	JOIN	Join	N		Y	加入. 조직이나 단체 따위에 들어가거나, 서비스를 제공하는 상품 따위를 신청함
가족	FAM	Family	N		Y	家族. 주로 부부를 중심으로 한, 친족 관계에 있는 사람들의 집단. 또는 그 구성원. 혼인
가치	WRTH	WORTH	N		N	價値
 어떤 사물이 지니고 있는 의의나 중요성.
간선시설	ATLFCS	Arterial Facilities	N		Y	幹線施設. 도로ㆍ상하수도ㆍ전기시설ㆍ가스시설ㆍ통신시설 및 지역난방시설 등 주택단지 안의 기간
간행물	PRDL	PERIODICAL	N		N	업무수행 과정에서 발간?배포하는 저작물. 수록매체에 제한이 없으며 발간형태에 따라 단행본과
감독	SPVS	SUPERVISION	N		N	監督
 어떤 사람이나 기관이 다른 사람이나 기관을 감시하고 지휘?명령하거나 제재를 가하는 
감독관	SPVR	SUPERVISOR	N		N	監督官 지휘하고 단속하는 직책을 맡은 사람
감면	RDEX	REDUCTION AND EXCEPTION	N		Y	減免
 형벌이나 조세 따위를 감해 주거나 면제함.
[법률정의] (농어촌특별세법) 조세특례제
감사기록	AUDR	AUDIT RECORDS	N		N	기록물의 무결성을 확인하기 위해서 시스템의 주요 변경 사항을 전자서명과 함께 기록한 것
감사증적	AUDT	AUDIT TRAIL	N		N	기록에 대한 모든 처리행위를 추적하여 그것이 정책과 표준을 준수하여 이루어졌음을 확인할 수
감사추적	AUDC	AUDIT CHASE	N		N	기록에 대한 모든 처리행위를 추적
감열지	THP	THERMAL PAPER	N		N	열에 반응하는 특수한 종이. 열을 가한 부분만 검은색 등으로 변색되어 정보를 표현할 수 있
감염	INFC	INFECTION	N		Y	感染
 병원체가 몸에 옮음
갑	THEA	THE A	N		N	차례나 등급을 매길 때 첫째를 이르는 말. 둘 이상의 사물이 있을 때 그중 하나를 가리키는
값	VL	Value	N		Y	어떤 사물의 중요성이나 의의
강목	OLDT	OUTLINE AND DETAILS	N		N	綱目 사물의 대략적인 줄거리와 자세한 조목  예)강목코드
강사	INSTR	Instructor	N		Y	講師. 학교나 학원 따위에서 위촉을 받아 강의를 하는 사람
강제	FORC	FORCING	N		N	强制
 본인의 의사를 무시하고 우격으로 따르게 함
개발	DEV	DEVELOPMENT	N		N	開發
산업이나 경제 따위를 발전하게 함
개별	INDIV	Individual	N		Y	個別. 여럿 중에서 하나씩 따로 나뉘어 있는 상태
개설	ESTBL	Establishment	N		Y	開設. 설비나 제도 따위를 새로 마련하고 그에 관한 일을 시작함
개수	ECNT	EACH COUNT	Y		N	個數
 한 개씩 낱으로 셀 수 있는 물건의 수효.
개시	STRT	Start	N		Y	開始. 행동이나 일 따위를 시작함
개업	OPBIZ	Opening of Business	N		Y	開業. 영업을 처음 시작함
개요	OUTL	OUTLINE	N		N	槪要
간결하게 추려 낸 주요 내용
개월	MTS	MONTHS	N		N	個月 개월
개인식별	PRIDTF	Personal Identification	N		Y	個人識別. 성명을 알 수 없는 사람이나 시체의 신원을 지문, 혈액형, 발자국, 글씨 따위를
개인정보	PRVC	Privacy	N		Y	個人情報. 살아 있는 개인에 관한 정보로서 성명, 주민등록번호 및 영상 등을 통하여 개인을
개정	RVSN	Revision	N		Y	改正. 주로 문서의 내용 따위를 고쳐 바르게 함
개최	HDMT	Hold A Meeting	N		Y	開催. 모임이나 회의 등을 주최하여 엶
개통	OPNG	Opening	N		Y	開通. 길, 다리, 철로, 전화, 전신 따위를 완성하거나 이어 통하게 함
갱신	UPDT	Update	N		Y	更新. 이미 있던 것을 고쳐 새롭게 함
갱지	GRPP	GROUNDWOOD PAPER	N		N	한국산업규격(KS M 7102)으로 정한 3급 인쇄용지. 쇄목(기타)펄프를 주재료로 하고,
거래	DLNG	Dealings	N		Y	去來. 주고 받음 또는 사고 팖
거래처	CNPT	Counterparty	N		Y	去來處. 돈이나 물건 따위를 계속 거래하는 곳
건	DCDT	DOCUMENT DETAIL	N		N	기록물건   예) 건번호, 건연결번호, 건내용정보명
건물	BLDG	Building	N		Y	建物. 사람이 들어 살거나, 일을 하거나, 물건을 넣어 두기 위하여 지은 집을 통틀어 이르
건물번호	BNO	Building Number	Y	건물번호	Y	建物番號. 행정안전부장관이 정하는 기준에 따라 건물(둘 이상의 건물 등이 현실적으로 하나의
건물본번	BMNO	Building Main Number	Y	건물본번	Y	建物本番. 행정안전부장관이 정하는 기준에 따라 건물마다 매긴 번호의 붙임표(-) 앞에 오는
건물부번	BSNO	Building Sub Number	Y	건물부번	Y	建物副番. 행정안전부장관이 정하는 기준에 따라 건물마다 매긴 번호의 붙임표(-) 뒤에 오는
건수	NOCS	The Number Of Cases	Y	수	Y	件數. 사물이나 사건의 가짓수
건의	SGGT	SUGGESTION	N		Y	建議
 개인이나 단체가 의견이나 희망을 내놓음. 또는 그 의견이나 희망.
건축	ARCH	Architecture	N		Y	建築. 집이나 성, 다리 따위의 구조물을 그 목적에 따라 설계하여 흙이나 나무, 돌, 벽돌
건축면적	BDAR	Building Area	Y	면적	Y	建築面積. 건축물 외벽의 중심선으로 둘러싸인 부분의 수평투영면적, 즉 건물의 가장 넓은 바
건축물	BDST	Buildings & Structures	N		Y	建築物. 땅 위에 지은 구조물 중에서 지붕, 기둥, 벽이 있는 건물을 통틀어 이르는 말.
건축물대장	BDRG	Building Register	N		Y	建築物臺帳. 건축물의 소재, 구조, 면적 및 소유자의 주소, 성명 따위를 적은 문서
건폐율	BDCVRT	Building Coverage Ratio	Y	비율	Y	建蔽率. 대지 면적에 대한 건물의 바닥 면적의 비율. 건축 밀도를 나타내는 지표의 하나
검사	INSP	Inspection	N		Y	檢査. 사실이나 일의 상태 또는 물질의 구성 성분 따위를 조사하여 옳고 그름과 낫고 못함을
검사자	INTR	INSPECTOR	N		Y	檢査者 좋고 나쁨 따위의 사실을 살피어 검토하거나 조사하여 판정하는 사람
검색	SRCH	Search	N		Y	檢索. 책이나 컴퓨터에서, 목적에 따라 필요한 자료들을 찾아내는 일
검색도구	FDAD	FINDING AIDS	N		N	기록물관리기관이 소장 기록물의 관리와 검색을 위해서 필요한 정보를 기술한 문헌의 총칭. 대
검색어	SRWD	SEARCH WORD	N		Y	檢索語
 책이나 컴퓨터에서, 안에 들어 있는 자료 가운데 목적에 따라 필요한 자료들을 찾기
검수	IGI	Incoming Goods Inspection	N		Y	檢收. 물건의 규격, 수량, 품질 따위를 검사한 후 물건을 받음
검수자	CHCKR	Checker	N		Y	檢收者. 물건의 규격, 수량, 품질 따위를 검사한 후 물건을 받는 사람
검정	RCGN	Recognition	N		Y	檢定. 일정한 규정에 따라 자격이나 조건을 검사하여 결정하거나 또는 어떤 자격에 필요한 지
검증	VRFC	Verification	N		Y	檢證. 어떤 대상의 성질이나 상태 따위를 인식하여 조사하는 일
검토	RVW	Review	N		Y	檢討. 어떤 사실이나 내용을 분석하여 따짐
검토서	EXPP	EXAMINATION PAPER	N		N	검토 결과를 담은 문서
검토자	RVWR	Reviewer	N		Y	檢討者. 어떤 사실이나 내용을 분석하여 따지는 사람
게시	PSTG	Posting	N		Y	揭示. 여러 사람에게 알리기 위하여 내붙이거나 내걸어 두루 보게 함. 또는 그런 물건
게시글	PDART	POSTED ARTICLE	N		N	게시판에 등록된 글
게시물	PST	Post	N		Y	揭示物. 여러 사람에게 알리기 위하여 내붙이거나 내걸어 두루 보게 한 물건이나 글
게시자	PBLR	Publisher	N		Y	揭示者. 여러 사람에게 알리기 위하여 내붙이거나 내걸어 두루 보게 한 사람
게시판	BBS	Bulletin Board System	N		Y	揭示板. 여러 사람에게 알릴 내용을 내붙이거나 내걸어 두루 보게 붙이는 판
결과	RSLT	Result	N		Y	結果. 열매를 맺음. 또는 그 열매
결의	RSLTN	Resolution	N		Y	決議. 의논하여 결정함. 또는 그런 결정
결재	ATRZ	Authorization	N		Y	決裁. 결정할 권한이 있는 상관이 부하가 제출한 안건을 검토하여 허가하거나 승인함
결재자	APRVR	Approver	N		Y	決裁者. 부하가 제출한 안건을 검토하여 허가하거나 승인하는 상관
결정	DCSN	Decision	N		Y	決定. 행동이나 태도를 분명하게 정함. 또는 그렇게 정해진 내용
결제	STLM	Settlement	N		Y	決濟. 증권 또는 대금을 주고받아 매매 당사자 사이의 거래 관계를 끝맺는 일
결혼	MRG	Marriage	N		Y	結婚. 남녀가 정식으로 부부 관계를 맺음
경광등	LTBR	LIGHT BAR	N		N	警光燈 긴급함을 알리기 위해 차의 위쪽에 다는 붉은빛을 발하는 등     예) 경광등IP,
경도	LOT	Longitude	Y	경도	Y	經度. 지구 위의 위치를 나타내는 좌표축 중에서 세로로 된 것. 한 지점의 경도는 그 지점
경력	CARR	CAREER	N		Y	經歷
 직업상의 경험과 그 근무연한.
경로	PATH	Path	N		Y	經路. 지나는 길
경위	CRCM	CIRCUMSTANCES	N		Y	經緯
 일이 진행되어 온 과정.
경유	THRG	THROUGH	N		Y	經由
 어떤 곳을 거쳐 지남.
경제	ECNM	ECONOMY	N		Y	經濟
 인간이 공동생활을 하는 데에 필요한 재화를 획득?이용하는 활동을 함,또는 이를 통하
계급	ECHLN	Echelon	N		Y	階級. 사회나 일정한 조직 내에서의 지위, 관직 따위의 단계
계기	CAUSE	Cause	N		N	어떤 일이 일어나거나 결정되도록 하는 원인이나 기회
계약	CTRT	Contract	N		Y	契約. 관련되는 사람이나 조직체 사이에서 서로 지켜야 할 의무에 대하여 글이나 말로 정하여
계열	SERS	SERIES	N		Y	서로 관련이 있거나 유사한 점에서 한 갈래로 이어지는 계통이나 조직.
계정	ACNT	Account	N		Y	計定. 부기(簿記)의 원장(原帳)에서 같은 종류나 동일 명칭의 자산, 부채, 자본, 수익,
계정과목	ACNTL	Account Title	N		Y	計定科目. 회계에서, 단위가 되는 각 계정의 명칭
계좌	BACNT	Bank Account	N		Y	計座. 금융 기관에 예금하려고 설정한 개인명이나 법인명의 계좌
계좌번호	ACTNO	Account Number	Y	계좌번호	Y	計座番號. 금융 기관 등에 예금하려고 설정한 개인명의나 법인명의 계좌에 부여하는 식별 번호
계좌이체	ACTRSF	Account Transfer	N		Y	計座移替. 한 계좌에 들어 있는 돈을 다른 계좌로 옮김
계층	LYR	Layer	N		Y	통신 프로토콜의 구조화를 위한 방법의 하나로, 통신을 위한 전반적인 소프트웨어 및 하드웨어
계획	PLAN	Plan	N		Y	計劃/計畫. 앞으로 할 일의 절차, 방법, 규모 따위를 미리 헤아려 작정함. 또는 그 내용
계획서	ACPL	ACTION PLAN	N		Y	계획한 내용을 담은 서류.
고객	CUST	Customer	N		Y	顧客. 상점 따위에 물건을 사러 오는 손님
고시	ANCMNT	Announcement	N		Y	告示. 글로 써서 게시하여 널리 알림. 주로 행정 기관에서 일반 국민들을 대상으로 어떤 내
고유	UNQ	Unique	N		Y	固有.본래부터 가지고 있는 특유한 것
고유번호	INNB	IDENTIFICATION NUMBER	Y		Y	固有番號
 부가가치세의 납세의무가 없는 자에 대하여 세적관리(稅籍管理) 및 원천징수업무 또
고유식별자	UID	UNIQUE IDENTIFIER	N		N	기록관리시스템에서 각각의 기록물과 분류체계를 구별할 수 있도록 부여한 고유한 이름. 기록물
고정	FIX	FIXING	N		N	고정된 형태의
고지	INFRM	Inform	N		Y	告知. 게시나 글을 통하여 알림
고착제	FXT	FIXATIVE	N		N	복원처리 시 잉크 또는 염료가 용제에 노출되었을 경우 움직이거나 변형되지 않도록 잉크 도는
공간	SPCE	SPACE	N		Y	空間
 아무것도 없이 비어 있는 칸. 물리적으로나 심리적으로 널리 퍼져 있는 범위
공개	RLS	Release	N		Y	公開. 어떤 사실이나 사물, 내용 따위를 여러 사람에게 널리 터놓음
공개구분	OTP	OPEN TYPE	N		N	공개여부를 분류하는 것. 공개, 부분공개, 또는 비공개 중 하나로 결정된다.
[「공공기록물
공개재분류	ORC	OPEN RECLASSIFICATION	N		N	기록물의 비공개 혹은 부분공개 여부를 재검토하는 것. 다만, 한번 공개된 것은 이미 비공개
공고	PBANC	Public Announcement	N		Y	公告. 국가 기관이나 공공 단체에서 일정한 사항을 일반 대중에게 광고, 게시, 또는 다른 
공공기관	PAGN	PUBLIC AGENCY	N		N	국가기관, 지방자치단체, 그 밖에 대통령령이 정하는 기관
[「공공기록물 관리에 관한 법률」
공급	SPLY	Supply	N		Y	供給. 요구나 필요에 따라 물품 따위를 제공함
공기조화설비	ACE	AIR CONDITIONING 
EQUIPMENT	N		N	실내공기를 쾌적한 상태로 유지하게 하는 장치로서 일정한 공간을 원하는  온도, 습도, 기류
공동	CLBN	Collaboration	N		N	共同 둘 이상의 사람이나 단체가 함께 일을 하거나, 같은 자격으로 관계를 가짐
공동주택	APTCPX	Apartment Complex	N		Y	共同住宅. 여러 가구가 한 건축물 안에서 각각 따로 생활을 할 수 있게 설계하여 지은 큰 
공모	CTST	CONTEST	N		N	공개 모집
공무원	PBSV	PUBLIC SERVANT	N		Y	公務員
 국가나 지방 공공 단체의 공무를 맡아보는 사람
[법률정의] (근로자재산형성저축공무
공문서	OFDC	OFFICIAL DOCUMENT	N		Y	公文書
 공공 기관이나 단체에서 공식으로 작성한 서류
[법률정의] (법원사무관리규칙) 각급
공부면적	PBRGAR	Public Register Area	Y	면적	Y	公簿面積. 등기부 등본, 토지 대장, 건축물대장 등 국가나 지방 자치 단체가 작성/비치하는
공사	CSTRN	Construction	N		Y	工事. 토목이나 건축 따위의 일
공시	PBLNT	Public Notice	N		Y	公示. 일정한 내용을 공개적으로 게시하여 일반에게 널리 알림. 또는 그렇게 알리는 글.
공시지가	OALP	Officially Announced Land Price	Y	가격	Y	公示地價. 국토교통부장관이 조사ㆍ평가하여 공개적으로 게시하여 알린 표준지의 단위 면적당 가
공식	OFCL	Officiality	N		N	公式 국가적이나 사회적으로 인정된 공적인 방식
공용면적	CMAR	Common Area	Y	면적	Y	共用面積. 임대 사무실이나 공동 주택 등 여러 사람이 사용하는 건물에서 공동으로 이용하는 
공원	PARK	Park	N		Y	公園. 국가나 지방 공공 단체가 공중의 보건ㆍ휴양ㆍ놀이 따위를 위하여 마련한 정원, 유원지
공유	SHR	SHARING	N		N	共有
두 사람 이상이 한 물건을 공동으로 소유함
공저자	CATH	CO-AUTHOR	N		N	한 책을 공동으로 지은 사람
공제	DDC	Deduction	N		Y	控除. 받을 몫에서 일정한 금액이나 수량을 뺌
공지	NTC	Notice	N		Y	公知. 세상에 널리 알림
공직자	GVOF	GOVERNMENT OFFICIAL	N		N	公職者
공무원, 국회 의원 따위의 공직에 종사하는 사람
공통	COMM	COMMONNESS	N		Y	共通
 여럿 사이에 두루 통용되거나 관계됨
과목	SBJCT	Subject	N		Y	科目. 가르치거나 배워야 할 지식 및 경험의 체계를 세분하여 계통을 세운 영역
과세	TXTN	Taxation	N		Y	課稅. 세금을 정하여 그것을 내도록 의무를 지움
과세표준	TXBS	Tax Base	N		Y	課稅標準. 과세의 기준이 되는 것
과오납금	OVPMNT	Overpayments	Y	금액	Y	過誤納金. 내야 할 세금보다 많이 납부하였거나 또는 실수나 착오로 잘못 낸 세금
과정	CRS	Course	N		Y	過程. 일이 되어 가는 경로
과제	ASMT	Assignment	N		Y	課題. 처리하거나 해결해야 할 문제
과태료	FFNLG	Fine For Negligence	Y	금액	Y	過怠料. 공법에서, 의무 이행을 태만히 한 사람에게 벌로 물게 하는 돈
관계	REL	Relation	N		Y	關係. 둘 이상의 사람, 사물, 현상 따위가 서로 관련을 맺거나 관련이 있음. 또는 그런 
관계기관	CNOR	CONCERNED ORGANS	N		Y	關係機關
 [법률정의] (부랑인및노숙인보호시설설치?운영규칙) 경찰관서 또는 보호기관이 아닌
관계자	PRCP	PARTICIPANT	N		Y	關係者
 어떤 일에 관련이 있는 사람.
관리	MNG	Management	N		Y	管理. 어떤 일의 사무를 맡아 처리하거나 시설이나 물건의 유지, 개량 따위의 일을 맡아 함
관리자	MNGR	Manager	N		Y	管理者. 소유자로부터 위탁을 받아 시설을 관리하는 자, 사법상(私法上) 타인의 재산을 관리
관서	GVMNFC	Government Office	N		Y	官署. 관청과 그 부속 기관을 통틀어 이르는 말
관심	ITRST	Interest	N		Y	關心. 어떤 것에 마음이 끌려 주의를 기울임. 또는 그런 마음이나 주의
관인	AOS	AN OFFICIAL SEAL	N		N	官印
정부 기관에서 발행하는, 인증(認證)이 필요한 문서 따위에 찍는 도장. 청인(廳印)과
관측	OBSRVN	Observation	N		Y	觀測. 육안이나 기계로 자연 현상 특히 천체나 기상의 상태, 추이, 변화 따위를 관찰하여 
관측소	OBSVTR	Observatory	N		Y	觀測所. 적의 동태를 살피기 위하여 여러 가지 관측 장비를 설치한 곳
관할	CMPTNC	Competence	N		Y	管轄. 일정한 권한을 가지고 통제하거나 지배함. 또는 그런 지배가 미치는 범위
광디스크	OPDS	OPTICAL DISC	N		N	레이저 광을 이용하여 문서, 음성, 화상정보 등을 기록·재생하는 원반 모양의 기록매체의 총
광매체	OPMD	OPTICAL MEDIA	N		N	광학 기록방식을 사용하여 만들어진 매체.  예) 광매체수록일자
광매체서고	OMST	OPTICAL MEDIA STACK	N		N	CD, DVD 등 광매체를 보존하는 서고
교부	DTBN	Distribution	N		Y	交付/交附. 내어 줌, 물건을 인도하는 일
교육	EDU	Education	N		Y	敎育. 지식과 기술 따위를 가르치며 인격을 길러 줌
교육과정	CRCLM	Curriculum	N		Y	敎育課程. 교육 내용과 관련하여, 교과의 배열과 조직을 체계화한 전체적인 계획
교육기관	EDNST	Education Institution	N		Y	敎育機關. 교육에 관한 일을 맡아보는 곳. 좁게는 학교를 이르며, 넓게는 교육 행정 기관도
교점	NODE	Node	N		Y	交點. 서로 만나는 점. 데이터 통신망에서, 데이터를 전송하는 통로에 접속되는 하나 이상의
교체	EXCH	EXCHANGE	N		Y	交替
 사람이나 사물을 다른 사람이나 사물로 대신하여 바꿈.
구	OLD	OLD	N		Y	舊
 오래된, 지나간 때
구매	PRCHS	Purchase	N		Y	購買. 물건 따위를 사들 임
구문서	EPOS	AN EX-PROPRIETOR'S BILL OF SALE	N		N	舊文書
토지나 가옥 따위를 사고팔 때, 그 매도
구분	SE	Section	N		Y	區分. 일정한 기준에 따라 전체를 몇 개로 갈라 나눔
구성	CMPS	COMPOSITION	N		Y	構成
 몇 가지 부분이나 요소들을 모아서 일정한 전체를 짜 이룸. 또는 그 이룬 결과.
구술	ORST	ORAL STATEMENT	N		N	口述 입으로 말함
구역	ZONE	Zone	N		Y	區域. 갈라놓은 지역
구우편번호	OZIP	Old Zip Code	Y	구우편번호	Y	舊郵便番號. 우편물을 쉽게 분류하기 위하여 과거 지번주소에 매긴 우편번호
구조물	STRTS	Structures	N		Y	構造物. 일정한 설계에 따라 여러 가지 재료를 얽어서 만든 물건. 건물, 다리, 축대, 터
구현	IMPLC	Implement of software codes	N		N	具現/具顯 어떤 내용이 구체적인 사실로 나타나게 함
국	BURA	BUREAU	N		N	[명사] 업무 조직에서, 부서의 하나. 일반적으로 과(課)나 부(部)의 위이다.
국	TELOFC	Telephone Office	N		Y	局. 가입 구역 내 가입 전화의 교환 사무를 취급하는 기관
국가	NTN	Nation	N		Y	國家. 일정한 영토와 거기에 사는 사람들로 구성되고, 주권(主權)에 의한 하나의 통치 조직
국가기록원	NARS	NATIONAL ARCHIVES	N		N	국가기록원
국무	STAF	STATE AFFAIRS	N		N	國務 나라의 정무. 나라를 맡아 다스리고 이끌어 가는 일
국적	NTNLTY	Nationality	N		Y	國籍. 한 나라의 구성원이 되는 자격. 또는 소속되어 있는 나라.
국제표준	IS	INTERNATIONAL STANDARD	N		N	국제표준화기구(ISO) 또는 국제전기기술위원회(IEC)에 의해 채택된 국제적 표준
[KS 
군	ARMY	ARMY	N		Y	軍
 일정한 규율과 편제로 조직된 군인 집단
권	VLM	VOLUME	N		Y	卷
 책을 세는 단위. 여럿이 모여 한 벌을 이룬 책에서 그 순서를 나타내는 말.
권수	BKQY	BOOK QUANTITY	Y		N	책의 개수. 권수
권역	SAREA	Sub-Area	N		Y	圈域. 어떤 특정한 범위 안의 지역
권한	AUTHRT	Authority	N		Y	權限. 어떤 사람이나 기관의 권리나 권력이 미치는 범위
권호수	BKNO	BOOK NUMBER	Y		N	책이 나눠진 경우의 호수
귀속	BLN	Belonging	N		Y	歸屬. 재산이나 영토, 권리 따위가 특정 주체에 붙거나 딸림
규격	SPCFCT	Specification	N		Y	規格. 일정한 규정에 들어맞는 격식
규격검사	SDIS	STANDARD INSPECTION	N		N	규격에 대하여 검사함
규모	SCLE	SCALE	N		Y	規模
 사물이나 현상의 크기나 범위. 씀씀이의 계획성이나 일정한 한도.
규칙	RULE	RULE	N		Y	規則
 여러 사람이 다 같이 지키기로 작정한 법칙. 또는 제정된 질서. 헌법이나 법률에 입
그룹	GROUP	Group	N		Y	Group. 함께 행동하거나 공통점이 있어 한데 묶일 수 있는 사람들이나 사물의 무리
근거	GRDS	GROUNDS	N		N	根據
 어떤 의견이나 의론(議論) 따위의 이유 또는 바탕이 됨, 또는 그런 것
근로자	WRKR	Worker	N		Y	勤勞者. 근로에 의한 소득으로 생활을 하는 사람
근무	WORK	Work	N		Y	勤務. 직장에 적을 두고 직무에 종사함
근무일	WRKDY	Working Day	N		Y	勤務日. 근무하는 날
근무지	POWK	Place Of Work	N		Y	勤務地. 근무하는 곳
글리프	GLP	GLYPH	N		N	정보기술에서 문자의 모양이나 형태를 나타내는 그래픽 기호, 부호화한 문자를 그림으로 나타낸
금액	AMT	Amount	Y	금액	Y	金額. 돈의 액수
금융기관	FNST	Financial Institution	N		Y	金融機關. 예금에서 자금을 조달하여 기업이나 개인에 대부하거나 증권 투자 따위를 하는 기관
금지	PHBT	PROHIBITION	N		N	禁止
법이나 규칙이나 명령 따위로 어떤 행위를 하지 못하도록 함.
기간	PD	PERIOD	N		Y	期間
 어느 때부터 다른 어느 때까지의 동안.
기계	MCHN	MACHINE	N		Y	機械 동력을 써서 움직이거나 일을 하는 장치.
기계목재펄프	MWP	MECHANICAL WOOD PULP	N		N	불순물이 제거되지 않은 목재를 기계로 파쇄하여 만들어진 펄프

비고 그라운드 목재 또는 흔
기계식	MCNCL	Mechanical	N		Y	機械式. 기계를 이용하는 방식
기관	INST	Institution	N		Y	機關. 사회생활의 영역에서 일정한 역할과 목적을 위하여 설치한 기구나 조직
기관장	INLD	INSTITUTION LEADER	N		N	기록관(특수기록관) 설치 대상 공공기관의 기관장
기관정보	INTO	INSTITUTION INFORMATION	N		N	機關
 사회생활의 영역에서 일정한 역할과 목적을 위하여 설치한 기구나 조직.
[법률정의] 
기능	FNCT	FUNCTION	N		Y	機能 
권한이나 직책, 능력 따위에 따라 일정한 분야에서 하는 역할과 작용.
기능분류	BM	BUSINESS REFERENCE MODEL CLASS	N		N	행정기관의 업무 및 그와 관련된 정보를 체계적으로 관리·활용하기 위하여 행정기관의 업무를 
기능유형	FNTY	FUNCTION TYPE	N		Y	機能類型
 기술적인 능력이나 재능의 종류
기록	RC	RECORD	N		Y	記錄
 후일에 남길 목적으로 어떤 사실을 적음. 또는 그런 글
기록계층	AGL	AGGREGATION LEVEL	N		N	기록물을 기술하거나 통제하는 기록물의 단위. 기록계층은 기록물철, 기록물건, 컴포넌트로 나
기록관	RCTR	RECORDS CENTER	N		N	공공기록물을 관리하기 위해 공공기관에 설치하는 기록물관리기관. 기록물을 생산부서로부터 인수
기록관리	RM	Record Management	N		N	기록 관리
기록관리기준	RMGBAS	RECORD MANAGEMENT BASE	N		N	기록 관리 기준
기록관리메타데이터	MMR	METADATA FOR MANAGING RECORDS	N		N	기록의 맥락과 내용, 구조 및 기록 생애주기 동안의 관리사항을 기술한 데이터

비고 기록물
기록관리시스템	RMST	RECORDS MANAGEMENT 
SYSTEM	N		N	기록관 및 특수기록관에서 기록관리를 전자적으로 수행하는 시스템
기록관리자	RMGR	RECORDS MANAGER	N		N	기록관 또는 특수기록관에서 당해 공공기관의 기록관리 업무를 수행하는 자 

비고 일반적으로
기록관리표준	RMS	RECORDS MANAGEMENT STANDARDS	N		N	기록물의 체계적·전문적 관리 및 효율적 활용을 위하여 중앙기록물관리기관이 제정·시행하는 표
기록물	PBRC	PUBLIC RECORDS	N		N	공공기관이 업무와 관련하여 생산 또는 접수한 문서ㆍ도서ㆍ대장ㆍ카드ㆍ도면ㆍ시청각물ㆍ전자문서 
기록물건	RITM	RECORDS ITEM	N		N	더 이상 나눌 수 없는 기록물의 최소단위. 하나의 기록물건에는 다양한 유형의 첨부물이 존재
기록물계열	RSR	RECORDS SERIES	N		N	동일한 행위나 기능을 수행하는 과정에서 생산ㆍ접수ㆍ이용되었거나, 함께 파일링되었기 때문에,
기록물관리기관	RA	RECORDS CENTER AND ARCHIVES	N		N	기록물관리를 위한 일정한 시설 및 장비를 갖추고 이를 운영하기 위한 전문 인력을 배치하여 
기록물군	RGRP	RECORDS GROUP	N		N	특정 기관, 조직, 단체, 개인이 업무나 활동을 수행하는 과정에서 생산 또는 수집한 모든 
기록물철	FLS	FILES	N		N	기록물계열 또는 기록물하위계열 내에서 최소의 단위사안별로 분류된 기록물의 집합. 대체로 기
기록물철분류번호	FLS_CLNO	FILES CLASSIFICATION NUMBER	Y		N	
기록물컬렉션	RCL	RECORDS COLLECTION	N		N	개인이나 조직, 기록물관리기관이 다양한 출처로부터 수집한 공통적 특성을 갖는 인위적인 기록
기록물폐기심의서	PDBR	PUBLIC RECORDS(기록물), DESTRUCTION OR DISPOSAL(폐기), DELIBERATION(심의), DOCUMENT(문서)	N		N	
기록자	RCDR	Recorder	N		Y	記錄者. 기록을 하는 사람
기본	BSC	Basic	N		Y	基本. 사물이나 현상, 이론, 시설 따위를 이루는 바탕
기술	DESC	DESCRIPTION	N		N	記述. 대상이나 과정의 내용과 특징을 있는 그대로 열거하거나 기록하여 서술함. 또는 그런 
기술계층	LOD	LEVEL OF DESCRIPTION	N		N	기술단위의 분류체계상 위치. 일반적인 영구기록물의 분류체계는 기록물군이나 컬렉션, 기록물계
기술단위	DU	DESCRIPTIVE UNIT	N		N	기술의 대상이 되는 기록물의 단위. 일반적으로 기록물군이나 컬렉션, 기록물 계열, 기록물철
기술서	DSPP	DESCRIPTION PAPER	N		N	기술
기술요소	DELM	DESCRIPTIVE ELEMENTS	N		N	기술영역을 구성하는 요소들. 단어, 문장 또는 기호를 사용하여 해당 기술단위를 설명해준다.
기안	DRFT	Drafting	N		Y	起案. 사업이나 활동 계획의 초안草案.을 만듦. 또는 그 초안
기업	ENT	Enterprise	N		Y	企業. 영리(營利)를 얻기 위하여 재화나 용역을 생산하고 판매하는 조직체
기원	ORGN	Origin	N		Y	基源. 어떤 사건이나 원인의 처음
기준	CRTR	Criteria	N		Y	基準. 기본이 되는 표준
기증	CTRB	CONTRIBUTION	N		Y	寄贈
 선물이나 기념으로 남에게 물품을 거저 줌.
기증자	CBPR	CONTRIBUTION PERSON	N		N	寄贈者
 선물이나 기념으로 남에게 물품을 거저 주는 사람.
기타	ETC	Etc	N		Y	其他. 그 밖의 또 다른 것
기한	TERM	Term	N		Y	期限. 미리 한정하여 놓은 시기로 법률 행위의 효력의 발생 및 소멸, 채무 이행을 장래에 
기호	SYMB	SYMBOL	N		Y	記號
 어떠한 뜻을 나타내기 위하여 쓰이는 부호, 문자, 표지 따위를 통틀어 이르는 말.
긴급	EMRG	Emergency	N		Y	緊急. 긴요하고 급함
긴급구조	ER	EMERGENCY RESCUE	N		N	재난이 발생할 우려가 현저하거나 재난이 발생한 때에 국민의 생명ㆍ신체 및 재산의 보호를 위
긴급구조기관	ERAG	EMERGENCY RESCUE 
AGENCY	N		N	소방방재청ㆍ소방본부 및 소방서. 다만 해양에서 발생한 재난의 경우에는 해양경찰청ㆍ지방해양경
긴급구조지원기관	ERSA	EMERGENCY RESCUE 
SUPPORTING AGENCY	N		N	긴급구조에 필요한 인력ㆍ시설 및 장비를 갖춘 기관 또는 단체로서 대통령령이 정하는 기관 및
길이	LT	LENGTH	Y		Y	어떤 물건의 한 끝에서 다른 한 끝까지의 사이
낙찰	SCSBD	Successful Bid	N		Y	落札. 경매나 경쟁 입찰 따위에서 물건이나 일이 어떤 사람이나 업체에 돌아가도록 결정하는 
날짜	DATE	Date	Y	연월일	N	날짜
납기	DUDT	Due Date	N		Y	納期. 세금이나 공과금 따위를 내는 시기나 기한
납본	POSC	PRESENTATION OF A SPECIMEN COPY	N		Y	納本
 새로 발간한 출판물을 본보기로 해당 기관에 제출함
납부	PAY	Payment	N		Y	納付/納附. 세금이나 공과금 따위를 관계기관에 냄
납부자	RTPYR	Ratepayer	N		Y	納付者. 세금이나 공과금 따위를 관계 기관에 내는 사람.
납세자	TXPR	Taxpayer	N		Y	納稅者. 세금을 내는 사람
납품	DLVGDS	Delivery Of Goods	N		Y	納品. 계약한 곳에 주문받은 물품을 가져다줌. 또는 그 물품
내선	EXT	Extension	N		Y	內線. 관청이나 회사 따위의 구내에서만 통하는 전화선
내역	DSCTN	Description	Y	내용	Y	內譯. 물품이나 금액 따위의 내용
내용	CN	Content	Y	내용	Y	內容. 말, 글, 그림, 연출 따위의 모든 표현 매체 속에 들어 있는 것. 또는 그런 것들
내용연수	SVLF	Service Life	Y	수	Y	耐用年數. 감가상각의 기준이 되는, 유형 고정 자산의 효용이 지속되는 기간의 햇수
네거티브필름	NF	NEGATIVE FILM	N		N	촬영을 통해 필름에 옮겨진 피사체의 상(像)을 현상했을 때 그 상이 피사체 본래의 밝기정도
네오	NEO	NEO	N		N	네오파일
네임스페이스	NMSP	NAMESPACE	N		N	특정도메인에서 각각의 대상에게 유일한 명칭을 명명하는 메커니즘

비고 주제명표와 같은 제어
네트워크	NTWK	NETWORK	N		Y	랜(LAN)이나 모뎀 따위의 통신 설비를 갖춘 컴퓨터를 이용하여 서로 연결시켜 주는 조직이
년	YY	YEAR	N		N	年
해를 세는 단위
년간	FYER	FOR A YEAR	N		Y	年間 한 해 동안.
년도	YEAR	YEAR	Y	년도	Y	年度
 일정한 기간 단위로서의 그해
노선	RTE	Route	N		Y	路線. 자동차 선로, 철도 선로 따위와 같이 일정한 두 지점을 정기적으로 오가는 교통선
노출	EXPSR	Exposure	N		Y	露出. 겉으로 드러나거나 드러냄
녹음	REC	RECORDING	N		Y	錄音
 소리를 재생할 수 있도록 기계로 기록하는 일. 원판을 쓰는 기계적 녹음, 필름을 쓰
높이	HG	HEIGHT	N		Y	높은 정도
누락	OVRS	OVERSIGHT	N		Y	漏落
 기입되어야 할 것이 기록에서 빠짐. 또는 그렇게 되게 함.
누리집	HMPG	Homepage	N		Y	개인이나 단체가 월드 와이드 웹에서 볼 수 있게 만든 하이퍼텍스트. 개인의 관심사나 단체의
누적	ACCUM	Accumulate	N		N	포개어 여러 번 쌓음. 또는 포개져 여러 번 쌓임
니어라인	NRLN	NEAR LINE	N		N	비활성화된 온라인 저장장치의 데이터를 니어라인 저장장치로 이동시켜 온라인 디스크가 더 많은
다량	BULK	Bulk	N		Y	多量. 많은 분량
다운로드	DWNLD	Download	N		Y	컴퓨터 통신망을 통하여 파일이나 자료를 받아 오는 것
다음	NEXT	Next	N		N	어떤 차례의 바로 뒤, 어떤 시간이 지난 뒤
다중	MULTI	MULTITUDE	N		N	多重 여러 겹
다중세션전송	MSTR	MULTI SESSION TRANSFER	N		N	하나 또는 다수의 송신모듈에서 수신모듈로 파일을 전송할 때 여러 세션을 이용해 병렬로 전송
다중파일전송	MFTR	MULTI FILE TRANSFER	N		N	송신모듈에서 수신모듈로 파일을 전송할 때 생성된 하나의 세션을 유지하면서 순차적으로 전송하
단가	UNTPRC	Unit Price	Y	금액	Y	單價. 물건 한 단위(單位)의 가격
단계	STEP	STEP	N		Y	段階
 일의 차례를 따라 나아가는 과정.
단말기	TRMNL	Terminal	N		Y	端末機. 중앙에 있는 컴퓨터와 통신망으로 연결되어 데이터를 입력하거나 처리 결과를 출력하는
단번호	RNO	ROW NUMBER	Y		N	예) 서고관리 - 단번호
단속	CRDN	Crackdown	N		Y	團束. 규칙이나 법령, 명령 등을 지키도록 통제함
단위	UNIT	Unit	N		Y	單位. 길이, 무게, 수효, 시간 따위의 수량을 수치로 나타낼 때 기초가 되는 일정한 기준
단위과제	UNTK	UNIT TASK	N		N	정부기능분류체계의 최하 단위로 행정업무 수행의 기준이 되는 것으로서 업무 간 유사성 및 독
단일	SNGL	SINGLENESS	N		Y	單一
 단 하나로 되어 있음. (구성이나 구조가) 복잡하지 않음
단체	GRP	Group	N		Y	團體. 같은 목적을 달성하기 위하여 모인 사람들의 일정한 조직체
달력	CALENDAR	Calendar	N		N	달曆 1년 가운데 달, 날, 요일, 이십사절기, 행사일 따위의 사항을 날짜에 따라 적어 놓
담당	TKCG	Taking Charge	N		Y	擔當. 어떤 일을 맡음
담당자	PIC	Person In Charge	N		Y	擔當者. 어떤 일을 맡아서 하는 사람
답변	ANS	Answer	N		Y	答辯. 물음에 대하여 밝혀 대답함. 또는 그런 대답
답변자	ANSWR	Answerer	N		Y	答辯者. 묻는 말에 대하여 밝혀 답하는 사람
대	LRG	Large things	N		N	大 큰 것
대기열	WTLN	WAITING LINES	N		N	待機列
들어오는 상품이나 손님들이 어떤 특정한 서비스 지점이 혼잡하여 잘 통과되지 않은 상
대등	EQTR	EQUAL TERMS	N		Y	[對等]서로 견주어 높고 낮음이나 낫고 못함이 없이 비슷함
대량	LQ	LARGE QUANTITY	N		N	양이 많음
대리	AGNC	AGENCY	N		Y	代理
 남을 대신하여 일을 처리함. 은행이나 회사 따위의 집단에서 부장, 지점장, 과장 등
대리인	AGT	Agent	N		Y	代理人. 다른 사람을 대신하는 사람
대분류	LCLSF	Large-Scale Classification	N		Y	大分類. 크게 나누어 가름
대상	TRGT	Target	N		Y	對象. 어떤 일의 상대 또는 목표나 목적이 되는 것
대상자	TRPR	Target Person	N		Y	對象者. 대상이 되는 사람이나 집단
대수	CNTOM	Count Of Machines	Y	수	Y	臺數. ‘대’(臺)로 세는 차/기계 따위의 수
대시보드	DSBD	DASHBOARD	N		N	한 화면에서 다양한 정보를 중앙 집중적으로 관리하고 찾을수 있도록 하는 사용자 인터페이스 
대용량	MASS	MASSIVE VOLUME	N		N	大容量  아주 큰 용량
대장	LDGR	Ledger	N		Y	臺帳. 어떤 근거가 되도록 일정한 양식으로 기록한 장부나 원부
대지면적	SIAR	Site Area	Y	면적	Y	大地面積. '건축법' 상 건물을 건축할 수 있는 대지의 넓이로, 도시ㆍ군계획시설에 포함되는
대출	LOAN	Loan	N		Y	貸出. 돈이나 물건 등을 빌려주거나 빌림
대통령	PRSD	PRESIDENT	N		Y	大統領
 외국에 대하여 국가를 대표하는 국가의 원수.
대표	RPRS	Representation	N		Y	代表. 전체의 상태나 성질을 어느 하나로 잘 나타냄. 또는 그런 것
대표자	RPRSV	Representative	N		Y	代表者. 전체를 대표하는 사람
댓글	CMNT	Comment	N		Y	對글. 인터넷에 오른 원문에 대하여 짤막하게 답하여 올리는 글
데몬	DMON	DEMON	N		Y	유닉스 등에서 백그라운드에서 프로세스 상태로 있다가 접근요청이 있을 때 이를 처리해 주는 
도로	ROAD	Road	N		Y	道路. 사람, 차 따위가 잘 다닐 수 있도록 만들어 놓은 비교적 넓은 길
도메인	DMN	DOMAIN	N		N	도메인
도면	FLRPLN	Floor Plan	N		Y	圖面. 토목, 건축, 기계 따위의 구조나 설계 또는 토지, 임야 따위를 제도기를 써서 기하
도면용지	DP	DRAFTING PAPER	N		N	제도, 도화 등에 사용하는 종이의 총칭
도서	BOOK	Book	N		Y	圖書. 일정한 목적, 내용, 체재에 맞추어 사상, 감정, 지식 따위를 글이나 그림으로 표현
도시	CTY	City	N		Y	都市. 일정한 지역의 정치ㆍ경제ㆍ문화의 중심이 되는, 사람이 많이 사는 지역
도엽	MAPSHT	Map Sheet	N		Y	圖葉. 일정한 도식과 분할되어 한정된 방향으로 통일된 지역을 자른 도면 형식의 지도로 1매
도움말	HELP	HELP	N		N	말로 거들거나 깨우쳐 주어서 도움. 또는 그 말
도입	INCT	INDUCTION	N		Y	導入 기술, 방법, 물자 따위를 끌어 들임.
도착	ARVL	Arrival	N		Y	到着. 목적한 곳에 다다름
독일어	GERL	GERMAN LANGUAGE	N		N	인도,유럽 어족 게르만 어파의 서게르만 어군에 속한 언어.
독촉장	URSH	URGE SHEET	N		Y	督促狀
 어떤 약속이나 의무를 빨리 이행하도록 재촉하는 문서.
동거	CHBTN	Cohabitation	N		Y	同居. 한집이나 한방에서 같이 삶
동기화	SYNCZTN	Synchronization	N		N	同期化. IT : 작업들 사이의 수행 시기를 맞추는 것. 사건이 동시에 일어나거나, 일정한
동영상	VDO	Video	N		Y	動映像. 컴퓨터 모니터의 화상이 텔레비전의 화상처럼 움직이는 것
동의	AGRE	Agreement	N		Y	同議. 같은 의견이나 논의
동일	SAME	Same	N		N	어떤 것과 비교하여 똑같음
두께	THCK	THICKNESS	N		Y	물건의 두꺼운 정도.
드라이브	DRV	DRIVE	N		N	<컴퓨터>디스크를 동작하게 하여 데이터를 판독하거나 기록하는 장치
예) DVD수록네트워크드
등급	GRD	Grade	N		Y	等級. 높고 낮음이나 좋고 나쁨 따위의 차이를 여러 층으로 구분한 단계
등기	RG	Registered	N		Y	登記. 국가 기관이 법정 절차에 따라 등기부에 부동산이나 동산ㆍ채권 등의 담보 따위에 관한
등록	REG	Registration	N		Y	登錄. 일정한 자격 조건을 갖추기 위하여 단체나 기관에 문서를 올리거나 법정(法定)의 공부
등록실	RGRM	REGISTRATION ROOM	N		N	인수된 기록물의 기본목록(기록물종류, 기록물철명, 보존기간, 생산연도 등) 및 세부목록(건
등록자	RGTR	Registrant	N		Y	登錄者. 일정한 자격 조건을 갖추기 위하여 단체나 학교 따위에 문서를 올린 사람
디렉토리	DRCT	DIRECTORY	N		Y	파일 시스템을 관리하고, 각 파일이 있는 장소를 쉽게 찾도록 디스크의 요소를 분할?검색하는
디스패치	DPTCH	Dispatch	N		N	IT : 복수의 프로그램을 동시에 실행하는 멀티태스크 오퍼레이팅 시스템이 다음에 실행해야 
디지털화	DGTZ	DIGITIZATION	N		N	스캐닝 또는 인코딩 장비를 이용하여 비전자기록물을 디지털 형태로 변환하는 과정

비고 디지
띄어쓰기	WDSP	WORD SPACING	N		N	글을 쓸 때, 각 낱말을 띄어 쓰는 일.
라벨	LBL	Label	N		Y	Label. 파일의 관리나 처리의 편의를 위하여 파일에 붙이는 특별한 항목 표시 기록
라인	LINE	LINE	N		N	라인(line)[명사]
1.선(線). 줄. 【예】파울 라인./공이 라인 밖으로 나가다.
2
레벨	LEV	LEVEL	N		Y	지위나 품질 따위의 일정한 표준이나 정도.
련방향	CDIR	COLUMN DIRECTION	N		N	예) 서고관리 - 련방향
련번호	CNO	COLUMN	Y		N	예) 서고관리 - 련번호
로그	LOG	Log	N		Y	LOG. 시스템 사용에 관련된 전체의 기록, 즉 입출력 내용, 프로그램 사용 내용, 자료변
로그아웃	LGT	Log-Out	N		Y	사용 중인 네트워크에서 업무를 끝마치고 주 컴퓨터와의 연결을 끊고 나오는 일
로그인	LGN	Login	N		Y	다중 사용자 시스템을 사용하기 위하여 컴퓨터에 사용자임을 알리는 일. 미리 등록되어 있는 
롤	ROLL	ROLL	N		N	필름주위를 긴 종이로 감아 빛을 차단한 두루말이 형태의 필름. 즉 초기 코닥카메라에 쓰여진
룩스	LUX	LUX	N		N	조명의 세기 측정 단위(1lux=1 lumen per square meter)

비고 열람
리	LI	Li	N		Y	里. 지방 행정의 말단 구역. 몇 개의 촌락이 모여 이루어지며, 읍과 면(面)의 아래에 둔
리더기	REDR	Reader of digital data	N		N	IT : 메모리를 컴퓨터에서 이동식 디스크로 인식해서 데이터를 전송하게 해 주는 장치
리프캐스팅	LCST	LEAF-CASTING	N		N	훼손된 종이 기록의 결실(缺失)부분을 메울 때 사용하는 방법으로 물속에 종이 펄프를 풀어 
마감	DDLN	Deadline	N		Y	하던 일을 마물러서 끝냄. 또는 그런 때, 정해진 기한의 끝
마이그레이션	MGR	MIGRATION	N		N	기록의 진본성, 무결성, 신뢰성, 이용가능성을 유지하면서 한 시스템에서 다른 시스템으로 기
만가	FLBS	FULL OF BOOKSHELF	N		N	"서가"가 가득참   예) 서고관리 - 서가 - 만가상태
만기	MTRY	Maturity	N		Y	晩期. 정해진 기간이나 일의 끝이 되는 때나 시기
만료	EXPRY	Expiry	N		Y	滿了. 기한이 다 차서 끝남
만족	STSF	SATISFACTION	N		N	만족함
만족도	DGSTFN	Degree Of Satisfaction	N		Y	滿足度. 만족을 느끼는 정도
말소	ERSR	Erasure	N		Y	抹消. 기록되어 있는 사실 따위를 지워서 아주 없애 버림
매립지	RCMLND	Reclaimed Land	N		Y	埋立地. 낮은 땅을 돌이나 흙 따위로 메워 돋운 땅
매수	NMRS	NUMBER OF SHEET	N		N	枚數 종이나 유리 따위의 장으로 셀 수 있는 물건의 수효.
매수	BYNG	Buying	N		Y	買收. 물건을 사들임
매염	MRD	MORDANTING	N		N	媒染 염착성(染着性)이 없는 물질을 염색할 때 염착의 매개가 되는 염료(용제)를 사용하여 
매우	VRY	VERY	N		N	매우
매체	MD	MEDIA	N		Y	媒體
 어떤 작용을 한쪽에서 다른 쪽으로 전달하는 물체. 또는 그런 수단.
매출	SLS	Sales	N		Y	賣出. 물건 따위를 내다 파는 일
메뉴	MENU	Menu	N		Y	Menu. 디스플레이 장치 위에 표시하여 둠으로써 사용자가 마우스나 키보드를 이용하여 명령
메모	MEMO	Memo	N		Y	Memo. 다른 사람에게 말을 전하거나 자신의 기억을 돕기 위하여 짤막하게 글로 남김. 또
메모보고	MR	REPORT BY MEMORANDUM	N		N	약식으로 보고업무를 수행할 수 있는 기능
메시지	MSG	Message	N		Y	Message. 어떤 사실을 알리거나 주장하거나 경고하기 위하여 보내는 전언
메시지무결성	MI	MESSAGE INTEGRITY	N		N	전송 도중에 메시지의 내용이 부당하게 변경되었는지를 확인해 주는 기능
[한국정보통신기술협회
메타	META	META	N		Y	근원적인 정의 또는 설명.
면수	NOPG	NUMBER OF PAGES	Y		Y	면ː수(面數)[?쑤][명사]물체의 면이나 책 따위의 면의 수효.
면적	AREA	Area	N		Y	面積. 면이 이차원의 공간을 차지하는 넓이의 크기
면제	EXMPTN	Exemption	N		Y	免除. 책임이나 의무 등을 면하여 줌
면허	LCNS	License	N		Y	免許. 특정한 일을 할 수 있는 공식적인 자격을 행정 기관이 허가함
명	NM	Name	Y	명	Y	名. 다른 것과 구별하기 위하여 사물, 단체, 현상 따위에 붙여서 부르는 말. ‘이름’의 
명령어	CMDL	COMMAND LANGUAGE	N		Y	命令語
 컴퓨터에 연산이나 일정한 동작을 명령하는 기계어.
모니터링	MNIT	Monitoring	N		N	모니터링
모델	MDL	Model	N		Y	Model. 작품을 만들기 전에 미리 만든 물건. 또는 완성된 작품의 대표적인 보기
모듈	MDLE	MODULE	N		Y	독립적이고 논리적으로 구분이 가능한 프로그램의 단위
모드	MODE	MODE	N		N	IT : 특정한 작업을 할 수 있는 어떠한 상태. 예를 들어, 키보드에서 한글 모드란 한글
목록	LIST	LIST	N		Y	目錄
 어떤 물품의 이름이나 책 제목 따위를 일정한 순서로 적은 것
목적	PRPS	Purpose	Y	내용	Y	目的. 실현하려고 하는 일이나 나아가는 방향
목차	CTNT	CONTENT	N		Y	目次
 목록이나 제목, 조항 따위의 차례.
무게	WT	WEIGHT	N		Y	중력에 의해 객체가 지구 중심으로 끌리는 힘
무단	WOPM	WITHOUT PERMISSION	N		Y	無斷
 사전에 허락이 없음.
문서	DOC	Document	N		Y	文書. 글이나 기호 따위로 일정한 의사나 관념 또는 사상을 나타낸 것
문서과	DCDV	DOCUMENT DIVISION	N		Y	기관을 대표하는 문서의 수발 및 사무처리를 주관하는 과
문서보존포맷	DFLP	DIGITAL DOCUMENT FILE FORMAT FOR LONG-TERM PRESERVATION)	N		N	전자문서를 장기간 보존하기 위해 문서가 생산된 당시의 애플리케이션이 없어도 해당문서의 내용
문의처	HLPDSK	HELP DESK	N		N	의문이나 궁금한 내용을 물오봐서 해소할 수 있는 곳( = 헬프데스크로 바꿔서 등록함)
문자	CHAR	CHARACTER	N		Y	文字
 글자
문제	PRBLM	Problem	N		Y	問題. 논쟁, 논의, 연구 따위의 대상이 되는 것
문항	QITEM	Question Item	N		Y	問項. 문제의 항목
문헌	LTRT	LITERATURE	N		Y	文獻
 옛날의 제도나 문물을 아는 데 증거가 되는 자료나 기록.
문화재	CLTPTY	Cultural Property	N		Y	文化財. 문화 활동에 의하여 창조된 가치가 뛰어난 사물
물건	THING	Thing	N		Y	物件. 일정한 형체를 갖춘 모든 물질적 대상
물리	PHYS	Physics	N		Y	物理. 물질의 물리적 성질과 그것이 나타내는 모든 현상
물품	CMDTY	Commodity	N		Y	物品. 일정하게 쓸 만한 값어치가 있는 물건
미농지	MGM	MINOGAMI	N		N	美濃紙 닥나무나 삼지 닥나무 껍질을 원료로 해서 손으로 뜬 일본 전통 종이
미등록	URGT	UNREGISTER	N		N	등록되지 않음
미반입	DNTK	DON'T TAKE IN	N		N	반입되지 않음
미상	UNKN	UNKNOWN	N		Y	미ː상(迷想)[명사]어지럽게 헷갈린 생각. 갈피를 잡지 못하는 생각.
미수집	UNCL	UNCOLLECTING	N		N	未蒐集 수집하지 못한 상태
미승인	UAPV	UNAPPROVED	N		N	승인되지 않은 상태
미확정	UCFM	UNCONFIRMED	N		N	확정되지 않은 상태
민원	CVLCPT	Civil Complaint	N		Y	民願. 주민이 행정 기관에 대하여 원하는 바를 요구하는 일
민원인	CVLPR	Civil Petitioner	N		Y	民願人. 행정 기관에 민원의 처리를 요구하는 자연인 또는 단체
바이러스	VIRS	VIRUS	N		Y	자기 자신을 복제할 수 있는 기능을 가지고 있으며 컴퓨터 프로그램이나 실행 가능한 부분을 
바이러스검사	VRIS	VIRUS INSPECTION	N		N	바이러스를 검사함
반납	RTN	Return	N		Y	返納. 도로 바침. 또는 도로 돌려줌
반려	RJCT	Reject	N		Y	返戾. 주로 윗사람이나 상급 기관에 제출한 문서를 처리하지 않고 되돌려줌
반복	REPTN	Repetition	N		N	反復. 같은 일을 되풀이함
반송	SNDBK	Send Back	N		Y	返送. 도로 돌려보냄
반영	RFLT	Reflection	N		Y	反映. 다른 것에 영향을 받아 어떤 현상이 나타남. 또는 어떤 현상을 나타냄
반입	CRYN	Carry In	N		Y	搬入. 운반하여 들여옴
반출	SHPGOT	Shipping Out	N		Y	搬出. 운반하여 냄
반출반입	TOTI	TAKE OUT AND TAKE IN	N		Y	搬出搬入
 [법률정의] (남북교류협력에 관한 법률) 매매?교환?임대차?사용대차?증여등을 원
반출입	IOUT	IN-OUT	N		N	搬出入 반입과 반출. 운반하여 들어옴과 내보냄
반환	GVBK	Giving back	N		Y	返還. 빌리거나 차지했던 것을 되돌려줌
발간	PBLC	PUBLICATION	N		Y	發刊
 책, 신문, 잡지 따위를 만들어 냄.
발급	ISSU	Issue	N		Y	發給. 증명서 따위를 발행하여 줌
발급자	ISPR	ISSUE PERSON	N		Y	발급을 담당한 자
발생	OCRN	Occurrence	N		Y	發生. 어떤 일이나 사물이 생겨남
발송	SNDNG	Sending	N		Y	發送. 물건, 편지, 서류 따위를 우편이나 운송 수단을 이용하여 보냄
발송자	SNDR	Sender	N		Y	發送者. 물건, 편지, 서류 따위를 부치거나 보낸 사람
발신	DSPTCH	Dispatch	N		Y	發信. 소식이나 우편 또는 전신을 보냄. 또는 그런 것
발신자	SNDPTY	Sending Party	N		Y	發信者. 소식이나 우편 또는 전신 따위를 보낸 사람
발의	PRPSL	Proposal	N		Y	發議. 회의에서, 심의할 의안(議案)을 내놓음
발표	PRSNTN	Presentation	N		Y	發表. 어떤 사실이나 결과, 작품 등을 세상에 널리 드러내어 알림
발표자	SPK	SPEAKER	N		N	어떤 사실이나 내용 따위를 널리 드러내어 알리는 일을 맡은 사람
발행	PBLCN	Publication	N		Y	發行. 출판물이나 인쇄물을 찍어서 세상에 펴냄
발행자	ISR	Issuer	N		Y	發行者. 출판물을 발행하는 사람 / 법이 정해 놓은 요건을 갖춘 어음이나 수표를 최초로 작
밝기	BRNS	BRIGHTNESS	N		N	화상에서 밝은 부분의 정도. 흑백 스캐닝에서는 그 정도를 분명히 표시하기 어렵다.
방문	VST	Visit	N		Y	訪問. 어떤 사람이나 장소를 찾아가서 만나거나 봄
방문자	VSTR	Visitor	N		Y	訪問者. 어떤 사람이나 장소를 찾아오는 사람
방법	MTHD	Method	N		Y	方法. 어떤 일을 해 나가거나 목적을 이루기 위하여 취하는 수단이나 방식
방식	WAY	WAY	N		N	方式
일정한 방법이나 형식
방지	PRVN	PREVENTION	N		Y	防止
 어떤 일이 일어나지 않도록 막음
배경	BCRN	BACKGROUND	N		Y	背景
 사건이나 환경을 둘러싼 주위의 정경
배달처	DLDTN	Delivery Destination	N		Y	配達處. 물건을 가져다가 몫몫으로 나누어 돌리는 곳, 또는 장소
배당	ALCTN	Allocation	N		Y	配當. 일정한 기준에 따라 나누어 줌
배부	DLRY	DELIVERY	N		Y	配付
 출판물이나 서류 따위를 나누어 줌.
배정	ALTMNT	Allotment	N		Y	配定. 몫을 나누어 정함
배치	DPOS	DISPOSITION	N		N	配置
 사람이나 물자 따위를 일정한 자리에 알맞게 나누어 둠.
배치율	DPRT	DISPOSITION RATE	Y		N	배치가 된 비율
배포	CRLTN	Circulation	N		Y	配布. 신문이나 책자 등을 널리 나누어 줌
백상지	WP	WOODFREE PAPER	N		N	白上紙 한국산업표준(KS M 7102)에서 정한 인쇄용지의 등급 중 특급 인쇄용지
버전	VER	VERSION	N		Y	어떤 소프트웨어가 몇 번 개정되었는지를 나타내는 번호
번호	NO	Number	Y	번호	Y	番號. 차례를 나타내거나 식별하기 위해 붙이는 숫자나 문자
범위	SCPE	SCOPE	N		Y	範圍
 테두리가 정하여진 구역. 어떤 것이 미치는 한계.
범주	CTGRY	Category	N		Y	範疇. 동일한 성질을 가진 부류나 범위
법	LAW	Law	N		Y	法. 국가의 강제력을 수반하는 사회 규범. 국가 및 공공 기관이 제정한 법률, 명령, 규칙
법령	LAOR	LAW AND ORDINANCES	N		Y	法令
 법률과 명령을 아울러 이르는 말
[법률정의] (법제업무운영규정) 법률?대통령령?총리
법원	CT	Court	N		Y	法院. 사법권을 행사하는 국가 기관
법인	CORP	Corporation	N		Y	法人. 자연인이 아니면서 법에 의하여 권리 능력이 부여 되는 사단과 재단
법인등록번호	CRNO	Corporation Registration Number	Y	법인등록번호	Y	法人登錄番號. 법인의 부동산등기용 등록번호로 법인의 설립등기(외국법인의 경우에는 국내에서 
법적	LGL	LEGAL	N		Y	법에 따른. 또는 그런 것.
법정	STTY	Statutory	N		Y	法定. 법률로 규정함
법정동	STDG	Statutory Dong(Administrative District)	N		Y	法定洞. 시 또는 구의 하위 행정구역으로 법률로 지정한 구역
법정리	STLI	Statutory Li(Administrative District)	N		Y	法定里. 촌락을 기준으로 한 일정한 명칭과 영역으로 법률로 지정한 구역
변경	CHG	Change	N		Y	變更. 다르게 바꾸어 새롭게 고침
변경사유	CHWH	CHANGE WHY	N		Y	變更事由
 변경을 시키는 이유
변경이력	CHHS	CHANGE HISTORY	N		Y	變更履歷
 과거로부터 어떤 정보를 변경한 내역
변경자	CHNRG	Changer	N		Y	變更者. 다르게 바꾸어 새롭게 고친 사람
변경전	BFCH	BEFORE CHANGE	N		Y	變更前
 바뀌기 이전
변경후	AFCH	AFTER CHANGE	N		Y	變更後
 바뀐 이후
변동	FLCTN	Fluctuation	N		Y	變動. 바뀌어 달라짐
변환	CNVR	CONVERSION	N		N	한 매체에서 또 다른 매체로 혹은 한 포맷에서 다른 포맷으로 기록을 바꾸는 처리과정
병상	SCKBD	Sickbed	N		Y	病牀. 병든 사람이 눕는 침상
병원	HSPTL	Hospital	N		Y	病院. 병자(病者)를 진찰, 치료하는 데에 필요한 설비를 갖추어 놓은 곳
보고	RPT	Report	N		Y	報告. 일에 관한 내용이나 결과를 말이나 글로 알림, 보고하는 글이나 문서
보고서	RPTP	Report Paper	N		Y	報告書. 보고하는 글이나 문서
보관	CSTD	CUSTODY	N		Y	保管
 물건 따위를 맡아서 관리함
[법률정의] (정부투자기관문서규정) 문서의 처리완결후부터
보관함	STBX	STORAGE BOX	N		N	保管函  물품을 간직하고 관리하기 위해 넣어 두는 곳
보내기	EXP	EXPORT	N		N	다른 컴퓨터 시스템에서 사용하기 위해 자신의 시스템 데이터 등을 끄집어내는 행위
[한국정보
보도	NSCVRG	News Coverage	N		Y	報道. 대중 매체로 새로운 소식을 알림. 또는 그 소식
보류	RSRV	RESERVATION	N		Y	保留
 어떤 일을 당장 처리하지 아니하고 나중으로 미루어 둠.
보안	SECU	Security	N		N	保安 안전을 유지함
보완	SPLMNT	Supplementation	N		Y	補完. 모자라거나 부족한 것을 보충하여 완전하게 함
보유	HOLD	HOLD	N		Y	保有
 가지고 있거나 간직하고 있음.
[법률정의] (공공기관의개인정보보호에관한법률) 개인정
보존	PRSR	PRESERVATION	N		Y	保存
 잘 지니어 상하거나 없어지거나 하지 않도록 함
[법률정의] (정부투자기관문서규정) 
보존매체	PRMD	PRESERVATION MEDIA	N		N	(영구기록물관리기관이) 전자기록물을 장기적으로 저장, 관리할 수 있는 디지털 정보 기억매체
보존소	RCAR	RECORD ARCHIVE	N		N	정부, 관공서 및 기타 조직체의 공문서와 사문서를 소장, 보관하는 문서관 또는 기록 보존소
보존처리	CSVT	CONSERVATION	N		N	훼손이 가속화되는 원본 기록물의 원형에 대해 지속되는 훼손과 열화를 감소 시키고 부작용 없
보증	GRNTE	Guarantee	N		Y	保證. 채무자가 채무를 이행하지 아니할 경우에, 채무자를 대신하여 채무를 이행할 것을 부담
보통	ODN	ORDINARY	N		N	평범함. 뛰어나지도 불쌍하지도 않음
보험	INSRNC	Insurance	N		Y	保險. 재해나 각종 사고 따위가 일어날 경우의 경제적 손해에 대비하여, 공통된 사고의 위협
보호	PROT	PROTECTION	N		Y	保護
 위험 따위로부터 약한 것을 잘 돌보아 지킴
보호자	PRTCR	Protector	N		Y	保護者. 어떤 사람을 보호할 책임이 있는 사람
복본	COPY	COPY	N		N	複本 원본을 그대로 베낀 서류     예) 복본구분코드
복원	RSTR	RESTORATION	N		N	훼손된 기록물을 원래 상태로 복구하기 위해 처리하는 과정
복제	RPRD	REPRODUCE	N		Y	複製
 본디의 것과 똑같이 만듦
[법률정의] (온라인디지털콘텐츠산업발전법) 온라인디지털콘텐
복제실	RPRM	REPLICATION ROOM	N		N	이중보존이나 전시 등에 활용하기 위하여 기록물을 복제하는 업무를 수행하는 장소
본관	MPP	MAIN PIPE	N		Y	本管
 원줄기의 관(管)을 지관(支管)에 상대하여 이르는 말
[법률정의] (도시가스사업법 
본문	BDT	BODY TEXT	N		Y	本文
 주요 내용을 이룬 부분의 글
본번	MNO	Main Number	Y	본번	Y	本番. 지번주소의 앞부분의 번호로, 단독으로 지번을 구성할 수 있는 번호
본사	HDOFC	Head Office	N		Y	本社. 주가 되는 회사를 지사(支社)에 상대하여 이르는 말
본적지	PRDM	PERMANENT DOMICILE	N		Y	本籍地
 호적이 있는 지역.
봉투	ENVL	ENVELOPE	N		Y	封套
 편지나 서류 따위를 넣기 위하여 종이 따위로 만든 주머니
부가가치세	VAT	Value Added Tax	N		Y	附加價値稅. 국세의 하나. 거래 단계별로 상품이나 용역에 새로 부가하는 가치에 대하여 매기
부과	LEVY	Levy	N		Y	賦課. 세금이나 부담금 등을 매기어 부담하게 함
부기	SPLMRC	Supplementary Record	N	내용	N	부가적인 또는 보충의 기록
부번	SNO	Sub Number	Y	부번	Y	附番. 지번주소에서 세부적인 영역을 표시하기 위해 지번주소 뒤에 줄표를 붙여 쓰는 번호
부분	PART	PART	N		Y	部分
 전체를 몇으로 나눈 것 중의 하나
부분공개	PDC	PARTIAL DISCLOSURE	N		N	공개 대상 정보와 비공개 대상 정보가 혼합되어 있는 경우,  정보공개 청구의 취지에 어긋나
부상자	INJPSN	Injured Person	N		Y	負傷者. 몸에 상처를 입은 사람
부서	DEPT	Department	N		Y	部署. 기관, 기업, 조직 따위에서 일이나 사업의 체계에 따라 나뉘어 있는, 사무의 각 부
부설	EXCSS	Excursus	N		N	부설 - 책 뒤에 붙인 여록
부속	ANX	Annex	N		Y	附屬. 주된 사물이나 기관에 딸려서 붙음. 또는 그렇게 딸려 붙은 사물.
부수	NOCP	NUMBER OF COPIES	Y		Y	部數
 책, 신문 따위의 출판물을 세는 단위인 부(部)의 수효.
부여	GRNT	Grant	N		Y	附與. 사람에게 권리/명예/임무 따위를 지니도록 해 주거나, 사물이나 일에 가치/의의 따위
부제목	SBTTL	Subtitle	Y	명	Y	副題目. 서적, 논문, 문예 작품 따위의 제목에 덧붙어 그것을 보충하는 제목
부처	GOVDEPT	Government Department	N		N	部處 정부 조직의 부와 처를 아울러 이르는 말
분	MNT	MINUTE	Y		Y	分
 한 시간의 60분의 1이 되는 동안을 세는 단위.
분류	CLSF	Classification	N		Y	分類. 종류에 따라서 가름
분배	DTRB	Distribution	N		N	分配 몫몫이 별러 나눔
분석	ANLS	Analysis	N		Y	分析. 얽혀 있거나 복잡한 것을 풀어서 개별적인 요소나 성질로 나눔
분야	FLD	Field	N		Y	分野. 여러 갈래로 나누어진 범위나 부분
분야A	RLMA	REALM A	N		N	예) 분야A
분야B	RLMB	REALM B	N		N	예) 분야B
분장	SEPFN	separation of functions	N		N	分掌 명사 일이나 임무를 나누어 맡아 처리함
분할	PRTTN	Partition	N		Y	分割. 나누어 쪼갬
불가	IMPR	IMPROPRIETY	N		Y	不可
 옳지 않음. 좋지 않음 할 수 없음. 되지 않음
불량	BADN	BADNESS	N		Y	不良
 물건 따위의 품질이나 상태가 나쁨.
불만족	NSF	NOT SATISFACTION	N		N	만족하지 못함
불일치	DCRD	DISCORD	N		N	不一致  의견이나 생각 따위가 서로 어긋나서 꼭 맞지 아니함
뷰어	VWR	VIEWER	N		N	워드, 아래한글, PDF 등 전자문서를 열어서 내용을 볼 수 있게 해주는 뷰어
블록	BLCK	Block	N		Y	Block. 시가지, 주거 지대 따위의 작은 단위들을 몇 개 합친 일정한 구획
비고	RMRK	Remarks	N		Y	備考. 문서 따위에서, 그 내용에 참고가 될 만한 사항을 보충하여 적는 것. 또는 그 사항
비공개	PRVT	Private	N		Y	非公開. 어떤 사실이나 사물, 내용 따위를 남에게 알리거나 보이지 아니함
비동의	DAGR	DISAGREEMENT	N		N	동의하지 않음
비디오	VID	VIDEO	N		Y	영상 신호를 다루는 장치나 회로
비밀	SRET	SECRET	N		Y	秘密
 남에게 보이거나 알려서는 안 되는 일의 내용
[법률정의] (보안업무규정) 그 내용이
비밀기록물	CREC	CLASSIFIED RECORDS	N		N	그 내용이 누설되는 경우 국가안전보장에 유해한 결과를 초래할 우려가 있는 국가기밀로서 보안
비밀번호	PSWD	Password	N		Y	秘密番號. 은행이나 컴퓨터 시스템 따위에서, 보안을 위하여 미리 약정하여 쓰는 개인 고유의
비상사태	SOE	STATE OF EMERGECY	N		N	즉각적인 대책을 요구하는 예상치 못한 사건
비상용	EUSE	Emergency Use	N		Y	非常用. 뜻밖의 긴급한 사태가 일어났을 때 씀. 또는 그런 물건
비율	RT	Rate	Y	비율	Y	比率.  다른 수나 양에 대한 어떤 수나 양의 비
비전자	NOELCT	NO ELECTRON	N		N	전자적인 형태가 아닌 정보처리능력을 갖지 않은 형태 또는 처리 방법
비정형	ATPCL	ATYPICAL	N		N	일정한 형태나 형식이 정하여지지 아니한 것
비채택어	UAWD	UNACCEPTED WORD	N		N	채택되지 않은 단어
비치	FRNS	FURNISHING	N		Y	備置
 마련하여 갖추어 둠.
비치기록물	FNPR	FURNISHING PUBLIC RECORDS	N		N	카드, 도면, 대장 등과 같이 주로 사람과 물품 또는 권리관계 등에 관한 사항의 관리나 확
비트심도	BITD	BIT DEPTH	N		N	비전자 문서에서 컬러(또는 회색의 음영)를 재현할 수 있는 컬러(또는 그레이 스케일 이미지
빈도	FQ	FREQUENCY	N		Y	頻度
 어떤 일이 되풀이되어 일어나는 정도
사건	INCDNT	Incident	N		Y	事件. 사회적으로 문제를 일으키거나 주목을 받을 만한 뜻밖의 일
사고	ACDNT	Accident	N		Y	事故. 뜻밖에 일어난 불행한 일. 사람에게 해를 입혔거나 말썽을 일으킨 나쁜 짓. 어떤 일
사료	HSMT	HISTORICAL MATERIAL	N		Y	史料
 역사 연구에 필요한 문헌이나 유물. 문서, 기록, 건축, 조각 따위를 이른다.
사망	DTH	Death	N		Y	死亡. 사람이 죽거나 생명을 잃음
사망자	DCSD	The Deceased	N		Y	死亡者. 죽은 사람
사무실	OFC	Office	N		Y	事務室. 사무를 보는 방
사본	MNSC	MANUSCRIPT	N		Y	寫本
 원본을 옮기어 베낌, 또는 그 베껴 놓은 문서나 책
사안	CSE	CASE	N		Y	事案
 법률적으로 문제가 되어 있는 일의 안건
[법률정의] (보안관찰법시행규칙) 보안관찰처
사업	BIZ	Business	N		Y	事業. 어떤 일을 일정한 목적과 계획을 가지고 짜임새 있게 지속적으로 경영함. 또는 그 일
사업비	PJTCO	Project Cost	N		Y	事業費. 일정한 사업을 하는 데 드는 비용
사업자	BZMN	Businessman	N		Y	事業者. 사업을 경영하는 사람
사업자등록번호	BRNO	Business Registration Number	Y	사업자등록번호	Y	事業者登錄番號. 사업자 등록을 할 때 국세청에서 전산시스템에 따라 자동으로 부여하는 번호
사업장	BPLC	Business Place	N		Y	事業場. 어떤 사업의 활동이 이루어지는 일정한 장소
사업체	BZENT	Business Enterprise	N		Y	事業體. 사업을 경영하는 한 기관으로서의 구성
사용	USE	Use	N		Y	使用. 일정한 목적이나 기능에 맞게 씀
사용기간	USPR	USAGE PERIOD	N		Y	使用期間
 사람이나 물건 등을 쓰거나 부리는 일정 시간
사용용도	USPP	USE PURPOSE	N		Y	使用用途
 쓰이는 곳이나 쓰는 법
사용자	USER	User	N		Y	使用者. 사람을 부리거나 물건을 쓰는 사람. 컴퓨터를 사용하는 사람
사유	RSN	Reason	Y	내용	Y	事由. 일의 까닭
사이징	SZG	SIZING	N		N	종이 가공 시 표면의 내수성을 향상시키기 위한 제조공정으로 물이나 잉크가 번지지 않도록 하
사이트	SITE	Site	N		Y	Site. 인터넷에서 사용자들이 정보가 필요할 때 언제든지 그것을 볼 수 있도록 웹 서버에
사전	PRE	PRE	N		N	事前 일이 일어나기 전
사진	PHOTO	Photograph	N		Y	寫眞. 물체의 형상을 감광막 위에 나타나도록 찍어 오랫동안 보존할 수 있게 만든 영상
사항	MTTR	Matter	Y	내용	Y	事項. 일의 항목이나 내용
사후관리	FLMN	FOLLOW-UP MANAGEMENT	N		Y	事後管理
 [법률정의] (정보통신기기 인증 규칙) 전기통신기본법 제36조제2항 및 전파법 
삭제	DEL	Deletion	N		Y	削除. 깎아 없애거나 지워 버림. 파일 내에 저장된 기록을 제거하거나 기억 장치에서 프로그
삭제사유	DTRN	DELETE REASON	N		Y	削除事由
 없앤 이유
삭제자	DLTR	DELETER	N		Y	削除者
 삭제한 사람 또는 조직
산	MTN	Mountain	N		Y	山. 평지보다 높이 솟아 있는 땅의 부분
산성화	ACID	ACIDIFICATION	N		N	재질이 산성으로 변화되는 현상
산전이	AMIG	ACID MIGRATION	N		N	기록물이 저장되거나 함께 묶였을 때 산성분이 산성 자료에서 산성분이 낮은 곳으로 이동하는 
산정	CMPTTN	Computation	N		Y	算定, 셈하여 정함.
산화	OXI	OXIDATION	N		N	원자로부터 전자를 잃는 반응. 협의로는 물질이 산소와 결합하는 것을 말하지만 일반적으로는 
상단	TOP	The Top, The upper shelf, The upper part	N		N	(선반 등의) the top, the upper shelf, the upper part[s
상담	DSCSN	Discussion	N		Y	相談. 문제를 해결하거나 궁금증을 풀기 위하여 서로 의논함
상대습도	RHM	RELATIVE-HUMIDITY	N		N	공기 중의 주어진 온도의 포화 수증기량에 대한 실제 수증기량의 비율을 퍼센트로 나타낸 것
상세	DTL	Details	N		Y	詳細. 낱낱이 자세함
상세유형	DTTY	DETAIL TYPE	N		Y	詳細類型
 자세한 종류
상세주소	DADDR	Detailed Address	Y	상세주소	Y	詳細住所. 건축물대장에 적혀 있는 동(棟)번호, 호(號)수 또는 층수
상신	RCMM	RECOMMENDATION	N		Y	상신(傷神)[명사][하다형 자동사]정신을 해침.
상위	UP	Upper	N		Y	上位. 높은 위치나 지위
상자	BOX	BOX	N		Y	箱子
 물건을 넣어 두기 위하여 나무, 대나무, 두꺼운 종이 같은 것으로 만든 네모난 그릇
상정	SBMS	SUBMISSION	N		Y	上程
 토의할 안건을 회의 석상에 내어 놓음.
상태	STTS	Status	N		Y	狀態. 사물ㆍ현상이 놓여 있는 모양이나 형편
상품	GDS	Goods	N		Y	商品. 사고파는 물품
상호	CONM	Company Name	Y	명	Y	商號. 상인이 영업 활동을 할 때에 자기를 표시하기 위하여 쓰는 이름
상환	RPMT	Repayment	N		Y	償還. 갚거나 돌려줌
새창	NPAG	New Page	N		Y	새로운 표시 화면상에서 나타나는 한 화면 분량의 데이터
색보정	CLB	CALIBRATION	N		N	입출력 시스템인 스캐너, 모니터, 프린터와 같은 장치들의 특성과 성질에 따라 색온도, 컬러
색상	COLOR	Color	N		N	色相 
색을 빨강, 노랑, 파랑 따위로 구분하게 하는, 색 자체가 갖는 고유의 특성
색인	INDX	INDEX	N		Y	索引
 책 속의 낱말이나 사항 등을 쉽게 찾아볼 수 있도록 일정한 순서로 배열해 놓은 목록
색인어	IWD	INDEX WORD	N		N	색인에 사용되는 단어
색채	CLOR	COLOR	N		Y	色彩
 어떤 사물이 지닌 경향이나 성질을 비유하여 이르는 말.
샘플	SMPL	SAMPLE	N		Y	전체 상품의 품질이나 상태 따위를 알아볼 수 있도록 미리 만들어 보이는 물건.
생년월일	BRDT	Birth Date	Y	연월일	Y	生年月日. 태어난 해와 달과 날
생략	OMS	OMISSION	N		Y	省略
 전체에서 일부를 줄이거나 뺌.
생산	PRDCTN	Production	N		Y	生産. 인간이 생활하는 데 필요한 각종 물건을 만들어 냄
생산기록물현황	PDPBRC	PRDC PBRC CRST	N		N	
생산기본목록	PDBS_LIST	PRDC BS LIST	N		N	
생산배부대장	PDLRYLIST	PRDC DLRY LIST	N		N	
생산시	PROD	PRODUCTION TIME	N		N	생산된 때, 생산된 시기
생산현황	PDST	PRDC RST	N		N	
생산현황관리	PDSTMNG	PRDC RST MNG	N		N	
생산현황서식구분	PDST_FOSE	PRODUCTION(생산) 
CURRENT STATUS(현황) 
FORM(서식) 
SECTION(구분)	N		N	
생산현황통계	PDSTTC	PDST STTC	N		N	
생성	CRT	Creation	N		Y	生成. 사물이 생겨남. 또는 사물이 생겨 이루어지게 함. 이전에 없었던 어떤 사물이나 성질
생성자	CREATR	Creator	N		Y	生成者. 사물이 생겨 이루어지게 한 사람
생일	BRTD	BIRTHDAY	Y		Y	生日 태어난 날, 탄생일
서가	BKSH	BOOKSHELF	N		Y	[書架]문서나 책 따위를 얹어 두거나 꽂아 두도록 만든 선반
서고	STK	STACKS	N		N	기록물을 보존하기에 적합한 시설과 설비를 구비한 장소
서류	DCMNT	Document	N		Y	書類. 글자로 기록한 문서를 통틀어 이르는 말
서버	SRVR	Server	N		Y	Server. 주된 정보의 제공이나 작업을 수행하는 컴퓨터 시스템
서비스	SRVC	Service	N		Y	생산된 재화를 운반ㆍ배급하거나 생산ㆍ소비에 필요한 노무를 제공함
서식	TMPLT	Template	N		Y	書式. 어떤 도식이나 서식에서 자주 사용되는 기본 골격
서열	ORD	Order	N		N	序列
 일정한 기준에 따라 순서대로 늘어섬. 또는 그 순서
선물	GIFT	GIFT	N		Y	膳物
 남에게 어떤 물건 따위를 선사함. 또는 그 물건.
[법률정의] (법원공무원의청렴유지
선정	SLCTN	Selection	N		Y	選定. 여럿 가운데서 어떤 것을 뽑아 정함
선택	CHC	Choice	N		Y	選擇. 여럿 가운데서 필요한 것을 골라 뽑음. 문제를 해결하기 위한 몇 가지 수단을 의식하
설계	DESIGN	Design	N		Y	設計. 건축ㆍ토목ㆍ기계 제작 등에서, 그 목적에 따라 실제적인 계획을 세워 도면 등으로 드
설계자	DSGNR	Designer	N		Y	設計者. 계획을 세운 사람. 또는 계획을 세워 만든 사람
설립	FNDN	Foundation	N		Y	設立. 기관이나 조직체 따위를 만들어 일으킴
설명	EXPLN	Explanation	Y	내용	Y	說明. 어떤 일이나 대상의 내용을 상대편이 잘 알 수 있도록 밝혀 말함. 또는 그런 말
설문	SRVY	Survey	N		Y	設問. 조사를 하거나 통계 자료 등을 얻기 위하여 어떤 주제에 대하여 문제를 내어 물음. 
설정	STNG	Setting	N		Y	設定. 새로 만들어 정해 둠
설치	INSTL	Installation	N		Y	設置. 어떤 일을 하는 데 필요한 기관이나 설비 따위를 베풀어 둠
성공	SCS	Success	N		Y	成功. 목적하는 바를 이룸
성명	FLNM	Full Name	Y	명	Y	姓名. 성과 이름을 아울러 이르는 말
세대	HH	Households	Y	수	Y	世帶. 현실적으로 주거 및 생계를 같이하는 사람의 집단
세대주	HSHLDR	Householder	N		Y	世帶主. 한 가구를 이끄는 주가 되는 사람
세로	VRTC	VERTICAL	N		Y	(좌우의 방향에 대하여) 아래위의 방향, 또는 그렇게 놓인 상태.
세목	TXITM	Tax Item	N		Y	稅目. 국민이 나라에 내는 조세의 종류별 명목
세미나	SEMINR	SEMINAR	N		N	전문인 등이 특정한 주제로 행하는 연수회나 강습회
세부	DETL	Detail	N		N	細部
 자세한 부분
세분류	DCLSF	Detailed Classification	N		Y	細分類. 이미 분류된 사물을 다시 한번 여러 갈래로 자세히 나누거나 가름. 또는 그런 것.
세션	SSSN	SESSION	N		Y	프로세스들 사이에서 통신을 하기 위해 메시지 교환을 통해 서로를 인식한 이후부터 통신을 마
세절	CHOP	CHOPPING	N		N	문서 등에 기록된 내용을 육안으로 판별할 수 없도록 파쇄기 등으로 잘게 자르는 행위
센터	CNTR	Center	N		Y	Center. 업무 따위를 이르는 말 뒤에 쓰여 그 일을 담당하는 곳을 나타내는 말
셀	CELL	CELL	N		N	예) 서고관리 - 셀일련번호, 셀(순)번호
셀룰로오스	CLLS	CELLULOSE	N		N	복합 탄수화물(complex carbohydrate)로 식물벽 세포의 주요구성물이며, 종이
소기능	SFCT	SMALL FUNCTION	N		Y	지방교육 기능별 분류체계의 5단계 분류
소독	SLR	STERILIZING	N		N	消毒 일반 병의 감염이나 전염을 예방하기 위하여 병원균을 죽이는 일
소독실	SLRM	STERILIZING ROOM	N		N	보존 중인 기록물에 대하여 미생물과 해충에 의하여 손상이 발생되지 않도록 소독처리 업무를 
소득	EARN	Earnings	N		Y	所得. 일한 결과로 얻은 정신적/물질적 이익
소득세	INCTX	Income Tax	Y	금액	Y	所得稅. 개인이 한 해 동안 벌어들인 돈에 대하여 액수별 기준에 따라 매기는 세금
소등	LOUT	LIGHTS OUT	N		N	消燈 등불을 끔
소멸	EXTSH	Extinguishment	N		Y	消滅. 사라져 없어짐
소분류	SCLSF	Small-Scale Classification	N		Y	小分類. 작게 나누어 가름
소속	OGDP	Organization/Department	N		Y	所屬. 일정한 단체나 기관에 딸림. 또는 그 딸린 곳
소요	REQ	Required	N		Y	所要. 필요로 하거나 요구되는 바
소유	PSN	Possession	N		Y	所有. 가지고 있음. 또는 그 물건
소유권	OWNSHP	Ownership	N		Y	所有權. 물건을 전면적ㆍ일반적으로 지배하는 권리
소유자	OWNR	Owner	N		Y	所有者. 어떤 것을 자기의 것으로 가지고 있는 자. 소유권을 가진 자
소장	OAK	OWN AND KEEPING	N		N	소유하여 간직함
소장처	HDPL	HOLDING PLACE	N		N	소장하고 있는 장소
소재지	LCTN	Location	N		Y	所在地. 주요 건물이나 기관 등이 자리 잡고 있는 곳
소집	CONV	CONVENE	N		N	召集
단체나 조직체의 구성원을 불러서 모음.
소켓	SOCK	SOCKET	N		N	어떤 통신망의 특정 노드상의 특정 서비스를 식별하는 식별자. 소켓은 노드 주소와 서비스를 
소프트웨어	SFTW	SOFTWARE	N		N	소프트웨어
속기사	STGP	STENOGRAPHER	N		Y	速記士
 속기를 직업으로 하는 사람.
속도	VE	VELOCITY	N		Y	速度
 물리에서, 움직이는 물체가 단위 시간에 이동한 거리.
속성	ATTR	ATTRIBUTE	N		Y	屬性 사물의 특징이나 성질. 데이터의 가장 작은 논리적 단위. 그 자체만으로는 중요한 의미
손망실	LOSS	LOSS	N		Y	損亡失
 축나거나 잃어버리거나 하여 손해를 봄, 또는 그 손해
송·수신모듈	TRMO	TRANSCEIVER MODULE	N		N	송신모듈과 수신모듈을 통칭하는 용어

비고 송신모듈은 업무시스템으로부터 전자기록물 전송요청
송수신	TARC	TRANSMIT AND RECEIVE	N		Y	送受信
 송신과 수신을 아울러 이르는 말.
송신	TRMT	TRANSMITION	N		Y	送信
 주로 전기적 수단을 이용하여 전신이나 전화, 라디오, 텔레비전 방송 따위의 신호를 
수	CNT	Count	Y	수	Y	數. 셀 수 있는 사물을 세어서 나타낸 값
수납	RCVMT	Receiving Money (or Thing)	N		Y	收納. 돈이나 물품을 받아들임
수납자	RCPN	Recipient	N		Y	收納者. 돈이나 물품을 받아들이는 사람
수량	QY	QUANTITY	Y		Y	數量
 비금전적인 수치의 값
수령	RECE	RECEIPT	N		N	受領
돈이나 물품을 받아들임
수령인	RECP	RECIPIENT	N		N	受領人
돈이나 물품을 받아들이는 사람.
수료	FNSH	Finish	N		Y	修了. 일정한 학과를 다 배워 끝냄
수리	RPR	Repair	N		Y	修理. 고장 나거나 허름한 데를 손보아 고침.
수선	REPR	REPAIRS	N		Y	물품의 하자등으로 본래의 기능을 갖도록 고치는 일
수수료	FEE	Fee	Y	요금	Y	手數料. 어떤 일을 맡아 처리해 준 데 대한 대가로서 주는 요금
수신	RCPTN	Reception	N		Y	受信. 우편이나 전보 따위의 통신을 받음
수신자	RCVR	Receiver	N		Y	受信者. 우편이나 전보 따위의 통신이나 유선 또는 무선 통신에서 신호를 받는 사람
수용	ACPT	Accept	N		N	受容 어떠한 것을 받아들임
수입	INCM	Income	N		Y	收入. 돈이나 물품 따위를 거두어들임. 또는 그 돈이나 물품
수입업체	IMPTR	Importer	N		Y	輸入業體. 다른 나라로부터 상품이나 기술 따위를 국내로 사들이는 업체
수정	MDFCN	Modification	N		Y	修正. 바로잡아 고침
수정자	MDFR	Modifier	N		Y	修正者. 바로 잡아 고친 사람
수집	CLCT	Collection	N		Y	蒐集. 취미나 연구를 위하여 여러 가지 물건이나 재료를 찾아 모음. 또는 그 물건이나 재료
수집처	GTPL	GATHERING PLACE	N		N	자료를 수집하는 부처
수취인	ADDRSE	Addressee	N		Y	受取人. 서류나 물건을 받는 사람
수행	FLFMT	Fulfillment	N		Y	遂行. 생각하거나 계획한 대로 일을 해냄
수험자	EXMNE	Examinee	N		Y	受驗者. 시험을 치르는 사람
순번	SEQ	SEQUENCIAL NUMBER	Y	번호	N	順番
 순서대로 매겨지는 번호.
순번호	CLNO	CELL NUMBER	Y		N	예) 서고관리 - 순번호, 셀(순)번호
순위	RANK	RANK	Y		Y	順位 어떤 기준에 의한 순번에 따라 정해진 위치나 지위
스캐닝	SCNN	SCANNING	N		N	비전자 기록물을 이미지(화상) 형태로 컴퓨터에 입력하여 디지털화하는 것
스캐닝실	SCRM	SCANNING ROOM	N		N	기록물을 광디스크에 수록·저장하거나 기타 서비스 등의 활용을 위하여 기록물 스캐닝 업무를 
스캔	SCAN	SCAN	N		Y	그림?사진 따위를 이전 부호로 변환하여 하나의 파일로 저장하는 일
스케줄	SCHD	SCHEDULE	N		Y	시간에 따라 구체적으로 세운 계획.
스케줄링	SCHR	SCHEDULING	N		N	일정계획. 일정을 계획하여 잡음
스키마	SCM	SCHEMA	N		N	일반적으로 메타데이터의 사용과 관리, 특히 의미론, 구문론, 설정값(강제 수준)에 관한 규
습도	HD	HUMIDITY	N		Y	濕度
 공기 가운데 수증기가 들어 있는 정도. 공기가 포함할 수 있는 최대 수증기의 양은 
승강기	ELVTR	Elevator	N		Y	昇降機. 동력을 사용하여 사람이나 화물을 아래위로 나르는 장치
승용	PSNGR	Passenger	N		Y	乘用. 사람이 타고 다니는 데 씀. 또는 그런 것
승인	APRV	Approval	N		Y	承認. 어떤 사실을 마땅하다고 받아들임. 어떤 특정한 행위에 대하여 행하는 승낙이나 동의
승인자	AUTZR	Authorizer	N		Y	承認者. 승인을 하는 권한을 가졌거나 승인을 한 사람이나 조직
승차정원	RDCPCT	Ride Capacity	N		Y	乘車定員. 자동차에 승차할 수 있도록 허용된 최대인원(운전자를 포함한다)을 말한다.
시각	TM	Time	Y	시분초	Y	時刻. 시간상의 한 순간을 시, 분, 초로 표기. 시간의 어느 한 시점
시간	HR	Hour	Y	시분초	Y	時間. 어떤 시각에서 어떤 시각까지의 사이
시공자	BLDR	Builder	N		Y	施工者. 공사를 맡아서 행하는 사람 또는 회사
시군	SIGUN	Si/Gun	N		Y	市郡. 시와 군을 아울러 이르는 말
시군구	SGG	Si/Gun/Gu	N		Y	市郡區. 행정 구역 단위인 ‘시’와, ‘군’과, ‘구’를 아울러 이르는 말
시기	MMT	MOMENT	N		N	時期
 어떤 일이나 현상이 진행되는 시점.
시대	ERA	ERA	N		N	역사적으로 어떤 표준에 의하여 구분한 일정한 기간.  지금 있는 그 시기. 또는 문제가 되
시도	CTPV	Cities And Provinces	N		Y	市道. 행정 구역으로 나눈 시와 도
시도	ATPT	ATTEMPT	N		N	試圖 어떤 것을 이루어 보려고 계획하거나 행동함.
시료	SPCM	Specimen	N		Y	試料. 시험, 검사, 분석 따위에 쓰는 물질이나 생물
시뮬레이션	SMLT	SIMULATION	N		Y	복잡한 문제나 사회 현상 따위를 해석하고 해결하기 위하여 실제와 비슷한 모형을 만들어 모의
시분초	STM	Specific Time	N		N	時刻
 시분초
시상	PRZ	PRIZE	N		N	상, 상품, 상을 주는 것
시설	FCLT	Facilities	N		Y	施設. 도구, 기계, 장치 따위를 베풀어 설비함. 또는 그런 설비
시설면적	FCAR	Facility Area	Y	면적	Y	施設面積. 하나의 부지 안에 있는 바닥 면적으로, 주차를 위한 바닥 면적을 제외하고, 공용
시소러스	THE	THESAURUS	N		N	키워드들 간의 계층관계와 동의어, 관련어 등을 설정하고 구조화한 어휘집
시스템	SYS	System	N		Y	System. 필요한 기능을 실현하기 위하여 관련 요소를 어떤 법칙에 따라 조합한 집합체
시작	BGNG	Beginning	N		Y	始作. 어떤 일이나 행동의 처음 단계를 이루거나 그렇게 하게 함. 또는 그 단계
시점	PNTM	POINT TIME	N		Y	時點
 시간의 흐름 가운데 어느 한 순간.
시점확인시스템	TSA	TIME-STAMPING AUTHORITY	N		N	행위의 시점을 기만하거나 부인하지 못하도록 공인된 현재시점 정보(타임스탬프)를 제공하는 기
시점확인정보	TST	TIMESTAMP TOKEN	N		N	전자기록물이 해당 공공기관에 제시된 시점을 확인한 정보.  

비고 행위의 시점을 기만하거
시청각	AUDV	AUDIOVISUAL	N		Y	시ː청?각(視聽覺)[명사] ‘시각’과 ‘청각’을 아울러 이르는 말.
시청각기록물	ADR	AUDIOVISUAL RECORDS	N		N	매체의 유형과 상관없이 영상이나 음성으로 저장·재생되는 기록물

비고 사진, 필름류, 녹음
시청각기록물보존현황	ADRPRST	ADR PRSR CRST	N		N	
시청각기록물생산현황	ADRPRDC	ADR PRDCRST	N		N	
시청각기록물작업실	ADRM	AUDIOVISUAL RECORDS 
WORKROOM	N		N	시청각기록물의 매체별 디지털화ㆍ매체변환ㆍ보존처리ㆍ복원을 통해 원본기록물의 보존성 및 활용성
시트	SHT	SHEET	N		N	서류철, 표 등의 시트
시행	ENFC	Enforcement	N		Y	施行. 실지로 행함. 법령을 공포한 뒤에 그 효력을 실제로 발생시키는 일
시행자	DVLR	Developer	N		Y	施行者. 일이나 사업 따위를 실지로 행하는 개인이나 사업자
시험	TEST	Test	N		Y	試驗. 재능이나 실력 따위를 일정한 절차에 따라 검사하고 평가하는 일
식별	IDNTF	Identification	N		Y	識別. 분별하여 알아봄
식별명	DN	Distinguished Name	N	명	N	식별 정보(DN: Distinguished Name)
식별자	IDTF	IDENTIFIER	N		Y	識別子
 특정한 객체나 엔티티를 지정하기 위한 하나 이상의 문자, 숫자, 혹은 특수 기호의
식품	FOOD	Food	N		Y	食品. 사람이 일상적으로 섭취하는 음식물을 통틀어 이르는 말
신고	DCLR	Declaration	N		Y	申告. 국민이 법령의 규정에 따라 일정한 사실을 진술ㆍ보고함
신고자	DCL	Declarer	N		Y	申告者. 신고하는 자
신구	NWD	NEW AND OLD	N		Y	新舊
 새것과 헌것을 아울러 이르는 말.
신규	NEW	New	N		Y	新規. 새로이 하는 일
신용카드	CRCD	Credit Card	N		Y	信用card. 상품이나 서비스의 대금 지급을 은행이 보증하여 일정 기간 뒤에 지급할 수 있
신청	APLY	Apply	N		Y	申請. 단체나 기관에 어떠한 일이나 물건을 알려 청구함
신청결과	APRS	APPLY RESULT	N		Y	申請結果
 신청에 대한 결과
신청서	APLD	APPLICATION DOCUMENT	N		N	申請書
 관청이나 기관, 단체에 대하여 어떤 사항을 요청하는 뜻을 나타내는 문서.
신청자	APLCNT	Applicant	N		Y	申請者. 관청이나 기관, 단체에 대하여 어떤 사항을 요청하는 사람
실적	PRFMNC	Performance	N		Y	實績. 실제로 이룬 업적이나 공적
실제	ACTL	Actual	N		Y	實際. 사실의 경우나 형편
실패	FAIL	Failure	N		Y	失敗. 일을 잘못하여 뜻한 대로 되지 아니하거나 그르침
실행	EXCN	Execution	N		Y	實行 실지로 행함. 컴퓨터를 명령어에 따라서 작동시키는 일
실행전	BFE	BEFORE EXECUTION	N		N	실행하기 전
심사	SRNG	Screening	N		Y	審査. 자세하게 조사하여 등급이나 당락 따위를 결정함
심의	DLBR	Deliberation	N		Y	審議. 심사하고 토의함
심의서	DLBDC	Deliberation Document	N		N	DELIBERATION(심의),DOCUMENT(문서)
심의회	DLCN	DELIBERATE COUNCIL	N		Y	審議會
 어떤 사항을 심의하기 위하여 모이는 회.
썸네일	THMNL	Thunbnail	N		N	IT : 페이지 전체의 레이아웃을 검토할 수 있게 페이지 전체를 작게 줄여 화면에 띄운 것
아이디	ID	ID	Y	명	Y	ID. 인터넷에서, 이용자의 신분을 증명할 수 있는 고유의 체계
아카이브키	ARCHIVE_KEY	ARCHIVE KEY	N		N	ALERO아카이브키(키는 height로 단어 등록이 되어 있어서 복합단어로 등록함. 아카이
아파트	APT	Apartment	N		Y	Apartment. 공동 주택 양식의 하나. 오 층 이상의 건물을 층마다 여러 집으로 일정
안건	AGND	Agenda	N		Y	案件. 토의하거나 조사하여야 할 사실
안내	GDNC	GUIDANCE	N		Y	案內
 어떤 내용이나 사정 등을 알림.
알고리즘	ALGR	ALGORITHM	N		N	어떤 문제를 해결하기 위한 방법을 규정하고 있는 정확한 규정
알람	ALM	Alarm	N		N	미리 정하여 놓은 조건에 맞추어 저절로 경고음이 나도록 되어 있는 장치
알칼리	ALK	ALKALI	N		N	물에 용해되었을 때 수산기(OH-)형태를 띠는 물질

비고 알칼리 성분은 산을 중화하기 위
암호	CIPHER	CIPHER	N		N	暗號 비밀을 유지하기 위하여 당사자끼리만 알 수 있도록 꾸민 약속 기호
암호화	ENCPT	Encryption	N		Y	暗號化. 통신할 내용을 일정한 체계에 따라 암호로 바꿈
압류	SZR	Seizure	N		Y	押留. 집행 기관에 의하여 채무자의 특정 재산에 대한 처분이 제한되는 강제 집행
압축	COMP	COMPRESSION	N		N	이미지의 저장이나 전송시 이미지 크기를 축소하기 위해 설계된 알고리즘. 압축 알고리즘이라고
액션	ACT	ACTION	N		N	(어떤 목적이나 문제 해결을 위한) 행동, 조치  (사람의) 동작
앨범	ALBM	ALBUM	N		Y	사진첩. 사진을 붙여 두기 위한, 두꺼운 종이로 만든 책.
약관	TRMS	Terms	N		Y	約款. 계약의 당사자가 다수의 상대편과 계약을 체결하기 위하여 일정한 형식에 의하여 미리 
약어	ABRV	ABBREVIATION	N		Y	略語 말 또는 단어의 일부분을 생략하여 간략화한 말.
약품	MDCN	Medicine	N		N	(의약품) medicine, drug
양성화	LGLZTN	Legalization	N		Y	陽性化. 어떤 사물 현상이 겉으로 드러남. 또는 사물 현상을 드러나게 함
양화	PSTV	POSITIVE	N		N	陽畵. 촬영을 한 음화 필름을 현상하여 인화한 필름을 통틀어 이르는 말
언어	LANG	LANGUAGE	N		Y	言語
 생각, 느낌 따위를 나타내거나 전달하는 데에 쓰는 음성, 문자 따위의 수단. 또는 
업로드	ULD	Upload	N		Y	컴퓨터 통신망을 통하여 다른 컴퓨터 시스템에 파일이나 자료를 전송하는 일
업무	TASK	Task	N		Y	業務. 직장 같은 곳에서 맡아서 하는 일
업무관리시스템	BMS	BUSINESS MANAGEMENT 
SYSTEM	N		N	행정(공공)기관이 업무처리의 전 과정을 과제관리카드 및 문서관리카드 등을 이용하여 전자적으
업무연속성계획	BCP	BUSINESS CONTINUITY PLAN	N		N	재난예방, 비상사태 대비, 재난대응과 회복, 그리고 업무의 중단이 발생하는 경우 업무재개과
업무영향분석	BIA	BUSINESS IMPACT ANALYSIS	N		N	조직의 각 부분에 심각한 업무중단이 발생한 경우에 조직의 평판을 포함하여 운영상, 재정상 
업종	TPBIZ	Type Of Business	N		Y	業種. 직업이나 영업의 종류
업체	BZENTY	Business Entity	N		Y	業體. 사업이나 기업의 주체
업태	BZSTAT	Business Status	N		Y	業態. 영업이나 사업의 실태
에뮬레이션	EMUL	EMULATION	N		N	원래의 소프트웨어 기능이 현재의 컴퓨터 환경에서 재생산될 수 있도록 하는 것으로 전자기록물
엑셀	EXCEL	Excel office software of Microsoft Corp.	N		N	Excel office software
여권번호	PNO	Passport Number	Y	여권번호	Y	旅券番號. 외국을 여행하는 국민에게 정부가 발급한 여권에 기재된 번호
여부	YN	Yes or No	Y	여부	Y	與否. 그러함과 그러하지 아니함
여유	MRGN	MARGIN	N		Y	餘裕
 물질적?공간적?시간적으로 넉넉하여 남음이 있는 상태.
역사	NHIS	NATIONAL HISTORY	N		N	인류 사회의 변천과 흥망의 과정 또는 그 기록
역자	TRLR	TRANSLATOR	N		Y	역자(譯者)[?짜][명사]번역한 사람.
역할	ROLE	ROLE	N		N	役割. 자기가 마땅히 하여야 할 맡은 바 직책이나 임무
연결	LNKG	Linkage	N		Y	連結. 사물과 사물을 서로 잇거나 현상과 현상이 관계를 맺게 함. 두 개의 프로그램을 결합
연계	LINK	Link	N		Y	連繫/聯繫. 어떤 일이나 사람과 관련하여 관계를 맺음. 또는 그 관계, 메인 루틴과 몇 개
연관	ASSC	ASSOCIATION	N		N	聯關
 사물이나 현상이 일정한 관계를 맺는 일.
연구	RSCH	RESEARCH	N		N	연구
연구자	RSCHR	RESEARCHER	N		N	연구자
연구참여자	RSCHPTC	RESEARCH PARTICIPANT	N		N	연구참여자 또는 공동연구자
연구책임자	RSCHDR	RESEARCH DIRECTOR	N		N	연구책임자 또는 책임연구자
연기	PSTP	POSTPONEMENT	N		Y	延期
 정해진 기한을 뒤로 물려서 늘림.
연도	YR	Year	Y	연도	Y	年度. 일정한 기간 단위로서의 그 해
연동	ILCK	INTERLOCK	N		Y	聯動
 기계나 장치 따위에서, 한 부분을 움직이면 연결되어 있는 다른 부분도 잇따라 함께 
연령	AGE	Age	Y	수	Y	年齡. 사람이나 동ㆍ식물 따위가 세상에 나서 살아온 햇수
연명	MNM	MULTIPLE NAME	N		N	다수인의 이름. 연쇄적인 이름들
연속간행물	SRPB	SERIAL, 
SERIAL PUBLICATION	N		N	정기적 혹은 부정기적으로 일정 기간을 두고 계속적으로 발간되는 간행물
연월	YM	Year and Month	Y	연월	Y	年月. 특정 연도와 월을 아울러 이르는 말
연장	EXTS	EXTENSION	N		Y	延長
 시간이나 거리 따위를 본래보다 길게 늘림.
연행	TTPS	TAKE TO A POLICE STATION	N		N	강제로 데리고 감. 특히 경찰관이 피의자를 체포하여 경찰서로 데리고 가는 일을 이른다.
열	COLM	COLUMN	N		N	행렬의 세로 열
열람	PRSL	Perusal	N		Y	閱覽. 책이나 문서 등을 죽 훑어보거나 조사하면서 봄
열람실	RDRM	READING ROOM	N		N	다양한 매체의 기록물을 일반인이 열람할 수 있도록 서비스를 제공하는 업무를 수행하는 장소
열람자	RDR	Reader	N		Y	閱覽者. 책이나 문서 등을 조사하거나 읽는 사람
열화	DTN	DETERIORATION	N		N	劣化 기록물의 주위 환경에 의하여 기록물이 상태의 변화 등 부분적인 손상은 있지만 내용 판
염료	DLQ	DYING LIQUID	N		N	종이, 가죽, 양피지 등과 같은 다양한 재료에 색상을 첨가하기 위해 사용되는 용매속의 물질
영구	PRMN	PERMANENCE	N		Y	永久
 어떤 상태가 시간상으로 무한히 이어짐.
영구기록관리시스템	AMS	ARCHIVES MANAGEMENT SYSTEM	N		N	영구기록물관리기관에서 영구기록물 관리를 전자적으로 수행하는 시스템
영구기록물관리기관	ARCHS	ARCHIVES	N		N	기록물의 영구보존에 필요한 시설 및 장비와 이를 운영하기 위한 전문 인력을 갖추고 기록물을
영문	ENG	English	N		Y	英文. 영어로 쓴 글 또는 영어를 표기하는 데 쓰는 문자
영어	ENGL	ENGLISH LANGUAGE	N		Y	英語 인도,유럽 어족 게르만 어파의 서게르만 어군에 속한 언어.
영역	RNG	RANGE	N		N	領域
 활동, 기능, 효과, 관심 따위가 미치는 일정한 범위.
예금주	DPSTR	Depositor	N		Y	預金主. 금융 기관에 예금을 한 경우, 해당 예금 계좌의 주인이 되는 사람
예비	PREP	PREPARATION	N		Y	豫備
 미리 준비함, 또는 그 준비
예비(임시)서고	TMPS	TEMPORARY STACK	N		N	기록물 업무처리를 위해 대기 중인 기록물을 보존하는 서고
예산	BGT	Budget	N		Y	豫算. 필요한 비용을 미리 헤아려 계산함. 또는 그 비용
예상	EXPC	EXPECTATION	N		Y	豫想
 어떤 일을 직접 당하기 전에 미리 생각하여 둠.
예시	EX	EXAMPLE	N		Y	例示
 예를 들어 보임
예약	RSVT	Reservation	N		Y	豫約. 미리 약속함. 또는 미리 정한 약속. 앞으로 일정한 계약을 맺을 것을 미리 약속하여
예정	PRNMNT	Prearrangement	N		Y	豫定. 앞으로 일어날 일이나 해야 할 일을 미리 정하거나 생각함
옛날	FTM	FORETIME	N		N	이미 지나간 어떤 날. 지난지 꽤 오래된 시기를 막연히 이르는 말    예) 옛날지명
오디오	AUD	AUDIO	N		N	음성 매체
오류	ERR	Error	N		Y	誤謬. 그릇되어 이치에 맞지 않는 일로 연산 처리 장치의 잘못된 동작이나 소프트웨어의 잘못
오프라인	OFLN	OFFLINE	N		N	장치들이 서로 접속할 능력을 가지고는 있지만 현재는 접속되어 있지 않은 상태
오픈소스	OPNS	OPEN SOURCE	N		N	소스코드나 표준을 공개하여 자유로운 개작, 재배포 등을 허용하면서도 저작권자의 권익을 보호
옥내	INDR	Indoor	N		Y	屋內. 집 또는 건물의 안
옥외	OTDR	Outdoor	N		Y	屋外. 집 또는 건물의 밖
온나라	ONNARA	Onnara service	N		N	온나라 서비스(Onnara service)는 대한민국 정부에서 행정안전부가 중앙행정기관과 
온도	TMPT	TEMPERATURE	N		Y	溫度
 덥고 찬 정도, 또는 그 도수.
온도적응서고	TAS	TEMPERATURE 
ADAPTATION  STACKS	N		N	컬러사진, 영화필름 등은 저온 보존하기 때문에 상온으로 이동하기 전 온도적응시간을 충분히 
온라인	ONLN	ONLINE	N		N	컴퓨터나 기타 주변장치들이 네트워크에 접속되어 있는 상태
옵션	OPTN	Option	N		N	option IT : 응용시스템에서 특정 기능을 실행할 때 선택할 수 있는 항목(검색 옵션
완료	CMPTN	Completion	N		Y	完了. 완전히 끝마침
완료자	CPLR	COMPLETER	N		Y	完了者
 완전히 끝마친 자.
외국	FRGN	FOREIGN	N		N	다른 나라
외국명	FNRN	FOREIGN COUNTRY NAME	N		Y	外國名
 대한민국 이외의 국가의 명칭
외국어	FGGG	FOREIGN LANGUAGE	N		Y	外國語
 다른 나라의 말.
외국인	FRGNR	Foreigner	N		Y	外國人. 우리나라의 국적을 갖지 않은 사람으로 법률상의 지위는 원칙적으로 한국인과 동일하지
외국인등록번호	FRNO	Foreigner Registration Number	Y	외국인등록번호	Y	外國人登錄番號. 국내에 입국일로 부터 90일을 초과하여 체류하는 외국인에게 부여하는 번호
외부	ETL	EXTERNAL	N		N	바깥, 외곽 등 내부와 반대되는 의미
외식	EATOUT	Eat Out	N		Y	外食. 집에서 직접 해 먹지 아니하고 밖에서 음식을 사 먹음. 또는 그런 식사
외필지	BYLT	Bylot	N		Y	外筆地. 대지가 둘 이상의 필지로 이루어진 경우에는 대표되는 지번 외 필지
요소	FCTR	FACTOR	N		Y	要素
 어떤 사물의 성립이나 효력 따위에 없어서는 안 될 근본적인 조건
요약	SMMR	SUMMARY	N		Y	要約
 말이나 글에서 중요한 것만을 추려 냄.
요주의	ATNT	Attention	N		Y	要注意. 각별한 주의가 필요함
요청	DMND	Demand	N		Y	要請. 필요한 어떤 일이나 행동을 청함. 또는 그런 청
요청자	RQSTR	Requester	N		Y	要請者. 필요한 어떤 일이나 행동을 청한 사람
용기	CTNR	CONTAINER	N		Y	容器
 물건을 담는 그릇
[법률정의] (고압가스 안전관리법) 고압가스를 충전하기 위한 것(
용도	USG	Usage	N		Y	用途. 쓰이는 길. 또는 쓰이는 곳
용도지역	ZNG	Zoning	N		Y	用途地域. 토지를 경제적/효율적으로 이용하고 공공복리의 증진을 도모하기 위하여 서로 중복되
용량	CPCT	CAPACITY	N		Y	容量 <컴퓨터> 저장할 수 있는 정보의 양
용적률	FART	Floor Area Ratio	Y	비율	Y	容積率. 대지 면적에 대한 건물 연면적(延面積)의 비율
우선순위	PRRT	PRIORITY	N		Y	優先順位
 어떤 것을 먼저 차지하거나 사용할 수 있는 차례나 위치.
우편번호	ZIP	Zip Code	Y	우편번호	Y	郵便番號. 우편물을 쉽게 분류하기 위하여 과학기술정보통신부에서 지역마다 매긴 번호
운영	OPER	Operation	N		Y	運營. 조직이나 기구, 사업체 따위를 운용하고 경영함. 어떤 대상을 관리하고 운용하여 나감
운전면허번호	DLN	Driver's License Number	Y	운전면허번호	Y	運轉免許番號. 도로에서 자동차나 오토바이 따위를 운전할 수 있는 자격을 관리하기 위해 매긴
워크플로우	WKFW	WORKFLOW	N		Y	조직의 의사결정, 부서간의 업무 과정 이해, 조직 분석, 그리고 작업 절차 등 전반적인 기
워터마크	WM	WATER MARK	N		N	워터마크
원도	WNDO	WONDO	N		N	예) 입력원도.   "입력년도"의 오타인지 확인 필요
원문	ORGD	ORIGINAL DOCUMENT	N		N	[原文] (베끼거나 번역한 것에 대하여) 본디의 글을 이르는 말. 본문
원본	ORGNL	Original	N		Y	原本. 베끼거나 고친 것에 대하여 근본이 되는 서류나 문건 따위
원산지	PLOR	The Place of Origin	N		Y	原産地. 물건의 생산지
원서	OGBK	ORIGINAL BOOK	N		N	번역되지 않은 본래의 원본 도서
원어	SRLN	SOURCE LANGUAGE	N		Y	원어(原語)[명사]번역하거나 고치거나 한 말의 본디의 말. 원말. 밑말. ↔역어(譯語).
원인	CAUS	CAUSE	N		Y	原因
 어떤 사물이나 상태를 변화시키거나 일으키게 하는 근본이 된 일이나 사건.
원저자	OATH	ORIGINAL AUTHOR	N		N	본래의 저자
원파일	ORGNFL	Original File	N		Y	原本file. 베끼거나 고친 것에 대하여 근본이 되는 하나의 단위로서 처리되는 서로 관련 
월	MM	Month	Y	월	Y	月. 한 달 동안, 달을 세는 단위
웹	WEB	WEB	N		Y	월드 와이드 웹의 준말. 세계 규모의 거미집 또는 거미집 모양의 망이라는 뜻으로, 하이퍼텍
웹기록물	WREC	WEB RECORDS	N		N	웹사이트에 포함된 모든 형태의 기록정보자료와 웹사이트 운영 및 구축과 관련된 관리정보
웹카피	WBCP	WEB COPY	N		N	인터넷 웹사이트의 내용을 복사함
위도	LAT	Latitude	Y	위도	Y	緯度. 지구 위의 위치를 나타내는 좌표축 중에서 가로로 된 것. 적도를 중심으로 하여 남북
위반	VLTN	Violation	N		Y	違反. 법률, 명령, 약속 등을 지키지 않고 어김.
위원	MBRC	Member of the committee	N		N	위원회의 구성 멤버
위원회	CMIT	COMMITTEE	N		Y	委員會
 특정한 목적 아래 위원으로써 구성된 합의체
[법률정의] (당정협조업무 운영규정) 
위촉	ENTRST	Entrusting	N		Y	委囑. 어떤 일을 남에게 부탁하여 맡게 함
위치	PSTN	Position	N		Y	位置. 일정한 곳에 자리를 차지함. 또는 그 자리
위험	RSK	RISK	N		N	조직의 보호대상이 되는 유·무형의 자산에 손실 또는 부정적인 영향을 미칠 가능성
위험관리	RSKM	RISK MANAGEMENT	N		N	보호대상이 되는 유·무형의 자산이 직면할 수 있는 위험을 조직이 감당할 수 있는 일정수준 
위험분석	RSKA	RISK ANLAYSIS	N		N	보호대상, 위협, 취약성, 기존 보호대책 등을 분석하여 위험의 종류와 규모를 결정하는 일련
위험평가	RSKAS	RISK ASSESSMENT	N		N	발생 가능성이 있는 재난과 비상사태를 사전에 식별하여 해당 기관에 어떤 피해를 입힐 수 있
유리원판	GLPL	GLASS PLATE	N		N	비활성 투명 유리 기록매체. 유리는 네가티브와 포지티브 유제층 지지체로 이상적이나 무게나 
유무	ENNC	EXISTENCE AND NONEXISTENCE	Y		Y	有無
 있음과 없음.
유선	WRD	Wired	N		Y	有線. 전선에 의한 통신 방식
유의사항	CTCMT	CAUTION COMMENT	N		N	주의 또는 유의해야 하는 사항
유지	KP	KEEPING	N		N	계속하여 지속함
유출	EFFL	EFFLUX	N		Y	流出
 귀중한 물품이나 정보 따위가 불법적으로 나라나 조직의 밖으로 나가 버림.
유통	RTL	Retail	N		Y	流通. 화폐나 물품 따위가 세상에서 널리 쓰임.
유형	TYPE	Type	N		Y	類型. 성질이나 특징 따위가 공통적인 것끼리 묶은 하나의 틀. 또는 그 틀에 속하는 것
유효	VLD	Validity	N		Y	有效. 보람이나 효과가 있음, 법률적 행위가 당사자나 법률이 의도한 본래의 효과가 있음
유효성	VLDT	VALIDITY	N		N	有效性 값이 타당한지 여부. 실효성,효력
유효성검사	VDIS	VALIDITY INSPECTION	N		N	유효성을 검사함
육안	NKE	NAKED EYE	N		N	안경이나 망원경, 현미경 따위를 이용하지 아니하고 직접 보는 눈.
육안검수	EYCH	EYE CHECKING	N		N	눈으로 직접 보고 검수함
은행	BANK	Bank	N		Y	銀行. 예금을 받아 그 돈을 자금으로 하여 대출, 어음 거래, 증권의 인수 따위를 업무로 
을	THEB	THE B	N		N	차례나 등급을 매길 때 둘째를 이르는 말. 둘 이상의 사물이 있을 때 그중 하나를 가리키는
음향	SOND	SOUND	N		Y	音響
 소리의 울림. 울리어 귀로 느끼게 되는 소리.
음화	NGTV	NEGATIVE	N		N	陰?. 사진의 건판(乾板)에 감광시켜 현상한 모양.
읍면동	EMD	Eup/Myun/Dong	N		Y	邑面洞. 행정 구역 단위인 ‘읍’과 ‘면’과 ‘동’을 아울러 이르는 말
응답	RSPNS	Response	N		Y	應答. 부름이나 물음에 응하여 답함
응답자	RSPDNT	Respondent	N		Y	應答者. 부름이나 물음에 응답하는 사람
응모자	ENTRY	ENTRY	N		N	공개 모집에 응하는 사람
응용	PRCT	PRACTICE	N		Y	應用
 어떤 이론이나 이미 얻은 지식을 구체적인 개개의 사례나 다른 분야의 일에 적용시켜 
의견	OPNN	Opinion	N		Y	意見. 어떤 대상에 대하여 가지는 생각
의견조회	OPIN	OPINION INQUIRY	N		Y	민원의 법령해석에 관한 질의, 건의성 민원등 주무부서의 의견.결정이 필요한 경우 해당부서에
의결	DESCN	Decision	N		N	議決 명사 의논하여 결정함. 또는 그런 결정
의뢰	RQST	Request	N		Y	依賴. 굳게 믿고 의지함. 남에게 부탁함
의뢰서	RQDC	REQUEST DOCUMENT	N		Y	依賴書
 어떤 일을 남에게 부탁하는 내용을 적은 글.
의료	MDLCR	Medical Care	N		Y	醫療. 의술로 병을 고침. 또는 그런 일
의무	DUTY	DUTY	N		Y	義務
 규범에 의하여 부과되는 부담이나 구속.
의미	MNNG	Meaning	Y	내용	Y	意味. 말이나 글의 뜻
의사	DR	Doctor	N		Y	醫師. 일정한 자격을 가지고 병을 고치는 것을 직업으로 하는 사람
이관	TRNSF	Transfer	N		Y	移管. 관할을 옮김. 또는 옮기어 관할함
이내	WTHN	Within	N		Y	以內. 일정한 범위나 한도의 안. 시간, 거리, 수량 따위를 나타낼 때에 두루 씀
이동	MVMN	Movement	N		Y	移動. 움직여 옮김. 또는 움직여 자리를 바꿈
이동식서가	MSH	MOBILE RACKS; 
MOBILE SHELVING	N		N	기록물을 서고에 밀집시켜 보존하기 위하여 이동이 가능하도록 제작한 서가
이력	HSTRY	History	N		Y	履歷. 지금까지 거쳐 온 학업, 직업, 경험 등의 내력
이메일	EML	Email	N		Y	컴퓨터의 단말기 이용자끼리 통신 회선을 이용하여 주고받는 글
이메일주소	EMLADR	EMAIL ADDRESS	Y		N	컴퓨터 통신망을 통해서 메시지를 전송하는 것,또는 전송된 메시지를 관리하는 주
이미지	IMG	Image	N		Y	Image. 시각적으로 표현하기 위하여 제공된 그래픽 콘텐츠. 이미지는 픽셀의 조합으로 구
이상	ABNR	ABNORMAL	N		Y	異常
 비정상의,  예외적인; 변칙의
이슈페이퍼	ISSPR	ISSUE PAPER	N		N	이슈 보고서, 이슈 페이퍼
이완	RLX	RELAXATION	N		N	기록물에 발생한 접히거나 주름진 자국, 비틀림 등을 제거하기 위해 변형이나 손상 없이 기록
이용	UTZTN	Utilization	N		Y	利用. 대상을 필요에 따라 이롭게 씀
이의	OBJC	Objection	N		Y	異議. 다른 의견이나 논의, 민법에서 타인의 행위에 대하여 반대 또는 불복의 의사를 표시하
이자	INT	Interest Charge	Y	금액	Y	利子. 남에게 돈을 빌려 쓴 대가로 치르는 일정한 비율의 돈
이전	BFR	Before	N		Y	以前. 기준이 되는 때를 포함하여 그보다 앞
이후	AFTR	After	N		Y	以後. 기준이 되는 때를 포함하여 그보다 뒤
인	HYMN	HUMAN	N		N	人
사람인
인가	SNCN	Sanction	N		Y	認可. 인정하여 허가함
인가된사용자	AUSR	AUTHORIZED USER	N		N	기록관리시스템의 특정 기능을 사용할 수 있도록 허가된 자
인건비	LBRCO	Labor Cost	N		Y	人件費. 사람을 부리는 데에 드는 비용
인계	HNDV	HANDOVER	N		Y	引繼
 하던 일이나 물품을 넘겨주거나 넘겨받음
[법률정의] (정부투자기관문서규정) 완결된 
인계자	PHND	PERSON IN HANDOVER	N		N	인계하는 사람.
인구	PPLTN	Population	N		Y	人口. 일정한 지역에 사는 사람의 수
인물	PRSN	PERSON	N		Y	일정한 상황에서 어떤 역할을 하는 사람.
인쇄	PRNT	PRINTING	N		Y	印刷
 문자나 그림˙사진 등을 종이나 기타 물체의 겉면에 옮겨 찍어서 여러 벌의 복제물(複
인수	ACPTN	Acceptance	N		Y	引受. 물건이나 권리를 건네받음
인수서	ACPP	ACCESSION PAPER	N		N	인수됨을 확인하는 문서
인수실	ACRM	ACCESSION ROOM	N		N	기록관 또는 특수기록관으로부터 기록물을 인수하는 공간

비고 이관 목록과 원본의 일치여부,
인수인계	TKOV	TAKING OVER	N		N	引受引繼  업무(業務) 물려받고 넘겨줌
인수자	ACPTR	Acceptor	N		Y	引受者. 물건이나 권리를 건네받는 사람
인용표준	NREF	NORMATIVE REFERENCE	N		N	어떤 표준이 그 규정의 일부를 구성하기 위하여 인용하는 한국산업표준, 국제표준, 기록관리표
인원	NMPR	NUMBER OF PERSON	N		Y	人員 단체를 이루고 있는 사람들.
인원수	NOPE	The Number of Persons	Y	수	Y	人員數. 사람의 수효
인증	CERT	Certification	N		Y	認證. 어떠한 문서나 행위가 정당한 절차로 이루어졌다는 것을 공적 기관이 증명함
인증기관	CTFA	CERTIFICATE AUTHORITY	N		N	사용자 및 다른 인증기관들에게 공개키 인증서를 발급하는 기관. 인증서 폐기 목록을 주기적으
인증서	CTFE	CERTIFICATE	N		N	공개키와 사용자의 관계를 연결하여 주는 전자 정보. 인증기관에서 발급한다.
인증서주체	CTFS	CERTIFICATE SUBJECT	N		N	전자서명 행위의 주체로서 책임과 권한이 부여되는 사람 또는 시스템. 혹은 해당 전자서명을 
인증서폐기목록	CRL	CRL, CERTIFICATE REVOCATION LIST	N		N	유효기간이 남아 있는 인증서 중 개인키 분실, 퇴직, 보직 변경 등으로 인해 사용할 수 없
인코딩	ENC	ENCODING	N		N	기계적 처리를 위해 고안된 구문 또는 신호를 특정한 부호들의 나열로 그 형태를 바꾸는 것

인터넷	INET	INTERNET	N		Y	국제 컴퓨터 통신망의 한 가지. 서로 다른 컴퓨터 또는 네트워크 사용자들과 연결, 여러 가
인허가	LCPMT	Licenses And Permits	N		Y	認許可. 인가와 허가를 아울러 이르는 말
인화지	PHPP	PHOTOGRAPHIC PAPER	N		N	印畵紙 종이를 지지체(支持體)로 하는 사진우제(乳劑)를 도공하여 만드는 감광지(減光紙)의 
일	DAY	Day	N		Y	日. 하루 동안
일괄	PKG	PACKAGE	N		N	一括
개별적인 여러 가지 것을 한테 묶음.
일괄작업	PKGWK	PACKAGE WORK	N		N	一括
개별적인 여러 가지 것을 한테 묶음.
作業
 일정한 목적과 계획 아래 하는 일.
일련번호	SN	Serial Number	Y	일련번호	Y	一連番號. 일률적으로 연속되어 있는 번호
일반	GENR	Generality	N		N	전체에 두루 해당되는 것
일본어	JAPL	JAPAN LANGUAGE	N		N	일본 민족이 쓰는 일본의 공용어.
일시	DT	Date and Time	Y	연월일시분초	Y	日時. 날짜와 시간을 아울러 이르는 말로 연월일시분초를 나타냄
일자	YMD	YEAR Month Day	Y	연월일	Y	日子/日字. 어느 날이라고 정한 날로 연월일을 나타냄
일정	SCHDL	Schedule	N		Y	日程. 일정한 기간 동안 해야 할 일의 계획을 날짜별로 짜 놓은 것
임시	TMPR	Temporary	N		Y	臨時. 미리 정하지 아니하고 그때그때 필요에 따라 정함
임용	APNTMN	Appointment	N		Y	任用. 직무를 맡기어 사람을 씀
입고	WRHS	Warehousing	N		Y	入庫. 물건을 창고에 넣음
입국	ENTCNY	Entering a Country	N		Y	入國. 자기 나라 또는 남의 나라 안으로 들어감
입금	DPST	Deposit	N		Y	入金. 돈을 들여놓거나 넣어 줌. 또는 그 돈
입금자	PYR	Payer	N		Y	入金者. 은행 등지에 돈을 들여놓는 사람
입대	ENLSTM	Enlistment	N		Y	入隊. 군대에 들어가 군인이 됨
입력	INPT	Input	N		Y	入力. 문자나 숫자를 컴퓨터가 기억하게 하는 일
입력자	KBRDR	Keyboarder	N		Y	入力者. 문자나 숫자를 컴퓨터가 기억하게 하는 행위를 하는 사람
입사	JNCMP	Joining a Company	N		Y	入社. 회사 따위에 취직하여 들어감
입산	MTCG	Mountain-Climbing	N		Y	入山. 산속에 들어감
입수	OBTN	OBTAINMENT	N		Y	入手
 손에 넣거나 손에 들어옴
입찰	BID	Bid	N		Y	入札. 상품의 매매나 도급 계약을 체결할 때 여러 희망자들에게 각자의 낙찰 희망 가격을 서
입학	MTCLTN	Matriculation	N		Y	入學. 학생이 되어 공부하기 위해 학교에 들어감. 또는 학교를 들어감.
잉크	INK	INK	N		N	글씨를 쓰거나 인쇄하는 데 쓰는, 빛깔 있는 액체     예) 잉크상태설명
자격	QLFC	Qualification	N		Y	資格. 일정한 신분이나 지위를 가지거나 일정한 일을 하는 데 필요한 조건이나 능력
자격증	CRTFCT	Certificate	N		Y	資格證. 일정한 자격을 인정하여 주는 증서
자기매체	MMD	MAGNETIC MEDIA	N		N	기록매체의 재질이 자기적 특성을 이용해서 데이터를 수록하고 재생하는 디지털 정보기억매체
자기매체서고	MMS	MAGNETIC MEDIA STACKS	N		N	오디오, 비디오 등 자기매체류를 보존하는 서고
자동	AUTO	Auto	N		N	自動 기계나 설비 따위가 자체 내에 있는 일정한 장치의 작용에 의하여 스스로 작동함
자동차등록번호	VHRNO	Vehicle Registration Number	Y	자동차등록번호	Y	自動車登錄番號. 국토교통부장관이 고시한 기준에 따라 자동차의 종류와 용도별로 구분하여 자동
자료	DATA	Data	N		Y	資料. 연구나 조사 따위의 바탕이 되는 재료
자료관	ARSM	Archives Museum	N		N	기록물을 대여하는 기관이나 건물
자료실	RSRM	RESOURCE ROOM	N		Y	資料室
 공유하고자 하는 문서, 파일 등을 보관하고 찾아볼 수 있도록 한 장소
자본금	CPTL	Capital	N		Y	資本金. 영리를 목적으로 사업에 투자한 돈
자산	AST	Asset	N		Y	資産. 개인이나 법인이 소유하고 있는 경제적 가치가 있는 유형/무형의 재산
자원	RSRC	RESOURCE	N		Y	資源
 인간 생활 및 경제 생산에 이용되는 원료로서의 광물, 산림, 수산물 따위를 통틀어 
자주식	SFPRPL	Self-Propelled	N		Y	自走式. 엔진, 바퀴 따위를 갖추어 스스로 움직이는 방식
자체	ONSL	ONESELF	N		Y	自體
 바로 그 본래의 바탕.
자체관리	SFMN	ONESELF MANAGEMENT	N		N	기관내에서 자체적으로 관리함
자체관리기관	SMA	SELF-MANAGEMENT AGENCY	N		N	「공공기록물 관리에 관한 법률 시행령」 제3조 각 호에서 정하는 기관 중 직접관리기관을 제
자택	HOME	Home	N		Y	自宅. 자기 집
작곡자	CPSR	COMPOSER	N		Y	작곡?자(作曲者)[?꼭짜][명사]작곡한 사람.
작사자	LYWR	LYRIC WRITER	N		N	作詞者 노랫말을 지은 사람 예) 작사자명
작성	WRT	Writing	N		Y	作成. 서류, 원고 따위를 만듦
작성자	WRTR	Writer	N		Y	作成者. 서류, 원고 등을 만든 사람
작업	JOB	Job	N		Y	作業. 일을 함. 또는 그 일로 일정한 목적과 계획 아래 하는 일
작업자	OPRTR	Operator	N		Y	作業者. 일을 하는 사람
잔액	BLNC	Balance	Y	금액	Y	殘額. 나머지 액수
잠금	LOCK	LOCK	N		Y	걸거나 채우거나 해서 함부로 열 수 없게 하다
잡서	MSBK	MISCELLANEOUS BOOKS	N		N	雜書  1. 여러 가지 잡다한 사실을 적은 책.  2. 되는대로 함부로 모아 엮은 책.  
장기	LNTR	LONG TERM	N		Y	長期
 오랜 기간.
장기검증관리체계	LTVM	LONG-TERM VALIDATION 
MANAGEMENT SYSTEM	N		N	국가기록원에서 시행하는 전자기록물에 대한 전자서명 및 검증 시 이용되는 시스템. 전자서명장
장기검증데이터	LTVD	LONG-TERM VALIDATION DATA	N		N	ES, ES-T, ES-C, ES-X, ES-A 등의 형식을 가지는 데이터에 대한  통칭으
장기검증통합연계API	LAPI	LONG-TERM VALIDATION 
UNIFICATION CONNECTION API(APPLICATION PROGRAMMING INTERFACE)	N		N	장기검증관리체계와 연계하는 각급 기록관리시스템 등에서 전자기록물 전자서명 장기검증 등의 기
장기보존	LTP	LONG-TERM PRESERVATION	N		N	전자기록물에 접근할 수 있고 진본의 상태를 유지하여 증거로서 인정받을 수 있도록 하는 보존
장기보존포맷	LTPF	LONG-TERM PRESERVATION FORMAT	N		N	장기간 전자기록물의 진본성을 무결하게 보존하기 위하여 전자기록물 원문, 문서보존포맷, 메타
장비	EQPMNT	Equipment	N		Y	裝備. 갖추어 차림. 또는 그 장치와 설비
장소	PLC	Place	N		Y	場所. 어떤 일이 이루어지거나 일어나는 곳
장애	DSBLTY	Disability	N		Y	障礙. 신체 기관이 본래의 제 기능을 하지 못하거나 정신 능력이 원활하지 못한 상태
장애인	PWDBS	People With Disabilities	N		Y	障礙人. 신체의 일부에 장애가 있거나 정신 능력이 원활하지 못해 일상생활이나 사회생활에서 
재	R	RE	N		N	再
재차, 거듭, 다시한번
재검사	RINSP	REINSPECTION	N		Y	재검사(再檢査)[명사][하다형 타동사] (한 번 검사한 것을) 다시 검사함, 또는 그 검사
재난	DSTR	DISASTER	N		N	인간의 생명ㆍ신체 및 재산과 조직에 피해를 주거나 줄 수 있는 자연재해, 인재 또는 이 두
재난관리	DSMN	DISASTER MANAGEMENT	N		N	재난의 예방ㆍ대비ㆍ대응 및 복구를 위하여 행하는 모든 활동
재난관리대비	DPR	DISASTER PREPAREDNESS,
PREPARATION	N		N	재난이 발생할 경우를 가정하고 원활히 대응할 수 있도록 사전에 준비하는 재난관리 활동
재난관리복구	RCOV	RECOVERY	N		N	재난이 일어난 후에 기록물이나 시설을 재난 발생 이전의 원래 상태로 되돌리기 위한 재난관리
재난복구계획	DRP	DISASTER RECOVERY PLAN	N		N	조직이 재난의 피해를 최소화하고, 중요 기능을 그대로 유지하거나 또는 신속히 재개할 수 있
재난복구시스템	DRS	DISASTER RECOVERY SYSTEMS	N		N	천재지변이나 해킹 등 각종 재해에 대비해 시스템을 회복 가능한 상태로 구축한 시스템
재배치	RPOS	REPOSTING	N		Y	再配置
 다시 물건을 알맞은 자리에 나누어 둠
재변환	RCVN	RE-CONVERSION	N		N	다시 변환함
재분류	CLGN	CLASSIFICATION AGAIN	N		Y	再分類
 다시 분류함
재생	RVVL	REVIVAL	N		Y	再生
 낡거나 못 쓰게 된 물건을 가공하여 다시 쓰게 함.
재생성	RECR	Recreation	N		N	다시 만듦
재이관	RETRNSF	Transfer Again	N		N	다시 이관함
재전송	RETR	RETRANSMISSION	N		N	이미 전송한 파일 또는 파일블록을 다시 전송하는 기능
재접수	RERCPT	Receive Again	N		N	다시 접수함
재직	HDOF	Hold Office	N		Y	在職. 어떤 직장에 소속되어 근무하고 있음
재질	QOMT	QUALITY OF MATERIAL	N		Y	材質
 재료가 가지는 성질.
재책정	REAP	RE-APPROPRIATION	N		N	다시 책정함
재평가	REVL	Evaluation Again	N		N	다시 평가함
재확정	RECFMTN	Confirmation Again	N		N	다시 확정함
저온냉각	DFRZ	DEEP FREEZING	N		N	물에 젖은 기록물의 훼손이 심화되는 것을 예방하거나 해충을 없애기 위해서 기록물을 -18°
저자	AUT	Author	N		Y	著者. 글로 써서 책을 지어 낸 사람
저작권	CPYR	COPYRIGHT	N		Y	著作權
 문학, 예술, 학술에 속하는 창작물에 대하여 저작자나 그 권리 승계인이 행사하는 
저작물	LTWK	LITERARY WORK	N		N	著作物 사상이나 기술, 연구 결과, 문예 작품 따위를 글로 써서 책으로 펴낸 것
저장	STRG	Storage	N		Y	貯藏. 물건이나 재화 따위를 모아서 간수함
저장매체	STMD	STORAGE MEDIA	N		N	기록물관리기관이 전자기록물을 단기, 중기적으로 보관할 수 있도록 규정한 디지털 정보기억매체
적발	DSCL	Disclose	N		Y	摘發. 숨겨져 있는 일이나 드러나지 아니한 것을 들추어냄
적용	APLCN	Application	N		Y	適用. 알맞게 이용하거나 맞추어 씀
적합	STBLT	Suitability	N		Y	適合. 일이나 조건 따위에 꼭 알맞음
적합성수준	CLV	CONFORMANCE LEVEL	N		N	파일과 판독기가 반드시 준수해야 하는 제약사항과 요구사항들의 식별된 집합
전거	REFS	REFERENCE SOURCE	N		N	말이나 문장의 근거가 되는 문헌상의 출처
전거레코드	ARC	AUTHORITY RECORDS	N		N	기록물 목록에서 접근점으로 선정된 단체ㆍ인물ㆍ사건 등을 표준화된 형식으로 상세기술하고 다른
전공	MJR	Major	N		Y	專攻. 어느 한 분야를 전문적으로 연구함. 또는 그 분야
전문	TELGM	Telegram	N		Y	電文. 전보의 내용이 되는 글
전문검색	FTR	Full Text Retrieval	N		N	어떤 정보의 본문 내용 전체를 검색하는 것
전문요원	SPLST	Specialist	N		N	학문과 기술의 연구를 위하여 해당 전문 분야의 연구 업무에 종사하는 사람
전산	DTPC	DATA PROCESSING	N		N	電算
컴퓨터를 이횽아형 정보 처리를 하는 일
전송	TRSM	Transmission	N		Y	電送. 통신회선을 이용하여 보냄
전송목록파일	TLF	TRANSMISSION LIST FILE	N		N	전송할 전자기록물파일 목록 및 파일정보를 포함한 파일
전시	DSPY	DISPLAY	N		Y	展示
 여러 가지 물품을 한곳에 벌여 놓고 보임.
전용	PRUS	PRIVATE USE	N		Y	專用
 남과 공동으로 쓰지 아니하고 혼자서만 씀.
전용면적	XUAR	Exclusive Use Area	Y	면적	Y	專用面積. 아파트 따위의 공동 주택에서 출입구, 엘리베이터, 계단 등 공용 면적을 뺀 나머
전입	MVIN	Move In	N		Y	轉入. 이전 거주지에서 새 거주지로 옮겨 옴
전자	ELCT	ELECTRON	N		Y	電子
 원자를 이루는 기본적 소립자의 한 가지. 음전하(陰電荷)를 가지고 질량이 매우 작으
전자간행물	DPUB	DIGITAL PUBLICATION	N		N	종이형태의 도서로 간행될 수 있는 저작물의 내용을 전자적인 형태로 작성하여, CD-ROM,
전자기록기술정보관리	ERTIM	ELECTRON RECORD TECHNOLOGY INFORMATION MANAGEMENT	N		N	
전자기록물	DRC	DIGITAL RECORDS	N		N	정보처리능력을 가진 장치로 전자적인 형태로 작성하여 송신ㆍ수신 또는 저장되는 전자문서, 웹
전자기록생산시스템	DRCS	DIGITAL RECORDS CREATE 
SYSTEMS	N		N	공공기관의 업무처리 전 과정에서 발생하는 문서 및 행정정보를 전자적으로 처리하고 관리하는 
전자납부번호	EPAYNO	Electronic Payment Number	Y	전자납부번호	Y	電磁納付番號. 지방자치단체가 매 부과건마다 유일하게부여하는 세입금의 고유번호
전자서명알고리즘	DSA	DIGITAL SIGNATURE 
ALGORITHM	N		N	전자서명에 사용되는 알고리즘으로 해시 값을 통해 전자서명 방식을 결정하는 것. SHA1Wi
전자화기록물	DGR	DIGITIZED RECORD	N		N	종이문서 등 아나로그 기록물을 전자적인 저장형태로 변환한 기록물
전체	WHOL	Whole	N		Y	全體. 개개 또는 부분의 집합으로 구성된 것을 몰아서 하나의 대상으로 삼는 경우에 바로 그
전표	SLIP	Slip	N		Y	傳票. 은행, 회사, 상점 따위에서 금전의 출납이나 거래 내용 따위를 간단히 적은 쪽지
전화번호	TELNO	Telephone Number	Y	전화번호	Y	電話番號. 가입된 전화마다 매겨져 있는 일정한 번호
전환	TRNSTN	TRANSITION	N		N	轉換 다른 방향이나 상태로 바뀌거나 바꿈
절	CLAUS	CLAUSE	N		N	표준의 목차를 세분화하기 위한 기본 구성 요소. 각각의 제목과 연속적인 번호가 부여된다. 
절대	ABSLT	Absolute	N		N	絕對 아무런 조건이나 제약이 붙지 아니함
점	PICE	PIECE	N		N	點  (글?미술?음악 등의 작품) 한 점[하나]; 작품
점검	CHCK	Check	N		Y	點檢. 낱낱이 검사함. 또는 그런 검사
점검자	INSCTR	Inspector	N		 	點檢者. 어떤 대상이나 일을 세밀하게 검사하는 사람
점수	SCR	Score	Y	수	 	點數. 성적을 나타내는 숫자
점유	PSSN	POSSESSION	N		Y	占有 물건이나 영역, 지위 따위를 차지함.
접근	ACS	Access	N		 	接近. 가까이 다가감/기억 장치에 데이터를 쓰거나 기억 장치에 들어 있는 데이터를 탐색하고
접근토큰	ATK	ACCESS TOKEN	N		N	로그온 수행 시 필요한 보안 정보가 들어 있는 일종의 객체. 로그온 할 때 만들어지며 프로
접속	CNTN	Connection	N		 	接續. 서로 맞대어 이음. 컴퓨터에서 여러 개의 프로세서와 기억 장치 모듈 사이를 물리적으
접수	RCPT	Receipt	N		 	接受. 신청이나 신고 따위를 구두(口頭)나 문서로 받음
접수자	CLR	Clerk	N		 	接受者. 신청이나 신고 따위를 구두나 문서로 받은 사람
접수처	INOF	INFORMATION OFFICE	N		Y	접수 사무를 맡아보는 곳.
정도	DGRE	DEGREE	N		Y	程度
 사물의 성질이나 가치를 양부(良否), 우열 따위에서 본 분량이나 수준.
정렬	SORT	Sort	N		 	整列. 가지런하게 줄지어 늘어섬. 또는 그렇게 늘어서게 함
정리	ARNGMT	Arrangement	N		 	整理. 문제가 되거나 불필요한 것을 줄이거나 없애서 말끔하게 바로잡음
정보	INFO	Information	N		 	情報. 어떤 자료나 소식을 통하여 얻는 지식이나 상태의 총량
정보원	ISRC	INFORMATION SOURCE	N		N	정보의 출처
정부	GVRN	GOVERNMENT	N		Y	政府
 (입법부?사법부에 대하여) 국가의 정책을 집행하는 행정부.
정산	CLCLN	Calculation	N		 	精算. 정밀하게 계산함. 또는 그런 계산
정상	NML	Normal	N		 	正常. 특별한 변동이나 탈이 없이 제대로인 상태
정수	INTG	INTEGER	N		Y	整數
 자연수, 자연수의 음수 및 영을 통틀어 이르는 말.
정수점검	CEA	CHECKING EXACT AMOUNT	N		N	定數點檢 서고 관리의 한 절차로, 기록의 수량을 주기적으로 점검하는 행위
정의	DFN	DEFINITION	N		Y	定義
 어떤 개념의 내용이나 용어의 뜻을 다른 것과 구별할 수 있도록 명확히 한정하는 일,
정정	CRRC	CORRECTION	N		N	訂正
 글자나 글 따위의 잘못을 고쳐서 바로잡음.
정책	PLCY	POLICY	N		Y	政策
 정부나 정치 단체의 정치에 관한 방침과 그것을 이루기 위한 수단.
정책분야	PCAA	POLICY AREA	N		Y	지방교육 기능별 분류체계의 1단계 분류
정책영역	PLRM	POLICY REALM	N		Y	지방교육 기능별 분류체계의 2단계 분류
제1	THON	THE ONE	N		N	첫번재.  예) 제1특수목록명
제2	THTW	THE TWO	N		N	두번째.  예) 제2특수목록명
제3	THTH	THE THREE	N		N	세번째.  예) 제3특수목록명
제공	PVSN	Provision	N		 	提供. 무엇을 내주거나 갖다 바침
제목	TTL	Title	Y	명	 	題目. 작품이나 강연, 보고 따위에서, 그것을 대표하거나 내용을 보이기 위하여 붙이는 이름
제외	EXCL	Exclusion	N		 	除外. 따로 떼어내어 한데 헤아리지 않음
제작	FBCTN	Fabrication	N		 	製作. 재료를 가지고 기능과 내용을 가진 새로운 물건이나 예술 작품을 만듦
제작사	MNFCTR	Manufacturer	N		 	製作社. 새로운 물건이나 예술 작품을 만드는 회사
제정	ESTB	ESTABLISHMENT	N		N	制定 제도나 법률 따위를 만들어서 정함
제조	MNFTR	Manufacture	N		 	製造. 공장에서 큰 규모로 물건을 만듦
제조사	MKR	Maker	N		 	製造社. 물품을 만드는 일을 하는 회사
제출	SBMSN	Submission	N		 	提出. 문안(文案)이나 의견, 법안(法案) 따위를 냄
제품	PRDCT	Product	N		 	製品. 원료를 써서 물건을 만듦. 또는 그렇게 만들어 낸 물품
제한	LMT	Limit	N		 	制限. 일정한 한도를 정하거나 그 한도를 넘지 못하게 막음. 또는 그렇게 정한 한계
조건	CND	CONDITION	N		Y	條件
 어떤 사물이 성립되거나 발생하는 데 갖추어야 하는 요소.
조기호표	KSGT	KEY SIGNATURE TABLE	N		N	調記號 조표(음자료표 다음에 붙이는 올림표나 내림표)의 기호표
조사	EXMN	Examination	N		 	調査. 사물의 내용을 명확히 알기 위하여 자세히 살펴보거나 찾아봄
조사자	EXMNR	Examiner	N		 	調査者. 사물의 내용을 명확히 알기 위하여 자세히 살펴보거나 찾아보는 사람
조정	AJMT	Adjustment	N		 	調整. 어떤 기준이나 실정에 맞게 정돈함
조직	OGNZ	Organization	N		 	組織. 특정한 목적을 달성하기 위하여 여러 개체나 요소를 모아서 체계 있는 집단을 이룸. 
조치	ACTN	Action	N		 	措置. 벌어지는 사태를 잘 살펴서 필요한 대책을 세워 행함. 또는 그 대책
조항	ATCL	ARTICLE	N		N	본체 및 부속서(규정)의 구성 부분인 개개의 독립된 규정으로서 문장, 그림, 표, 식 등으
조회	INQ	Inquiry	N		 	照會. 어떠한 사항이나 내용이 맞는지 관계되는 기관 등에 알아보는 일
존재	EXST	EXISTENCE	N		Y	存在
 현실에 실제로 있음. 또는 그런 대상.
존폐	MTNABN	Maintenance Or Abolition	N		 	存廢. 존속과 폐지를 아울러 이르는 말
졸업	GRDTN	Graduation	N		 	卒業. 학생이 규정에 따라 소정의 교과 과정을 마침
종결	TRMN	Termination	N		 	終結. 일을 끝냄. 어떤 사태를 원인으로 하여 그 결과로 생기는 상태. 또는 일정한 논리적
종교	RLGN	RELIGION	N		Y	宗敎
 신이나 절대자를 인정하여 일정한 양식 아래 그것을 믿고, 숭배하고, 받듦으로써 마음
종료	END	End	N		 	終了. 어떤 행동이나 일 따위가 끝남. 또는 행동이나 일 따위를 끝마침
종류	KND	KIND	N		Y	種類
 어떤 기준에 따라 나눈 갈래.
종목	CLS	Class	N		 	種目. 여러 가지 종류에 따라 나눈 항목
종사자	ELPS	ENFILADE PERSON	N		Y	從事者 일정한 직업이나 부문, 일 따위에 종사하는 사람.
종이기록물	PPRC	PAPER RECORDS	N		N	문서, 도면, 대장, 카드류 등 기록물의 유형과 상관없이 종이 형태로 생산된 모든 기록물
종합	GNRL	GENERALIZATION	N		Y	綜合
 관련되는 여러 가지 것을 모아 하나의 통일된 것이 되게 함
좌측	LEFT	Left	N		N	왼쪽
주	WEEK	WEEK	N		Y	週
 월요일부터 일요일까지.
주건축물	MBLD	Main Building	N		 	主建築物. 대지 내에 건물이 둘 이상 있는 때, 주요한 역할이나 기능을 하는 건물. 전통 
주관	SPRVSN	Supervision	N		 	主管. 어떤 일을 책임을 지고 맡아 관리함
주류	AALQ	ALCOHOLIC AND LIQUOR	N		Y	酒類
 술의 종류
[법률정의] (주세법) 주정(희석하여 음료로 할 수 있는 것을 말하며, 
주문	ORDR	Order	N		 	注文. 어떤 상품을 만들거나 파는 사람에게 그 상품의 생산이나 수송, 또는 서비스의 제공을
주민등록번호	RRNO	Resident Registration Number	Y	주민등록번호	 	住民登錄番號. 주민등록을 할 때 국가에서 국민에게 부여하는 고유번호
주민세	RSDTX	Resident Tax	Y	금액	 	住民稅. 지방세의 하나. 그 지역에 거주하는 개인과 그 지역에 사무소나 사업소를 둔 법인,
주부속	MANX	Main Annex	N		 	主附屬. 주된 사물이나 기관에 딸려서 붙음. 또는 그렇게 딸려 붙은 사물 중의 우선 순위가
주소	ADDR	Address	Y	주소	 	住所. 사람이 살고 있는 곳이나 기관, 회사 따위가 자리 잡고 있는 곳을 행정 구역으로 나
주요	MAIN	Main	N		 	主要. 주되고 중요함
주제	THMA	THEMA	N		Y	主題
 대화나 연구 따위에서 중심이 되는 문제.
주체	MBY	MAIN BODY	N		Y	主體
 다른 쪽에 대하여 의사나 행위를 미치는 쪽.
주최자	HSTS	HOSTS OR HOSTESS	N		N	주최자, 주인. (hosts로 한 이유는 history를 hst로 했기 때문에 중복을 피하
준공	CMCN	Completion of Construction	N		 	竣工. 공사를 다 마침
준영구	SMPM	SEMI-PERMANENT	N		N	기록물 보존기간 준영구
준칙	RGLT	REGULATION	N		N	準則 준거할 기준이 되는 규칙이나 법칙.
중	MID	MIDDLE	N		N	中 등급, 수준, 차례 따위에서 가운데
중국어	CHNL	CHINESE LANGUAGE	N		Y	중국인이 쓰는 말.
중권역	SBSN	Subbasin	N		 	中圈域. 수질 및 수생태계 보전에 관한 법률에서 정하는 바에 따라 수질 보전을 위하여 면적
중단	CESE	Cease	N		N	中斷 중도에서 끊어지거나 끊음
중복	DPCN	Duplication	N		 	重複. 거듭하거나 겹침
중분류	MCLSF	Medium-Scale Classification	N		 	中分類. 대분류보다 자세하고 소분류보다 넓은 범위로 가름.
중앙영구기록관리시스템	CAMS	CENTRAL ARCHIVES 
MANAGEMENT SYSTEM	N		N	중앙기록물관리기관에서 영구기록물 관리를 전자적으로 수행하는 시스템
중요	IMPT	IMPORTANCE	N		Y	重要
 귀중하고 요긴함
증권	SCRT	Securities	N		 	證券. 재산상의 권리와 의무에 관한 사항을 기재한 서면. 유가 증권과 증거 증권이 있다.
증빙	PRUF	PROOF	N		Y	證憑
 신빙성 있는 증거로 삼음.
증정	PRST	PRESENTATION	N		N	贈呈 어떤 물건 따위를 성의 표시나 축하 인사로 줌  예) 증정인
지구	DSTRCT	District	N		 	地區. 일정한 기준에 따라 여럿으로 나눈 땅의 한 구획
지급	GIVE	Give	N		 	支給. 돈이나 물품 따위를 정하여진 몫만큼 내줌
지기	GARD	GUARD	N		N	지킴이. 지켜주는 사람. 관리자를 달리 이르는 말
지름	DM	DIAMETER	N		Y	원이나 구(球) 따위의 중심을 지나 그 둘레 위의 두 점을 직선으로 이은 선분(線分).
지목	LDCG	Land Category	N		 	地目. 주된 용도에 따라 땅을 구분하는 명목
지방채	MCPBND	Municipal Bond	Y	금액	 	地方債. 지방 자치 단체가 재정적인 필요에 따라 발행하는 채권
지번	LOTNO	Lot Number	N		 	地番. 토지의 일정한 구획을 표시한 번호
지붕	ROOF	Roof	N		 	집의 맨 꼭대기 부분을 덮어 씌우는 덮개
지사	BROF	Branch Office	N		 	支社. 본사에서 갈려 나가, 본사의 관할 아래 일정한 지역에서 본사의 일을 대신 맡아 하는
지상	GRND	Ground	N		 	地上. 땅의 위
지시	DRET	DIRECTIONS	N		N	指示
가리켜 보임
지역	RGN	Region	N		 	地域. 전체 사회를 어떤 특징으로 나눈 일정한 공간 영역
지원	SPRT	Support	N		 	支援. 지지하여 도움
지점	BRNCH	Branch	N		 	支店. 본점에서 갈라져 나온 점포. 본점의 지휘와 명령에 따르면서도 부분적으로 독립한 기능
지정	DSGN	Designation	N		 	指定. 가리키어 확실하게 정함
지정서	APPD	APPOINMENT DOCUMENT	N		Y	[指定書] 
가리키어 확실히 정하는 문서
지질	NOSL	NATURE OF SOIL	N		Y	地質
 지각을 이루는 여러 가지 암석이나 지층의 성질 또는 상태.
지출	EXPND	Expenditure	N		 	支出. 어떤 목적을 위하여 돈을 지급하는 일
지하	UDGD	Underground	N		 	地下. 땅속이나 땅속을 파고 만든 구조물의 공간
직군	JBGP	JOB GROUP	N		Y	職群 성질이 유사한 직무를 한데 뭉뚱그려 군으로 묶은 것. 토목직?건축직을 토건직으로, 경
직권	OFAT	OFFICIAL AUTHORITY	N		Y	職權
 그 직무를 수행(遂行)하기 위하여 가지고 있는 힘
직급	JBGD	Job Grade	N		 	職級. 직무의 등급. 일의 종류나 난이도, 책임도 따위가 상당히 비슷한 직위를 한데 묶은 
직렬	JBLN	JOB LINE	N		Y	職列 직무의 종류가 유사하고 책임과 어려움의 정도가 다른 직급의 계열. 경찰직?소방직?법제
직업	CR	Career	N		 	職業. 생계를 유지하기 위하여 자신의 적성과 능력에 따라 일정한 기간 동안 계속하여 종사하
직원	EMP	Employee	N		 	職員. 일정한 직장에 근무하는 사람을 통틀어 이르는 말
직위	JBPS	Job Position	N		 	職位. 직무에 따라 규정되는 사회적ㆍ행정적 위치
직장	WRC	Workplace	N		 	職場. 사람들이 일정한 직업을 가지고 일하는 곳
직종	OCPT	Occupation	N		 	職種. 직업이나 직무의 종류
직책	JBTTL	Job Title	N		 	職責. 직무상의 책임
진본성	ATTT	AUTHENTICITY	N		N	眞本性
기록의 물리적 특징, 구조, 내용과 맥락 등을 포함하며, 내적/외적 증거로부터 추론
진행	PRGRS	Progress	N		 	進行. 일 등을 처리하여 나감
질문	QSTN	Question	N		 	質問. 알고자 하는 바를 얻기 위해 물음
질병	DSS	Disease	N		 	疾病. 몸의 온갖 병
질의	SQL	SQL	N		N	
집계	TOT	Total	N		 	集計. 이미 된 계산들을 한데 모아서 계산함. 또는 그런 계산
집중	CNCN	CONCENTRATION	N		Y	集中
 한군데로 모이거나 한군데로 모음
집합건물	CNBD	Condominium Buildings	N		 	集合建物. 아파트, 연립주택, 다세대주택 등 '집합건물의 소유 및 관리에 관한 법률'의 적
집행	IMPL	Implementation	N		 	執行. 실제로 시행함
쪽	PAGE	Page	N		 	책이나 장부 따위의 한 면
쪽수	PGNO	PAGE NUMBER	Y		N	책의 페이지 수, 쪽의 수
차대번호	VIN	Vehicle Identification Number	Y	차대번호	 	車臺番號. 차량의 도난을 방지하고 차량 결함을 파악하기 위해서 자동차의 보닛 안에 적어 놓
차량	VHCL	Vehicle	N		 	車輛. 도로나 선로 위를 달리는 모든 차를 통틀어 이르는 말
차로	LANE	Lane	N		 	車路. 차마가 한 줄로 도로의 정하여진 부분을 통행하도록 차선(車線)으로 구분한 차도의 부
차상위	SHGHRK	The Second Highest Rank	N		 	次上位. 특정 기준에 따라 위에서 두 번째에 해당하는 등급이나 위치
차선	TRFLN	Traffic Lane	N		 	車線. 자동차 도로에 주행 방향을 따라 일정한 간격으로 그어 놓은 선.
차수	CYCL	Cycle	Y	수	Y	次數. 주기나 경과의 해당 시기를 나타내는 말.
차종	CARMDL	Car Model	N		 	車種. 철도 차량, 자동차 따위의 종류
착공	BGNCST	Begin Construction	N		 	着工. 공사를 시작함
찬반	ADPRV	Approve and Disapprove	N		N	贊反 찬성과 반대를 아울러 이르는 말
참고	REFR	REFER	N		N	參考
 살펴서 도움이 될 만한 자료로 삼음, 또는 그러한 자료
참석	ATND	Attendance	N		 	參席. 모임이나 회의 따위의 자리에 참여함
참석자	ATPR	ATTENDANCE PERSON	N		Y	參席者
 어떤 모임이나 강의 등에 출석함는 사람
참여자	PRTPNT	Participant	N		 	參與者. 어떤 일에 끼어들어 관계하는 사람
참조	RFRNC	Reference	N		 	參照. 참고로 비교하고 대조하여 봄
채권자	CRDTR	Creditor	N		 	債權者. 특정인에게 일정한 빚을 받아 낼 권리를 가진 사람
채무자	DBTR	Debtor	N		 	債務者. 특정인에게 일정한 빚을 갚아야 할 의무를 가진 사람
채택	CHCE	CHOICE	N		Y	採擇
 작품, 의견, 제도 따위를 골라서 다루거나 뽑아 씀.
책	BK	BOOK	N		N	글이나 그림을 종이에 적거나 인쇄하여 묶어 놓은것
책등	BOBK	BACK OF BOOK	N		N	책을 매어 놓은 쪽의 겉으로 드러난 부분
책임자	RBPRSN	Responsible Person	N		 	責任者. 어떤 일에 대하여 책임을 지고 있거나 책임을 져야 할 위치에 있는 사람
책정	APRTN	APPROPRIATION	N		N	策定 계획이나 방책을 세워 결정함
처리	PRCS	Process	N		 	處理. 사무나 사건 따위를 절차에 따라 정리하여 치르거나 마무리를 지음
처리과	TRDV	TREATMENT DIVISION	N		N	업무처리를 주관하는 과ㆍ담당관
[「행정업무의 효율적 운영을 위한 규정」제3조제4호]
처리기간	PRPR	PROCESSING PERIOD	N		Y	각종 신고서를 접수 후 처리하는 기간
처리서	PCPP	PROCESS PAPER	N		N	업무 처리에 대해 기술한 문서
처리율	PCRT	PROCESS RATE	Y		N	처리가 수행된 비율
처리자	PRCR	Processor	N		 	處理者. 사무나 사건 따위를 절차에 따라 정리하여 치르거나 마무리를 지은 사람
처리후	AFPR	AFTER PROCESS	N		Y	處理後
 업무를 처리한 이후.
처분	DSPS	Disposition	N		 	處分. 일정한 대상을 어떻게 처리할 것인가에 대하여 지시하거나 결정함. 또는 그런 지시나 
철	DCF	DOCUMENTARY FILE	N		N	기록물 철의 줄임말  ( = 기록물철 )
철거	DMLTN	Demolition	N		 	撤去. 건물, 시설 등을 무너뜨려 없애거나 걷어치움
첨부	ATCH	Attachment	N		 	添附. 안건이나 문서 따위를 덧붙임
첨부물	SUPP	SUPPLEMENT	N		N	添附物 덧붙이거나 보탠 물건
청구	CLM	Claim	N		 	請求. 상대편에 대하여 일정한 행위나 급부를 요구하는 일
청소	CLN	CLEANING	N		Y	淸掃
 더럽거나 어지러운 것을 쓸고 닦아서 깨끗하게 함.
청취	LSTN	Listening	N		 	聽取. 의견, 보고, 방송 등을 들음
체계	SCHM	Scheme	N		N	體系 일정한 원리에 따라서 낱낱의 부분이 짜임새 있게 조직되어 통일된 전체
체납	NPMNT	Nonpayment	N		 	滯納. 세금 따위를 기한까지 내지 못하여 밀림
초기화	INIT	INITIALIZE	N		N	초기화
총개수	TCNT	Total Count	Y	수	N	전체 개수
총건수	TNOCS	Total Number Of Cases	Y	수	 	總件數. 사물이나 사건의 가짓수를 모두 합한 건수
총계	SM	SUMMATION	N		Y	總計
 전체의 합계
총공사	TCSTRN	Total Construction	N		 	總工事. 토목이나 건축 따위의 일을 전체 합한 것
총금액	GRAMT	Gross Amount	Y	금액	 	總金額. 전체의 액수
총독	GVNR	GOVERNOR	N		N	어떤 관할 구역 안의 모든 행정을 통할하는 직책.  식민지 통치 기구의 우두머리
총독부	GVGN	GOVERNMENT GENERAL	N		N	식민지를 다스리기 위하여 설치하는 최고 행정 기관. 총독이 이곳에서 정무를 맡아본다.
총면적	GFA	Gross Floor Area	Y	면적	 	總面積. 하나의 건축물 각 층의 바닥면적의 합계
총사업비	TPCO	Total Project Cost	Y	비용	 	總事業費. 일정한 사업을 하는 데 드는 비용을 모두 합한 금액
총수량	TOQY	TOTAL QUANTITY	N		Y	總數量
 전체를 합한 양.
총용량	TCPCT	Total Capacity	N		N	전체용량
총인원수	TNOPE	Total Number Of People	Y	수	 	總人員數. 전체 사람 수
총주차	TPKCT	Total Parking Capacity	N		 	總駐車. 자동차를 일정한 곳에 세워 두는 것의 전체 합계.
총지급	TPMT	Total Payment	N		 	總支給. 돈이나 물품 따위를 정하여진 몫만큼 내준 것의 합
총쪽수	TPGNO	Total Page Number	N		N	전체 페이지 건수
총합계	TAMT	TOTAL AMOUNT	N		N	합계들의 총합
촬영	PHTG	PHOTOGRAPHY	N		Y	撮影
 사람, 사물, 풍경 따위를 사진이나 영화로 찍음.
촬영기	MOCA	MOVIE CAMERA	N		Y	[명사] 영화나 영상 따위를 찍는 기계. 비슷한 말 : 찍개, 카메라.
최대	MXMM	MAXIMUM	N		Y	最大
 수나 양, 정도 따위가 가장 큼.
최상위	HGHRK	The Highest Rank	N		 	最上位. 가장 높은 지위나 등급이나 위치
최종	LAST	Last	N		 	最終. 맨 나중
최초	FRST	First	N		 	最初. 맨 처음
최하위	LWTRK	The Lowest Rank	N		 	最下位. 가장 낮은 지위나 등급이나 위치
추가	ADD	ADDITION	N		Y	追加
 나중에 더하여 보탬
추적	CHS	CHASE	N		N	추적
추진	PRTN	PROPULSION	N		Y	推進
 앞으로 밀고 감.
추천	RCMDTN	Recommendation	N		 	推薦. 어떤 조건에 적합한 대상을 책임지고 소개함
추출	EXTR	Extraction	N		 	抽出. 전체 속에서 어떤 물건, 생각, 요소 따위를 뽑아냄. 모집단(母集團)에서 표본을 뽑
축소	RDTN	REDUCTION	N		Y	縮小
 모양이나 규모 따위를 줄여서 작게 함.
축소율	RDRT	REDUCTION RATE	Y		N	축소 비율
출고	SPMT	Shipment	N		 	出庫. 창고에서 물품을 꺼냄
출국	DPTCNY	Departure From A Country	N		 	出國. 나라의 국경 밖으로 나감
출금	TKMNY	Taking out money	N		 	出金. 돈을 내어 쓰거나 내어 줌. 또는 그 돈
출력	OTPT	Output	N		 	出力. 컴퓨터 따위의 기기(機器)나 장치가 입력을 받아 일을 하고 외부로 결과를 내는 일.
출발	DPTRE	Departure	N		 	出發. 목적지를 향하여 나아감
출생	BRTH	Birth	N		 	出生. 세상에 나옴
출원	APPL	Application	N		 	出願. 청원이나 원서를 냄
출입문	GATE	GATE	N		N	出入門 드나드는 문
출처	SRC	Source	N		 	出處.  사물이나 말 따위가 생기거나 나온 근거
출판	PRSS	PRESS	N		N	出版
 저작물을 책으로 꾸며 세상에 내놓음
[법률정의] (출판및인쇄진흥법) 저작물 등을 종
충당	APRP	Appropriation	N		 	充當. 모자라는 것을 채워 메움
취급	TRTM	TREATMENT	N		Y	取扱
 물건을 사용하거나 소재나 대상으로 삼음.
취득	ACQS	Acquisition	N		 	取得. 자기 것으로 만들어 가짐
취소	RTRCN	Retraction	N		 	取消. 발표한 의사를 거두어들이거나 예정된 일을 없애 버림. 일단 유효하게 성립한 법률 행
취임	TKO	TAKE OFFICE	N		N	就任
새로운 직무를 수행하기 위하여 맡은 자리에 처음으로 나아감
취하	DISCON	Discontinuance	N		 	取下. 신청하였던 일이나 서류 따위를 취소함
측정	MSRMT	Measurement	N		 	測定. 일정한 양을 기준으로 하여 같은 종류의 다른 양의 크기를 잼
측정소	MSRSTN	Measuring Station	N		 	測定所. 일정한 양을 기준으로 하여 같은 종류의 다른 양의 크기를 재는 장소
층	FLR	Floor	N		 	層. 위로 높이 포개어 짓는 건물에서, 같은 높이를 이루는 부분
층수	NOFL	The Number Of Floors	Y	수	 	層數. 층의 수효
치료	MDTR	MEDICAL TREATMENT	N		Y	治療
병이나 상처를 다스려서 낫게 함
친환경	ECFRD	Eco-Friendly	N		 	親環境. 자연환경을 오염하지 않고 자연 그대로의 환경과 잘 어울리는 일
카드	CARD	Card	N		 	상품이나 서비스의 대금 지급을 그 자리에서 바로 하거나, 일정한 기간 뒤에 할 수 있도록 
카메라	CAMERA	CAMERA	N		N	사진을 찍는 기계
카테고리	CTOY	A CATEGORY	N		N	카테고리
캡슐화	ENCP	ENCAPSULATION	N		N	전자기록물에 메타데이터를 추가하여 보존하는 방법
커맨드	CMD	COMMAND	N		N	<컴퓨터>컴퓨터의 시동, 정지, 계속 따위의 동작을 지시하는 명령    예) 커맨드명
컬럼	COL	Column	N		 	논리적 데이터 요소인 애트리뷰트에 대응되는 물리적 개념으로 관계형 데이터베이스에서 테이블의
컴포넌트	CMP	COMPONENT	N		N	기록물건을 구성하는 기록물의 최소단위. 일반문서 유형인 경우 종이문서, 전자문서의 본문, 
컷	CUT	CUT	N		N	촬영시의 컷.  예)M/F촬영세부내역 - 시작컷, 종료컷
코너	CRNR	CORNER	N		N	백화점 따위의 큰 상가에서 특정한 상품을 진열하고 팔기 위한 곳.   예) 코너구분코드
코드	CD	Code	Y	코드	 	정보를 나타내기 위한 기호 체계
코트지	COPP	COAT PAPER	N		N	인쇄용지 중 도피지(塗被紙)의 한 가지

비고 종이를 만들 때 일단 초지한 상질지 또는 중
콘텐츠	CONTS	Contents	N		 	Contents. 인터넷이나 컴퓨터 통신 등을 통하여 제공되는 각종 정보나 그 내용물. 유
콜렉션	CLLC	COLLECTION	N		N	관련된 물건들이나 상품들의 집합.     예) 콜렉션명
크기	SZ	Size	Y	수	 	사물의 넓이, 부피, 양 따위의 큰 정도
클라우드	CLOUD	Cloud Service	N		N	클라우드(온라인) 저장 서비스
클라이언트	CLNT	Client	N		 	Client. 서버 시스템과 연결하여 주된 작업이나 정보를 서버에게 요청하고 그 결과를 돌
클립	CLIP	CLIP	N		N	탄력이나 나선(螺旋)을 이용하여 종이나 서장(書狀) 같은 것을 끼워 두는 기구 예) 클립I
키	KEY	Key of Cipher	N		N	IT : 암호를 풀수 있는 열쇠 문자열
키워드	KWRD	KEY WORD	N		Y	데이터를 검색할 때에, 특정한 내용이 들어 있는 정보를 찾기 위하여 사용하는 단어나 기호.
타임스탬프	TSTMP	Timestamp	Y	값	N	IT : A variable containing the date and time at wh
탈산	DACD	DEACIDIFICATION	N		N	脫酸 산성화된 종이에 알칼리물질을 침투시켜 종이의 산을 제거하고 중화하는 처리 과정
탈산실	DACDR	DEACIDIFICATION ROOM
OR DEACIDIFICATING ROM	N		N	보존중인 종이류 기록물 중 산성화 정도가 수소이온농도(pH) 6.5 이하인 기록물에 대하여
탈퇴	WHDWL	Withdrawal	N		 	脫退. 관계하고 있던 조직이나 단체 따위에서 관계를 끊고 물러남
태그	TAG	TAG	N		Y	표준 범용 문서 생성 언어(SGML)와 하이퍼텍스트 생성 언어(HTML) 등의 마크업 언어
태그발행기	TPRT	TAG PRINTER	N		N	태그를 출력하는 발행기  예) 서고관리-태그프린터(RF)-태그발행기ID
테이블	TBL	Table	N		 	행과 열로 구성된 관계형 데이터베이스의 기본적인 저장 매체의 단위
토론자	PTDS	PARTICIPANT IN DISCUSSION	N		N	토론에 참여하여 주제의 옳고 그름을 주장하는 자
토지	LAND	Land	N		 	土地. 경지나 주거지 따위의 사람의 생활과 활동에 이용하는 땅
토지대장	LNDRG	Land Register	N		 	土地臺帳. 토지에 관한 장부. 토지의 소재, 지번(地番), 지목(地目), 면적, 소유자의 
토지면적	LDAR	Land Area	Y	면적	 	土地面積. 지적상 1필지로 구획된 전체면적으로, 지번 부여 지역 안의 토지로서 소유자와 용
토지이동	AOCR	Alteration Of Cadastral Record	N		 	土地異動. 지적 공부(토지대장,임야대장)에 등록된 토지의 표시 사항이 달라지는 일
통계	STATS	Statistics	N		 	統計. 한데 몰아서 어림잡아 계산함. 어떤 현상을 종합적으로 한눈에 알아보기 쉽게 일정한 
통권	CNOV	CONSECUTIVE NUMBER OF VOLUMES	N		N	通卷 잡지나 책 따위의 전체에 걸친 권수.
통보	NTFCTN	Notification	N		 	通報. 통지하여 보고함. 또는 그 보고
통보자	ANNN	ANNOUNCER	N		Y	通報者
 알리는사람
통신	COMT	COMMUNICATION	N		Y	通信 원격지의 컴퓨터 상호 간에 전기 통신 매체를 통하여 통신 규약에 따라서 데이터를 송수
통제	CNTRL	Control	N		 	統制. 일정한 방침이나 목적에 따라 행위를 제한하거나 제약함
통지	AVTSMT	Avertissement	N		 	通知. 기별을 보내어 알게 함
통합	UNTY	UNITY	N		Y	統合
 둘 이상의 조직이나 기구 따위를 하나로 합침.
통합기관	UINT	UNITY INSTITUTION	N		N	통합하여 관리하는 기관 분류 방식
퇴사	RSGNTN	Resignation	N		 	退社. 회사를 그만두고 물러남.
퇴임	RTMT	RETIREMENT	N		N	退任
비교적 높은 직책이나 임무에서 물러남
퇴직	RTRM	Retirement	N		 	退職. 현직에서 물러남
특기	SPAB	SPECIAL ABILITY	N		Y	特技
 남이 가지지 못한 특별한 기술이나 기능.
특성	CHRC	CHARACTERISTIC	N		N	特性
 일정한 사물에만 있는 특수한 성질.
특수	SPCL	SPECIAL	N		Y	特殊
 보통과 아주 다름
특수기록관	SRCNTR	SPECIAL RECORDS CENTER	N		N	통일ㆍ외교ㆍ안보ㆍ수사ㆍ정보 분야의 기록물을 생산하는 공공기관의 소관 기록물을 장기간 관리하
특수지	SPAREA	Special Area	N		 	特殊地. 도서/벽지/접적 지역 등 업무 수행상 생명의 직접적인 위험을 받거나 특수한 지역
특이	EXCPTN	Exception	N		 	特異. 보통 것이나 보통 상태에 비하여 두드러지게 다름
특정	PTCR	PARTICULAR	N		N	特定
특별히 지정함
파기	DST	DESTRUCTION	N		N	破棄 깨뜨리거나 찢어서 내버림
파라메터	PARM	PARAMETER	N		N	입력이나 참조로 전달하는 값들 또는 설정하기 위한 값들
파싱	PARS	PARSING	N		N	문장을 문법적으로 분석함. 문장 구문 분석.   예) 생산현황관리 - 생산현황접수(RG) 
파일	FILE	File	N		 	여러 가지 서류를 한데 모아 매어 두게 만든 도구. 또는 그렇게 매어 둔 묶음. 하나의 단
파일블록	FBL	FILE BLOCK	N		N	1개의 단위로 취급하는 단어 또는 레코드나 문자들의 집합

비고 컴퓨터에서 파일의 최소의 
파일확장자	FLEXT	FILE EXTENSION	N		N	파일의 종류를 구분하기 위하여 파일명의 마침표 뒤에 붙이는 문자.
판단	JGT	JUDGMENT	N		N	判斷
사물을 인식하여 논리나 기준 등에 따라 판정을 내림
판매	NTSL	Net Sales	N		 	販賣. 상품 따위를 팖
판본	BLBK	BLOCK BOOK	N		N	版本 목판으로 인쇄한 책 =판각본(板刻本)   예) 판본구분코드
판정	JGMT	Judgement	N		 	判定. 판별하여 결정함
판차	EDNO	EDITION NUMBER	N		N	서책의 각 판의 수(數) 또는 그 차례. 판수(版數)라고도 한다. 서책의 초판을 발행하고 
팝업	POPUP	Popup	N		 	축적되어 있는 데이터 중 가장 위에 있는 데이터를 꺼내는 것 (‘팝업메뉴’, ‘팝업창’의 
패치	PATCH	Patch	N		N	구멍 데를 때우거나 장식용으로 덧대는 데 쓰이는 조각. 컴퓨터 시스템의 기능을 추가하거나 
팩스번호	FXNO	Fax Number	Y	팩스번호	 	FAX番號. 문자, 도표, 사진 따위의 정지 화면을 화소로 분해하여 전기 신호로 바꾸어 전
편집	EDIT	EDITING	N		Y	編輯
 신문?출판?방송?통신 등 저널리즘의 세계에서, 자료나 원고 등을 수집?정리?구성하여
편집기	EDTR	Editor	N		 	編輯機. 원시(原始) 프로그램을 수정하여 새로운 원시 프로그램을 만들거나, 문장을 편집하는
편철	FLN	FILING	N		N	동일한 성격을 가진 기능과 주제별로 기록물을 분류하여 기록물철로 모으는 행위 

비고 이를
평	PYEONG	Pyeong	N		N	坪 땅 넓이의 단위. 한 평은 여섯 자의 제곱으로 3.3058㎡에 해당한다
평가	EVL	Evaluation	N		 	評價. 사물의 가치나 수준 따위를 평함. 또는 그 가치나 수준
평균	AVRG	AVERAGE	N		Y	平均
 여러 수나 같은 종류의 양의 중간 값을 갖는 수.
폐간	DSCT	DISCONTINUANCE	N		N	신문, 잡지 따위의 간행을 폐지함.   예) 폐간여부
폐기	DSCD	Discard	N		 	廢棄. 못 쓰게 된 것을 버림
폐기처리	DSPR	DISPOSAL PROCESS	N		N	폐기하여 처리함
폐쇄	CLSG	Closing	N		 	閉鎖. 문 따위를 닫아걸거나 막아 버림. 기관이나 시설을 없애거나 기능을 정지함
폐쇄망	CLPW	CLOSE UP NETWORK	N		N	폐쇄 네트워크.
폐쇄회로감시장치	CCTV	CCTV, CLOSED-CIRCUIT TELEVISION,	N		N	CCTV(closed-circuit television) 감시 장치라고도 하며, 송신화상에
폐업	CLSBIZ	Closing of Business	N		 	廢業. 직업이나 영업을 그만둠
폐지	ABL	Abolition	N		 	廢止. 실시하여 오던 제도나 법규, 일 따위를 그만두거나 없앰
포럼	FORUM	FORUM	N		N	집단토의의 한 방식으로 전문가의 토의와 청중의 참여가 가능한 토론방식
포맷	RMT	FORMAT	N		Y	데이터를 기억하거나 인쇄하기 위하여 설정하는 일정한 형식.
포맷관리	FMTMG	FORMAT MANAGEMENT	N		N	포맷
데이터를 기억하거나 인쇄하기 위하여 설정하는 일정한 형식.
管理
 어떤 일을 맡아 관
포맷변환	FCVR	FORMAT CONVERSION	N		N	전자기록물의 특정 형식을 다른 형식으로 바꾸는 처리과정
포지티브필름	PF	POSITIVE FILM	N		N	촬영을 통해 옮겨진 피사체의 상(像)을 현상했을 때 그 상이 본래의 밝기 정도 또는 색상이
포트번호	POTNO	PORT NUMBER	Y	번호	N	일반적으로 다른 장치에 물리적으로 접속되는 특정한 부위, 프로그래밍에서는 인터넷 프로토콜인
포함	ICSN	INCLUSION	N		N	包含
어떤 사물이나 현상 가운데 함께 들어 있거나 함께 넣음
폭	BT	BREADTH	N		Y	幅
 평면이나 넓은 물체의 가로로 건너지른 거리.
폭싱	FOXING	FOXING	N		N	주로 펄프지로 만든 종이에 불규칙하게 나타나는 붉은색 점
폴더	FLDR	FOLDER	N		Y	윈도에서 서로 관련 있는 소프트웨어를 묶어서 하나의 아이콘으로 나타낸 것.
폴리에스테르필름	PLF	POLYESTER FILM	N		N	에스테르 결합 CO-O를 갖는 고분자화합물의 얇은 필름
표	TBLE	TABLE	N		Y	숫자 또는 문자 등과 같은 정보를 조직적으로 구성하기 위하여 각각 행과 열로 틀을 구성하는
표목	HDTL	HEADING TITLE	N		N	어떤 물품의 이름이나 책 제목 따위를 일정한 순서로 적은 것
표시	INDCT	Indication	N		 	表示. 겉으로 드러내 보임. 標示. 표를 하여 외부에 드러내 보임
표제	TTLE	TITLE	N		N	標題 서책의 겉에 쓰는 그 책의 이름     예) 관련자원표제명
표준	STD	Standard	N		 	標準. 사물의 정도나 성격 등을 알기 위한 근거나 기준
품목	ITEM	Item	N		 	品目. 물품의 이름을 쓴 목록
품질검사	QLIN	QUALITY INSPECTION	N		Y	品質檢査
 [법률정의] (수치지도작성작업규칙) 수치지도의 결과가 수치지도의 작성기준 및 목
프랑스어	FREL	FRENCH LANGUAGE	N		N	인도,유럽 어족의 이탤릭 어파에 속한 언어.
프로그램	PRGRM	Program	N		 	Program. 진행 계획이나 순서
프로세스	PROC	Process	N		N	처리
플랫폼	PLTF	PLATFORM	N		Y	컴퓨터 시스템의 기반이 되는 하드웨어나 소프트웨어.
피시	FICH	MICRO FICHE	N		N	(마이크로)피시(microfiche). 정보처리용 마이크로카드나 필름류. 마이크로필름의 낱
필름	FILM	FILM	N		Y	투명 물질인 셀룰로이드나 폴리에스테르 따위에 감광제를 칠한 물건.
필름봉합처리	FENC	FILM ENCAPSULATION	N		N	문서가 보호되도록 투명한 두 장의 폴리에스터 필름사이에 문서를 놓고 최종적으로 가장자리를 
필수	ESNTL	Essential	N		 	必需. 반드시 있어야 함. 또는 반드시 쓰임
필수기록물	VREC	VITAL RECORDS	N		N	비상사태나 재난 발생 시 혹은 재난 이후에, 조직이 업무나 기능을 지속하거나 기능을 회복하
필요	NEED	NEED	N		Y	必要
 꼭 요구되는 바가 있음.
필요성	NCSS	NECESSITY	N		Y	반드시 요구되는 성질.
하위	LWPR	LOWER PART	N		Y	下位
 낮은 지위. 낮은 순위
하천	RVR	River	N		 	河川. 강과 시내를 아울러 이르는 말
학과	SCSBJT	School Subject	N		 	學科. 교수 또는 연구의 편의를 위하여 구분한 학술의 분과
학교	SCHL	School	N		 	學校. 일정한 목적ㆍ교과 과정ㆍ설비ㆍ제도 및 법규에 의하여 계속적으로 학생에게 교육을 실시
학력	ACBG	Academic Background	N		 	學歷. 학교를 다닌 경력
한국	KOR	KOREA	N		Y	韓國
 대한민국의 준말
한국산업표준	KIS	KOREAN INDUSTRIAL STANDARDS	N		N	산업표준화법에 의거하여 산업표준심의회의 심의를 거쳐 기술표준원장이 고시함으로써 확정되는 국
한국표준산업분류	KSIC	Korean Standard Industrial Classification	N		 	韓國標準産業分類. 표준으로 정하여진 한국의 산업 분류. 국제 연합의 산업 분류에 준거하고,
한글	KORN	Korean (Language)	N		 	대한민국의 고유 문자의 이름
한문	CNCH	CHINESE CHARACTER	N		Y	漢文 중국 고전(古典)의 문장.
한지	HANJI	HANJI	N		N	韓紙 우리나라에서 고유한 제조법으로 만들어 발달시켜온 종이의 총칭

비고 닥나무나 삼지닥나
할당	ALCT	ALLOCATION	N		N	割當
몫을 갈라 나눔
할인	DSCNT	Discount	N		 	割引. 일정한 값에서 얼마를 뺌
합격	PASS	Pass	N		 	合格. 시험, 검사, 심사 따위에서 일정한 조건을 갖추어 어떠한 자격이나 지위 따위를 얻음
합계	SUM	Sum	N		 	合計. 한데 합하여 계산함. 또는 그런 수효
합사	ESTG	ENSHRINING TOGETHER	N		N	合祀 둘 이상의 혼령을 한곳에 모아 제사를 지냄
항	SUBC	SUBCLAUSE	N		N	절 내에서 번호를 부여하여 더 세분화 한 것
[KS A 0001 표준서의 서식 및 작성방법
항만	HRBR	Harbor	N		 	港灣. 바닷가가 굽어 들어가서 선박이 안전하게 머물 수 있고, 화물 및 사람이 배로부터 육
항목	ARTCL	Article	N		 	項目. 법률이나 규정 따위의 낱낱의 조나 항. 또는  하나의 일을 구성하고 있는 낱낱의 부
해결	SOLTN	Solution	N		N	解決 제기된 문제를 해명하거나 얽힌 일을 잘 처리함
해당	RLVT	Relevant	N		 	該當. 무엇에 관계되는 바로 그것, 어떤 범위나 조건 따위에 바로 들어맞음
해상도	RES	RESOLUTION	N		N	자료를 스캐닝할 때나 다른 장치로 표현할 때 얼마나 정밀하게 원본을 표현하는지를 나타내는 
해쉬	HASH	HASH	N		N	<컴퓨터>특정 데이터를 그 길이에 관계없이 고정된 길이의 값으로 변환한 값     예) 해
해시	HSH	HASH, HASHING	N		N	하나의 문자열을 보다 빨리 찾을 수 있도록 주소에 직접 접근할 수 있는 짧은 길이의 값이나
해시함수	HSFN	HASH FUNCTION	N		N	하나의 문자열을 보다 빨리 찾을 수 있도록 주소에 직접 접근할 수 있는 짧은 길이의 값이나
해외	OVSS	OVERSEAS	N		Y	海外
 바다의 밖 다른 나라.
해임	DSMSL	Dismissal	N		 	解任. 어떤 지위나 맡은 임무를 그만두게 함
해제	RMV	Remove	N		 	解除. 설치했거나 장비한 것 따위를 풀어 없앰. 묶인 것이나 행동에 제약을 가하는 법령 따
해지	CNCLTN	Cancellation	N		 	解止. 계약 당사자 한쪽의 의사 표시에 의하여 계약에 기초한 법률관계를 말소하는 것
핵심	CORE	CORE	N		Y	核心
 사물의 중심이 되는 가장 요긴한 부분.
핸드폰	MBPH	MOBILE PHONE	N		Y	간편하게 휴대하고 다니면서 말소리를 전파나 전류로 바꾸어 다른 곳으로 보내고, 다른 곳에서
행	ROW	ROW	N		Y	행렬 등과 같이 2차원 배열 형태로 구성되는 작업 환경에서 수평 방향으로 연결되어 있는 하
행번호	LN_NO	LINE NUMBER	N		N	
행사	EVNT	Event	N		 	行事. 어떤 일을 시행함. 또는 그 일
행위	BEHV	BEHAVIOUR	N		N	行爲
 사람이 의지를 가지고 하는 짓.
행위자	PFMR	A PERFORMER	N		N	行爲者
행위를 수행하는 사람
행정	PBADMS	Public Administration	N		 	行政. 정치나 사무를 행함
행정구역	ADMDST	Administrative District	N		 	行政區域. 행정 기관의 권한이 미치는 범위의 일정한 구역. 특별시, 광역시, 도, 군, 읍
행정기관	ADMC	ADMINISTRATIVE MACHINERY	N		Y	行政機關
 [법률정의] (전자정부구현을위한행정업무등의전자화촉진에관한법률) 국회?법원?헌법재
행정동	DONG	Dong (Administrative District)	N		 	行政洞. 주민들이 거주하는 지역을 행정능률과 주민편의를 위하여 구분한 행정 구역 단위
행정박물	ADAF	ADMINISTRATIVE ARTIFACTS	N		N	공공기관에서 업무수행과 관련하여 생산ㆍ보유한 형상기록물로서, 행정적·역사적·문화적·예술적 
행정박물서고	AAS	ADMINISTRATIVE
ARTIFACTS STACK	N		N	기념품, 포스터, 현판, 깃발 등 행정박물을 보존할 수 있는 시설과 설비를 구비한 서고
행정박물실	AAR	ADMINISTRATIVE
ARTIFACTS ROOM	N		N	영구보존 대상인 행정박물 중 역사적, 문화적 보존가치가 높은 행정박물에 대한 보존?복원처리
행정전자서명	GPKI	GOVERNMENT PUBLIC KEY INFRASTRUCTURE, GPKI	N		N	전자문서를 작성한 행정기관 또는 행정기관과 전자문서·행정정보를 유통하는 법인·단체에서 직접
행정정보시스템	AIS	ADMINISTRATIVE INFORMATION SYSTEMS	N		N	행정(공공)기관이 행정정보를 생산ㆍ수집ㆍ가공ㆍ저장ㆍ검색ㆍ제공ㆍ송신ㆍ수신 및 활용하기 위한 
행정처분	ADMDSP	Administrative Disposition	N		 	行政處分. 행정 주체가 구체적 사실에 관한 법 집행으로서 행하는 공법 행위 가운데 권력적 
행정표준코드	ASCD	ADMINISTRATIVE 
STANDARD CODE	N		N	각급 기관의 행정업무에 필요한 행정코드를 표준화하여 정해진 절차에 따라 제정, 고시한 것

허가	PRMSN	Permission	N		 	許可. 행동이나 일을 하도록 허용함, 법령에 의하여 일반적으로 금지되어 있는 행위를 행정기
헤더	HDR	HEADER	N		Y	컴퓨터에서 출력될 때 각 페이지 맨 윗부분에 자동으로 붙는 부분.
현장	SPT	SPOT	N		Y	現場
 일을 실제 진행하거나 작업하는 그곳
현재	NOW	NOW	N		Y	現在
 지금의 시간.
현황	CRST	CURRENT STATUS	N		N	現況
 현재의 상태
협의	CNSLTN	Consultation	N		 	協議. 둘 이상의 사람이 서로 협력하여 의논함
형식	FRM	FORM	N		Y	形式
 일을 할 때의 일정한 절차나 양식 또는 한 무리의 사물을 특징짓는 데에 공통적으로 
형태	FORM	FORM	N		N	形態
사물의 생김새나 모양.
호	ISNO	ISSUE NUMBER	N		Y	[號]신문이나 잡지 등 정기 간행물이 간행된 차례나 그 성격을 나타내는 말
호출	CALL	CALL	N		N	불러내기 위한 신호 또는 행위
혼합기록물철	HYBF	HYBRID FILE	N		N	전자기록물과 비전자기록물이 함께 편철된 기록물철
화면	SCRN	Screen	N		 	畫面. 텔레비전이나 컴퓨터 따위에서 그림이나 영상이 나타나는 면
확인	IDNTY	Identify	N		 	確認. 틀림없이 그러한가를 알아보거나 인정함. 또는 그런 인정
확인자	IDFR	Identifier	N		 	確認者. 틀림없이 그러한가를 알아보거나 인정한 사람
확장자	EXTN	Extension	N		 	擴張字. 컴퓨터에서, 파일의 종류를 구분하기 위하여 파일명의 마침표 뒤에 붙이는 문자
확정	CFMTN	Confirmation	N		 	確定. 일을 확실하게 정함
환경	ENV	ENVIRONMENT	N		N	불러내기 위한 신호 또는 행위
환급	RMBR	Reimbursement	N		 	還給. 도로 돌려줌
환불	RFND	Refundment	N		 	換拂. 돈이나 물건을 바꾸어 지불하거나 이미 지불한 돈을 되돌려줌
환수	RDM	Redemption	N		 	還收. 도로 거두어들임
환승역	TRFSTN	Transfer Station	N		 	換乘驛. 다른 노선으로 바꾸어 탈 수 있도록 마련된 역
활성	ACTVTN	Activation	N		 	活性. 어떤 시스템이 동작할 수 있는 수준에 있는 것
회계	ACNTG	Accounting	N		 	會計.개인이나 기업 등의 경제 활동 상황을 일정한 계산 방법으로 기록하고 정보화함
회계연도	FYR	Fiscal Year	Y	연도	 	會計年度. 정부가 회계 상 또는 예산 상 재무제표를 계산하는 데 사용하는 기간으로, 매년 
회사	CO	Company	N		 	會社. 상행위 또는 그 밖의 영리 행위를 목적으로 하는 사단 법인
회수	RTRVL	Retrieval	N		 	回收. 도로 거두어들임
회신	RPLY	Reply	N		 	回信. 편지, 전신, 전화 따위로 회답을 함
회원	MBR	Member	N		 	會員. 어떤 모임을 구성하는 사람
회의	MTG	Meeting	N		 	會議. 어떤 사항을 여럿이 모여 의논함
회의록	MNTS	MINUTES	N		N	회의의 진행 과정이나 내용, 결과 따위를 적은 기록.
회의록관리	MNTSMG	MNTS MNG	N		N	
회차	ETM	EACH TIME	N		N	[回]횟수를 나타내는 말. [次]주로 한자어 수 뒤에 쓰여 '번', '차례'의 뜻을 나타내
횟수	NMTM	Number Of Times	Y	수	 	回數. 돌아오는 차례의 수효
후속	FLUP	Fallow-up	N		N	後續 뒤를 이어 계속함
후원자	SPS	SPONSOR	N		N	행사나 업무를 지원해 주는 자
훈련	TRNG	TRAINING	N		Y	訓練
 일정한 목표나 기준에 도달할 수 있도록 만드는 실제적 교육 활동.
훈증소독	FUMI	FUMIGATION	N		N	해충의 침입 또는 곰팡이 성장을 막기 위해 통제된 조건하에서 수행되는 기체처리 과정
훼손	DMG	DAMAGE	N		Y	毁損
 체면이나 명예를 손상함.
휴대	MBL	Mobile	N		 	携帶. 손에 들거나 몸에 지니고 다님
휴업	TCBIZ	Temporary Close of Business	N		 	休業. 사업이나 영업, 작업 따위를 일시적으로 중단하고 하루 또는 한동안 쉼
휴일	HLDY	Holiday	N		 	休日. 일요일이나 공휴일 따위의 일을 하지 아니하고 쉬는 날
희망	HOPE	Hope	N		N	希望 어떤 일을 이루거나 하기를 바람
