구분	후보	출현수
한글2자+	서고	90
한글2자+	유지	52
한글2자+	1차	47
한글2자+	2차	45
한글2자+	주민	41
한글2자+	시청각	41
한글2자+	박물	38
한글2자+	상자	33
한글2자+	스토	31
한글2자+	영구	27
한글2자+	암호	25
한글2자+	네오	21
한글2자+	아카이브키	21
한글2자+	필름	20
한글2자+	스캐닝	19
한글2자+	붙임	18
한글2자+	날짜	17
한글2자+	에러	16
한글2자+	유저	15
한글2자+	10년	15
한글2자+	5년	15
한글2자+	3년	15
한글2자+	1년	15
한글2자+	회차	15
한글2자+	준영구	14
한글2자+	총독	14
한글2자+	미상	14
한글2자+	사이즈	14
한글2자+	이상	14
한글2자+	공기질	14
한글2자+	소장처	13
한글2자+	록물	13
한글2자+	원어	13
한글2자+	대등	13
한글2자+	구술	13
한글2자+	권자	12
한글2자+	대통령	12
한글2자+	신구	12
한글2자+	비밀	11
한글2자+	납본	11
한글2자+	메세지	10
한글2자+	초안	10
한글2자+	띄어쓰기	10
한글2자+	오픈	10
한글2자+	복제	10
한글2자+	클래스	9
한글2자+	계열	9
한글2자+	시소러스	9
한글2자+	알레로	9
한글2자+	라인	9
한글2자+	총계	9
한글2자+	30년	9
한글2자+	종이	9
한글2자+	글의	9
한글2자+	해쉬	8
한글2자+	서열	8
한글2자+	소장	8
한글2자+	감염	8
한글2자+	정정	8
한글2자+	디지털	8
한글2자+	지도	8
한글2자+	핸드폰	7
한글2자+	데몬	7
한글2자+	총독부	7
한글2자+	육안	7
한글2자+	번지	7
한글2자+	콜렉션	7
한글2자+	메타	7
한글2자+	2차FLAG	7
한글2자+	F복제	7
한글2자+	볼륨	6
한글2자+	백신	6
한글2자+	체크	6
한글2자+	시대	6
한글2자+	옛날지	6
한글2자+	02=시청각	6
한글2자+	04=총독부	6
한글2자+	07=역사	6
한글2자+	봉투	6
한글2자+	철1차	6
한글2자+	20년	6
한글2자+	시청각류	6
한글2자+	자류	6
한글2자+	자기	6
한글2자+	룩스	6
한글2자+	연동	6
한글2자+	비교	5
한글2자+	컨텐츠	5
한글2자+	커맨드	5
한글2자+	질의어	5
한글2자+	현존	5
한글2자+	타입	5
한글2자+	소장인	5
한글2자+	필름류	5
한글2자+	통권	5
한글2자+	당량	5
한글2자+	건1차	5
한글2자+	카운트	5
한글2자+	이유	5
한글2자+	협정	5
한글2자+	ALERO아카이브키	5
한글2자+	록자	5
한글2자+	OD클래스	5
한글2자+	아카이빙스토	5
한글2자+	역사	4
한글2자+	태스크	4
한글2자+	더기	4
한글2자+	유출	4
한글2자+	성남	4
한글2자+	철S	4
한글2자+	편철	4
한글2자+	지가	4
한글2자+	D녹음	4
한글2자+	A=서울	4
한글2자+	B=부	4
한글2자+	C=대	4
한글2자+	디지털화	4
한글2자+	광디스크	4
한글2자+	택트	4
한글2자+	헤더	4
한글2자+	그림	4
한글2자+	서브	4
한글2자+	스탯	4
한글2자+	서면	4
한글2자+	녹음	4
한글2자+	질의	4
한글2자+	소화	4
한글2자+	교류	4
한글2자+	예고	4
한글2자+	먼트	4
한글2자+	MF함	4
한글2자+	유저ORG	3
한글2자+	아카이브	3
한글2자+	3차	3
한글2자+	4차	3
한글2자+	판단	3
한글2자+	건S	3
한글2자+	소장자	3
한글2자+	센타	3
한글2자+	GCC미	3
한글2자+	플래그	3
한글2자+	쓰기	3
한글2자+	경광등	3
한글2자+	부2	3
한글2자+	부3	3
한글2자+	패스	3
한글2자+	원도	3
한글2자+	재권자	3
한글2자+	안자	3
한글2자+	병행	3
한글2자+	판본	3
한글2자+	D=성남	3
한글2자+	구소장처	3
한글2자+	지기	3
한글2자+	구M	3
한글2자+	대외비	3
한글2자+	3급비밀	3
한글2자+	2급비밀	3
한글2자+	1급비밀	3
한글2자+	상상	3
한글2자+	30년재	3
한글2자+	미디어	3
한글2자+	역자	3
한글2자+	판차	3
한글2자+	컴포넌트	3
한글2자+	철2차	3
한글2자+	자붙임	3
한글2자+	스탠드GBN	3
한글2자+	박스사이즈	3
한글2자+	이중	3
한글2자+	준칙	3
한글2자+	세항	3
한글2자+	사료적	3
한글2자+	별준칙	3
한글2자+	추적	3
한글2자+	오디오	3
한글2자+	비디오	3
한글2자+	필름앨범	3
한글2자+	주변	3
한글2자+	소장물	3
한글2자+	페이퍼	3
한글2자+	상정	3
한글2자+	복제M	3
한글2자+	CAMS아카이빙스토	3
한글2자+	에러메세지	2
한글2자+	시퀀스	2
한글2자+	사료	2
한글2자+	제1	2
한글2자+	제2	2
한글2자+	제3	2
한글2자+	질의어BS	2
한글2자+	주류	2
한글2자+	정도	2
한글2자+	스케	2
한글2자+	NOTI유저	2
한글2자+	철건	2
한글2자+	직권	2
한글2자+	소장인주민	2
한글2자+	무단	2
한글2자+	증정인	2
한글2자+	알레로키	2
한글2자+	해쉬알고	2
한글2자+	하지않음	2
한글2자+	의경우서술	2
한글2자+	실물없는	2
한글2자+	MAM건	2
한글2자+	서기	2
한글2자+	본적	2
한글2자+	미불금	2
한글2자+	본연호	2
한글2자+	액션	2
한글2자+	포탈	2
한글2자+	MAM철	2
한글2자+	GITAL철	2
한글2자+	구MF	2
한글2자+	마스터	2
한글2자+	코너	2
한글2자+	처무	2
한글2자+	1차오	2
한글2자+	2차오	2
한글2자+	메서드	2
한글2자+	계서	2
한글2자+	P카운트	2
한글2자+	롤필름	2
한글2자+	피시	2
한글2자+	송부량	2
한글2자+	파싱	2
한글2자+	아날	2
한글2자+	밖의	2
한글2자+	받은	2
한글2자+	없음	2
한글2자+	자비	2
한글2자+	에크	2
한글2자+	박스	2
한글2자+	초안버젼	2
한글2자+	EQP체크	2
한글2자+	식대비	2
한글2자+	공기조화	2
한글2자+	서고별	2
한글2자+	패쇄회로감	2
한글2자+	질소	2
한글2자+	포름알데히드	2
한글2자+	휘발성유기화합물	2
한글2자+	현상기	2
한글2자+	현직	2
한글2자+	경향	2
한글2자+	타당성	2
한글2자+	행너비	2
한글2자+	앨범	2
한글2자+	색채	2
한글2자+	재생	2
한글2자+	잉크	2
한글2자+	두께	2
한글2자+	신조어	2
한글2자+	복제본	2
한글2자+	집중	2
한글2자+	도구	2
한글2자+	퍼블	2
한글2자+	목론S	2
한글2자+	회회차	2
한글2자+	CNC라운드	2
한글2자+	디렉토	2
한글2자+	네트워크	2
한글2자+	드라이브	2
한글2자+	DVD타입	2
한글2자+	여유공간	2
한글2자+	스케쥴	2
한글2자+	클립	2
한글2자+	자화	2
한글2자+	02=탈	2
한글2자+	03=제본	2
한글2자+	06=시청각	2
한글2자+	6자	2
한글2자+	X축	2
한글2자+	Y축	2
한글2자+	훈장류	2
한글2자+	계열스토	2
한글2자+	아카이빙계열스토	2
한글2자+	워커	2
한글2자+	라이센스	2
한글2자+	인SCT	2
한글2자+	시청	2
한글2자+	복제인화	2
한글2자+	인화	2
한글2자+	마이그레이션	1
한글2자+	마이그레션	1
한글2자+	MB당	1
한글2자+	진본	1
한글2자+	중앙영구	1
한글2자+	유저포지션	1
한글2자+	유저메	1
한글2자+	2년	1
한글2자+	6개	1
한글2자+	영구갑	1
한글2자+	영구을	1
한글2자+	호표	1
한글2자+	데몬생	1
한글2자+	주간	1
한글2자+	NEW소장처	1
한글2자+	강목	1
한글2자+	숫자	1
한글2자+	비밀ORGNM	1
한글2자+	앱이유	1
한글2자+	한문	1
한글2자+	1번	1
한글2자+	호스트	1
한글2자+	보낸	1
한글2자+	받는	1
한글2자+	파라메터	1
한글2자+	엑션	1
한글2자+	대등표목	1
한글2자+	거표목	1
한글2자+	본관	1
한글2자+	본적지	1
한글2자+	표제	1
한글2자+	성격	1
한글2자+	가문	1
한글2자+	홈피	1
한글2자+	어스	1
한글2자+	CONF유저	1
한글2자+	시노님	1
한글2자+	뎁스	1
한글2자+	소장인과의	1
한글2자+	큐질의	1
한글2자+	더기PORT	1
한글2자+	용PORT1	1
한글2자+	용PORT2	1
한글2자+	컨트롤	1
한글2자+	체형	1
한글2자+	미디어SEQ	1
한글2자+	안함	1
한글2자+	서울	1
한글2자+	타겟DEPT	1
한글2자+	본소	1
한글2자+	창작	1
한글2자+	오브젝트	1
한글2자+	DET어셋	1
한글2자+	연행지	1
한글2자+	합사	1
한글2자+	오기	1
한글2자+	징집년	1
한글2자+	병종관등및	1
한글2자+	급봉과	1
한글2자+	급액	1
한글2자+	임관년	1
한글2자+	택도의	1
한글2자+	야스쿠니합사	1
한글2자+	종별	1
한글2자+	상자CLASS	1
한글2자+	어셋	1
한글2자+	본디지털	1
한글2자+	시트	1
한글2자+	손망실	1
한글2자+	획득	1
한글2자+	알고	1
한글2자+	샘플링	1
한글2자+	QLTY첫번째	1
한글2자+	사안별편철	1
한글2자+	핸들ORG오픈	1
한글2자+	실물	1
한글2자+	클래스덱	1
한글2자+	이유1	1
한글2자+	강제	1
한글2자+	샘플	1
한글2자+	붙임별송	1
한글2자+	등독자	1
한글2자+	F필름	1
한글2자+	플레이스피드GBN	1
한글2자+	미디어사운드GBN	1
한글2자+	시년	1
한글2자+	라인숫자	1
한글2자+	ON라인GBN	1
한글2자+	회차YYYY+00	1
한글2자+	커트	1
한글2자+	속기사녹음	1
한글2자+	CAMS에	1
한글2자+	혼합	1
한글2자+	타임스탬프	1
한글2자+	그밖의	1
한글2자+	철에속한	1
한글2자+	철에속한비	1
한글2자+	현행	1
한글2자+	머신	1
한글2자+	랭크SCT	1
한글2자+	박물류	1
한글2자+	플랫폼	1
한글2자+	미디어녹음CONT	1
한글2자+	스탠드	1
한글2자+	스탠드년	1
한글2자+	DW날짜	1
한글2자+	행동	1
한글2자+	원내	1
한글2자+	부스	1
한글2자+	내구	1
한글2자+	사양	1
한글2자+	간지	1
한글2자+	기사화	1
한글2자+	장점	1
한글2자+	대안	1
한글2자+	진척	1
한글2자+	현보직	1
한글2자+	스텝	1
한글2자+	총점	1
한글2자+	철카운트	1
한글2자+	건카운트	1
한글2자+	자붙임별송	1
한글2자+	음향	1
한글2자+	용기	1
한글2자+	감독	1
한글2자+	계TOBE	1
한글2자+	프로세서	1
한글2자+	또는	1
한글2자+	5년마다	1
한글2자+	10년마다	1
한글2자+	변색	1
한글2자+	들어옴	1
한글2자+	단넓이	1
한글2자+	BF아카이브키	1
한글2자+	AF아카이브키	1
한글2자+	건별복제	1
한글2자+	종이두께	1
한글2자+	계자	1
한글2자+	포지션	1
한글2자+	스캔	1
한글2자+	작사자	1
한글2자+	작곡자	1
한글2자+	보기	1
한글2자+	매티	1
한글2자+	스캐줄	1
한글2자+	기구	1
한글2자+	해시	1
한글2자+	중엘	1
한글2자+	지1해시	1
한글2자+	지2해시	1
한글2자+	시점	1
한글2자+	스캐닝UPLD	1
한글2자+	스캐닝WRK	1
한글2자+	소등	1
한글2자+	타겟	1
한글2자+	음화	1
한글2자+	양화	1
한글2자+	축소	1
한글2자+	편집자	1
한글2자+	감독관	1
한글2자+	2=정간물	1
한글2자+	3=정간물	1
한글2자+	OD타입	1
한글2자+	01=정간물	1
한글2자+	OD복제자	1
한글2자+	OD복제	1
한글2자+	한함	1
한글2자+	A=녹음테이프카세트	1
한글2자+	B=녹음테이프릴	1
한글2자+	가독	1
한글2자+	시OPN	1
한글2자+	NEO아카이브키	1
한글2자+	워크마크	1
한글2자+	워터마크	1
한글2자+	워터마크사이즈	1
한글2자+	9자	1
한글2자+	초기	1
한글2자+	록중	1
한글2자+	록에러	1
한글2자+	SV042=시청각	1
한글2자+	SV067=탈	1
한글2자+	되감기	1
한글2자+	세척	1
한글2자+	되감기+세척	1
한글2자+	복제자	1
한글2자+	타임	1
한글2자+	레코딩	1
한글2자+	선물류	1
한글2자+	상징류	1
한글2자+	사무집기류	1
한글2자+	납본량	1
한글2자+	절대	1
한글2자+	항상	1
한글2자+	REL이	1
한글2자+	92인	1
한글2자+	지인	1
한글2자+	경우	1
한글2자+	NM은	1
한글2자+	영어	1
한글2자+	본어	1
한글2자+	프랑스어	1
한글2자+	스타	1
한글2자+	패싯	1
한글2자+	메인	1
한글2자+	시로러스	1
한글2자+	디지털사인	1
한글2자+	당초	1
한글2자+	요점	1
한글2자+	심판	1
한글2자+	우송료	1
한글2자+	자NELECSCT	1
한글2자+	공간	1
한글2자+	스캔FSH	1
한글2자+	중앙FLAG	1
한글2자+	MF필름	1
한글2자+	PROC자	1
한글2자+	넘버	1
한글2자+	서울함	1
분해잔여	1	114
분해잔여	2	110
분해잔여	철	106
분해잔여	서	103
분해잔여	건	85
분해잔여	관	71
분해잔여	록	67
분해잔여	구	64
분해잔여	링	62
분해잔여	재	55
분해잔여	자	49
분해잔여	3	49
분해잔여	과	48
분해잔여	계	43
분해잔여	01	42
분해잔여	지	41
분해잔여	별	39
분해잔여	거	36
분해잔여	02	35
분해잔여	정	34
분해잔여	시	34
분해잔여	어	31
분해잔여	행	31
분해잔여	03	30
분해잔여	소	28
분해잔여	성	28
분해잔여	끝	27
분해잔여	0	25
분해잔여	인	25
분해잔여	04	25
분해잔여	중	24
분해잔여	대	22
분해잔여	4	21
분해잔여	비	21
분해잔여	05	20
분해잔여	식	20
분해잔여	치	20
분해잔여	셀	19
분해잔여	총	18
분해잔여	분	18
분해잔여	류	18
분해잔여	롤	18
분해잔여	미	18
분해잔여	용	15
분해잔여	권	15
분해잔여	5	14
분해잔여	가	13
분해잔여	6	13
분해잔여	2023	13
분해잔여	부	12
분해잔여	기	12
분해잔여	RG001	12
분해잔여	무	12
분해잔여	회	12
분해잔여	실	12
분해잔여	및	11
분해잔여	7	11
분해잔여	처	10
분해잔여	조	10
분해잔여	호	10
분해잔여	량	10
분해잔여	10	10
분해잔여	01=	9
분해잔여	11	9
분해잔여	30	9
분해잔여	단	9
분해잔여	한	8
분해잔여	의	8
분해잔여	화	8
분해잔여	05=	8
분해잔여	+	8
분해잔여	13	8
분해잔여	갯	7
분해잔여	20	7
분해잔여	09	7
분해잔여	광	6
분해잔여	함	6
분해잔여	원	6
분해잔여	물	6
분해잔여	검	6
분해잔여	06=	6
분해잔여	08=	6
분해잔여	RG053	6
분해잔여	등	6
분해잔여	08	6
분해잔여	9	6
분해잔여	25	6
분해잔여	RG052	6
분해잔여	적	6
분해잔여	탈	6
분해잔여	련	6
분해잔여	와	6
분해잔여	주	5
분해잔여	CM081	5
분해잔여	형	5
분해잔여	RG008	5
분해잔여	Z=	5
분해잔여	8	5
분해잔여	12	5
분해잔여	14	5
분해잔여	15	5
분해잔여	16	5
분해잔여	17	5
분해잔여	18	5
분해잔여	19	5
분해잔여	21	5
분해잔여	22	5
분해잔여	23	5
분해잔여	24	5
분해잔여	26	5
분해잔여	27	5
분해잔여	28	5
분해잔여	29	5
분해잔여	된	5
분해잔여	개	5
분해잔여	현	5
분해잔여	06	5
분해잔여	07	5
분해잔여	컷	5
분해잔여	액	4
분해잔여	키	4
분해잔여	초	4
분해잔여	KH001	4
분해잔여	엘	4
분해잔여	유	4
분해잔여	00	4
분해잔여	오	4
분해잔여	RG057	4
분해잔여	빈	4
분해잔여	RG143	4
분해잔여	존	4
분해잔여	3D	4
분해잔여	모	4
분해잔여	송	4
분해잔여	폭	3
분해잔여	군	3
분해잔여	=>	3
분해잔여	것	3
분해잔여	즘	3
분해잔여	목	3
분해잔여	번	3
분해잔여	얼	3
분해잔여	금	3
분해잔여	RG007	3
분해잔여	>01	3
분해잔여	공	3
분해잔여	잡	3
분해잔여	편	3
분해잔여	KEYWORD1	3
분해잔여	KEYWORD2	3
분해잔여	KEYWORD3	3
분해잔여	점	3
분해잔여	속	3
분해잔여	매	3
분해잔여	RG002	3
분해잔여	이	3
분해잔여	E1	2
분해잔여	E2	2
분해잔여	E3	2
분해잔여	RG094	2
분해잔여	앱	2
분해잔여	쿼	2
분해잔여	CM082	2
분해잔여	선	2
분해잔여	RG022	2
분해잔여	제	2
분해잔여	납	2
분해잔여	장	2
분해잔여	당	2
분해잔여	RG034	2
분해잔여	NEO3	2
분해잔여	면	2
분해잔여	그	2
분해잔여	40	2
분해잔여	43	2
분해잔여	59	2
분해잔여	ST002	2
분해잔여	ST003	2
분해잔여	SV112	2
분해잔여	RG101	2
분해잔여	폐	2
분해잔여	CM070	2
분해잔여	CM102	2
분해잔여	황	2
분해잔여	SV027	2
분해잔여	SV154	2
분해잔여	MF+SCAN	2
분해잔여	SV130	2
분해잔여	쉬	2
분해잔여	US096	2
분해잔여	SV019	2
분해잔여	02=	2
분해잔여	SV100	2
분해잔여	US002	2
분해잔여	SV099	2
분해잔여	SV163	2
분해잔여	00000	2
분해잔여	S1	2
분해잔여	CM061	1
분해잔여	PL001	1
분해잔여	RG025	1
분해잔여	신	1
분해잔여	RG058	1
분해잔여	망	1
분해잔여	CM088	1
분해잔여	터	1
분해잔여	TAG1	1
분해잔여	TAG2	1
분해잔여	CM083	1
분해잔여	컨	1
분해잔여	0001	1
분해잔여	KH006	1
분해잔여	KH009	1
분해잔여	>	1
분해잔여	KH010	1
분해잔여	KH011	1
분해잔여	KH012	1
분해잔여	표	1
분해잔여	KH002	1
분해잔여	KH003	1
분해잔여	KH007	1
분해잔여	KH008	1
분해잔여	쓰	1
분해잔여	UTF8	1
분해잔여	세	1
분해잔여	CD1	1
분해잔여	CD2	1
분해잔여	CD3	1
분해잔여	CD4	1
분해잔여	CD5	1
분해잔여	CD6	1
분해잔여	RG0562	1
분해잔여	집	1
분해잔여	RG108	1
분해잔여	RG109	1
분해잔여	RG110	1
분해잔여	RG111	1
분해잔여	RG112	1
분해잔여	본	1
분해잔여	생	1
분해잔여	열	1
분해잔여	준	1
분해잔여	90	1
분해잔여	RG114	1
분해잔여	RSN2	1
분해잔여	최	1
분해잔여	붙	1
분해잔여	타	1
분해잔여	RG028	1
분해잔여	RG031	1
분해잔여	RG032	1
분해잔여	RG044	1
분해잔여	RG040	1
분해잔여	RG041	1
분해잔여	US014	1
분해잔여	RG030	1
분해잔여	라	1
분해잔여	RG056	1
분해잔여	RG066	1
분해잔여	RG051	1
분해잔여	31	1
분해잔여	32	1
분해잔여	33	1
분해잔여	34	1
분해잔여	35	1
분해잔여	36	1
분해잔여	37	1
분해잔여	38	1
분해잔여	39	1
분해잔여	41	1
분해잔여	42	1
분해잔여	44	1
분해잔여	45	1
분해잔여	46	1
분해잔여	47	1
분해잔여	48	1
분해잔여	49	1
분해잔여	50	1
분해잔여	51	1
분해잔여	52	1
분해잔여	53	1
분해잔여	54	1
분해잔여	55	1
분해잔여	56	1
분해잔여	57	1
분해잔여	58	1
분해잔여	60	1
분해잔여	99	1
분해잔여	ST001	1
분해잔여	CM115	1
분해잔여	RG059	1
분해잔여	RG078	1
분해잔여	RG079	1
분해잔여	RG100	1
분해잔여	RG097	1
분해잔여	RG027	1
분해잔여	RG070	1
분해잔여	RG075	1
분해잔여	료	1
분해잔여	CM101	1
분해잔여	년	1
분해잔여	SP016	1
분해잔여	종	1
분해잔여	평	1
분해잔여	도	1
분해잔여	%	1
분해잔여	글	1
분해잔여	=01	1
분해잔여	=02	1
분해잔여	N1	1
분해잔여	N1TOBE	1
분해잔여	1N	1
분해잔여	1NTOBE	1
분해잔여	0TOBE	1
분해잔여	SV067	1
분해잔여	SV147	1
분해잔여	SV079	1
분해잔여	CD='23'	1
분해잔여	CD='08'	1
분해잔여	때	1
분해잔여	SV164	1
분해잔여	만	1
분해잔여	태	1
분해잔여	SV109	1
분해잔여	SV110	1
분해잔여	SV149	1
분해잔여	SV148	1
분해잔여	SV078	1
분해잔여	D=DVD	1
분해잔여	M=MOD	1
분해잔여	술	1
분해잔여	SV069	1
분해잔여	SV040	1
분해잔여	문	1
분해잔여	SV015	1
분해잔여	순	1
분해잔여	SV083	1
분해잔여	1=	1
분해잔여	에	1
분해잔여	00=	1
분해잔여	10=	1
분해잔여	11=	1
분해잔여	20=	1
분해잔여	21=	1
분해잔여	91=	1
분해잔여	92=	1
분해잔여	93=DVD	1
분해잔여	SV193	1
분해잔여	SV194	1
분해잔여	SV195	1
분해잔여	SV121	1
분해잔여	SV196	1
분해잔여	SV197	1
분해잔여	SV198	1
분해잔여	SV199	1
분해잔여	SV200	1
분해잔여	Z6	1
분해잔여	Z1	1
분해잔여	SV070	1
분해잔여	SV189	1
분해잔여	SV190	1
분해잔여	SV152	1
분해잔여	SV088	1
분해잔여	1010	1
분해잔여	1011	1
분해잔여	1012	1
분해잔여	1013	1
분해잔여	1014	1
분해잔여	1015	1
분해잔여	1016	1
분해잔여	1017	1
분해잔여	1020	1
분해잔여	1021	1
분해잔여	1022	1
분해잔여	1023	1
분해잔여	1030	1
분해잔여	1040	1
분해잔여	1090	1
분해잔여	1091	1
분해잔여	2010	1
분해잔여	2011	1
분해잔여	2012	1
분해잔여	2013	1
분해잔여	2014	1
분해잔여	2015	1
분해잔여	2016	1
분해잔여	2017	1
분해잔여	2090	1
분해잔여	CM068	1
분해잔여	상	1
분해잔여	로	1
분해잔여	R1	1
분해잔여	92	1
분해잔여	100%	1
분해잔여	독	1
분해잔여	역	1
분해잔여	불	1
분해잔여	심	1
분해잔여	A1	1
분해잔여	US068	1
분해잔여	CM116	1
영문혼입	S	287
영문혼입	SYNC	57
영문혼입	M	32
영문혼입	F	30
영문혼입	FST	25
영문혼입	Y	24
영문혼입	NEO	23
영문혼입	V	23
영문혼입	GBN	22
영문혼입	ALERO	21
영문혼입	N	19
영문혼입	DVD	17
영문혼입	MF	15
영문혼입	ORG	14
영문혼입	C	14
영문혼입	LSTUPD	13
영문혼입	A	12
영문혼입	OCR	12
영문혼입	CM	11
영문혼입	B	11
영문혼입	OD	11
영문혼입	LSTUPDR	11
영문혼입	MAM	11
영문혼입	SEQ	10
영문혼입	D	10
영문혼입	ORGAN	9
영문혼입	TO	9
영문혼입	E	9
영문혼입	CLOB	9
영문혼입	RG	8
영문혼입	CAMS	8
영문혼입	RCV	8
영문혼입	FLAG	7
영문혼입	FAX	7
영문혼입	RCVFLAG	7
영문혼입	ALEROKEY	6
영문혼입	DB	6
영문혼입	RM	6
영문혼입	SCHE	6
영문혼입	U	5
영문혼입	I	5
영문혼입	G	5
영문혼입	T	5
영문혼입	MTYPE	5
영문혼입	P	5
영문혼입	RGST	5
영문혼입	byte	5
영문혼입	FILE	5
영문혼입	SKL	5
영문혼입	CONT	5
영문혼입	DEMDR	5
영문혼입	BYTYPE	4
영문혼입	R	4
영문혼입	HCAP	4
영문혼입	cm	4
영문혼입	HP	4
영문혼입	KDC	4
영문혼입	PAGE	4
영문혼입	SIZE	4
영문혼입	BND	4
영문혼입	EQ	4
영문혼입	REAL	4
영문혼입	LINE	4
영문혼입	DPI	4
영문혼입	CD	3
영문혼입	SCT	3
영문혼입	GOV	3
영문혼입	OLDGOV	3
영문혼입	SELF	3
영문혼입	PORT	3
영문혼입	PK	3
영문혼입	WEBCOPY	3
영문혼입	ISBN	3
영문혼입	ISSN	3
영문혼입	O	3
영문혼입	SCAN	3
영문혼입	NELCT	3
영문혼입	OGR	3
영문혼입	XLS	3
영문혼입	ACK	3
영문혼입	ST	3
영문혼입	ED	3
영문혼입	FLG	3
영문혼입	UN	3
영문혼입	GNR	3
영문혼입	FNC	3
영문혼입	EQU	3
영문혼입	NOPN	3
영문혼입	EXCPADM	3
영문혼입	J	2
영문혼입	TIFF	2
영문혼입	AK	2
영문혼입	Bin	2
영문혼입	Clip	2
영문혼입	Hash	2
영문혼입	WAS	2
영문혼입	PSDNT	2
영문혼입	FOREIGN	2
영문혼입	Insert	2
영문혼입	Update	2
영문혼입	Delete	2
영문혼입	UNTSBJ	2
영문혼입	TODO	2
영문혼입	bsid	2
영문혼입	VDKKEY	2
영문혼입	OMISSION	2
영문혼입	CAT	2
영문혼입	NOTI	2
영문혼입	CUR	2
영문혼입	FORG	2
영문혼입	null	2
영문혼입	BON	2
영문혼입	NULL	2
영문혼입	DOCUNO	2
영문혼입	STYLELEVEL	2
영문혼입	WEB	2
영문혼입	DOCNO	2
영문혼입	MOVED	2
영문혼입	EXT	2
영문혼입	DOC	2
영문혼입	CNFM	2
영문혼입	DRM	2
영문혼입	HMS	2
영문혼입	PRS	2
영문혼입	Mail	2
영문혼입	LST	2
영문혼입	STA	2
영문혼입	SESS	2
영문혼입	SUSE	2
영문혼입	Km	2
영문혼입	FROM	2
영문혼입	INSPEC	2
영문혼입	TEXT	2
영문혼입	OCRRST	2
영문혼입	UPD	2
영문혼입	TIF	2
영문혼입	TRM	2
영문혼입	CLASS	2
영문혼입	AR	2
영문혼입	Alero	2
영문혼입	MOD	2
영문혼입	EXAM	2
영문혼입	DWLD	2
영문혼입	PH	2
영문혼입	ITION	2
영문혼입	VAL	2
영문혼입	NHN	2
영문혼입	PAT	2
영문혼입	NOPNRS	2
영문혼입	DECSNOPNRS	2
영문혼입	GROUP	1
영문혼입	GGD	1
영문혼입	GOVARTPAT	1
영문혼입	GOVARTQUMAT	1
영문혼입	SBJPAT	1
영문혼입	dsid	1
영문혼입	OLD	1
영문혼입	CONF	1
영문혼입	KSC	1
영문혼입	TCP	1
영문혼입	CENTERA	1
영문혼입	DEL	1
영문혼입	RECGUBUN	1
영문혼입	PRT	1
영문혼입	FORGTYPE	1
영문혼입	UNIORGSCT	1
영문혼입	CUD	1
영문혼입	FORSTORECD	1
영문혼입	RESN	1
영문혼입	RCP	1
영문혼입	CNFR	1
영문혼입	PRV	1
영문혼입	STR	1
영문혼입	ERROR	1
영문혼입	POINT	1
영문혼입	DET	1
영문혼입	COMPR	1
영문혼입	GBNA	1
영문혼입	GBNB	1
영문혼입	CON	1
영문혼입	QTY	1
영문혼입	PRSPRDGBN	1
영문혼입	ASNG	1
영문혼입	REQR	1
영문혼입	REALCNFM	1
영문혼입	END	1
영문혼입	NM	1
영문혼입	default	1
영문혼입	RCO	1
영문혼입	SBJSKLPAT	1
영문혼입	STUTEGRUND	1
영문혼입	OPNSCTCONT	1
영문혼입	STATDATE	1
영문혼입	WMKEY	1
영문혼입	DWRS	1
영문혼입	W	1
영문혼입	SW	1
영문혼입	INCHG	1
영문혼입	TV	1
영문혼입	Radio	1
영문혼입	MAN	1
영문혼입	DCHRG	1
영문혼입	ADM	1
영문혼입	YYYYMMDD	1
영문혼입	AND	1
영문혼입	ITEM	1
영문혼입	SH	1
영문혼입	RCREQ	1
영문혼입	ALLORG	1
영문혼입	LOWSTORG	1
영문혼입	CP	1
영문혼입	ORI	1
영문혼입	SHIS	1
영문혼입	ARCHIVE	1
영문혼입	KEY	1
영문혼입	OCRHIS	1
영문혼입	COUT	1
영문혼입	SLT	1
영문혼입	K	1
영문혼입	KHM	1
영문혼입	CNC	1
영문혼입	CMMT	1
영문혼입	STFF	1
영문혼입	ZZ	1
영문혼입	RET	1
영문혼입	DHOUSE	1
영문혼입	DGTL	1
영문혼입	APPENDS	1
영문혼입	DEST	1
영문혼입	ALIVE	1
영문혼입	SHUTDOWN	1
영문혼입	USE	1
영문혼입	RFILE	1
영문혼입	EXCP	1
영문혼입	ADV	1
영문혼입	EXCPREQPROCSCT	1
영문혼입	EXCPREQPROCRST	1
영문혼입	EXCPADMHDL	1
영문혼입	EXCPADMDEMDR	1
영문혼입	EXCPADMCLMR	1
영문혼입	e	1
영문혼입	mail	1
영문혼입	MFFSH	1
영문혼입	OPNDECS	1
영문혼입	UNREG	1
영문혼입	TINOUTSCT	1
영문혼입	TEL	1
