한글	출현수	영문약어	영문명	도메인분류	비고
서고	90	STACK	Stack		문서 보존 서고
유지	52	MNT	Maintenance		보존환경 유지 50건 / 유지일 2건 [검토완료]
주민	41	RESID	Resident		주민(등록)
시청각	41	AUDVS	Audio Visual		시청각 기록물 (오디오·비디오·필름·사진) [검토완료]
상자	33	BOX	Box		
영구	27	PERM	Permanent		보존기간 영구
필름	20	FILM	Film		
스캐닝	19	SCAN	Scanning		
준영구	14	SMPERM	Semi-permanent		보존기간 준영구 [검토완료]
미상	14	UNKN	Unknown		
공기질	14	AIRQ	Air Quality		서고 환경
소장처	13	HOLDR	Holding Location		소장처/소장기관
원어	13	ORGWD	Original Word		원어
구술	13	ORAL	Oral		구술 기록
대통령	12	PRSDT	President		
비밀	11	SECR	Secret		비밀(보안등급)
납본	11	LGDPST	Legal Deposit		납본
초안	10	DRAFT	Draft		
띄어쓰기	10	SPACNG	Spacing		
복제	10	DUPL	Duplication		
클래스	9	CLASS	Class		OOP 클래스
계열	9	SERIES	Series		
시소러스	9	THSRS	Thesaurus		시소러스
종이	9	PAPER	Paper		
해쉬	8	HASH	Hash		해쉬=해시
서열	8	RANK	Rank		
소장	8	HOLD	Holding		소장(보유)
감염	8	INFCT	Infection		바이러스 감염
정정	8	CORRCT	Correction		
디지털	8	DGTL	Digital		
지도	8	MAP	Map		
총독부	7	GOVGEN	Government-General		조선총독부 (총독문서 7건은 별도 코멘트정정 필요) [검토완료]
데몬	7	DMON	Daemon		
육안	7	NKDEYE	Naked Eye		확정(2026-05-19): Naked Eye 유지. 육안검수→육안검사 통일
콜렉션	7	CLLCTN	Collection		콜렉션=컬렉션
메타	7	META	Meta		
볼륨	6	VOL	Volume		
백신	6	VACCN	Vaccine		
체크	6	CHK	Check		
시대	6	ERA	Era		
봉투	6	ENVLP	Envelope		
자기	6	MAGNET	Magnetic		자기(테이프) — 확인필요
비교	5	CMPR	Comparison		
컨텐츠	5	CONTNT	Content		컨텐츠=콘텐츠
커맨드	5	CMMND	Command		
질의어	5	QRYWD	Query Word		
현존	5	EXIST	Existence		
소장인	5	HOLDER	Holder		소장인
통권	5	TOTVOL	Total Volume		통권(누적 권호)
카운트	5	COUNT	Count		
이유	5	REASON	Reason		
협정	5	AGRMT	Agreement		
역사	4	HIST	History		
유출	4	LEAK	Leak		
편철	4	FILING	Filing		편철
디지털화	4	DGTLZ	Digitalization		
광디스크	4	OPTDSK	Optical Disk		
헤더	4	HEADER	Header		
그림	4	PICTR	Picture		
서브	4	SUB	Sub		
서면	4	WRITTN	Written		
녹음	4	SNDREC	Sound Recording		
질의	4	QUERY	Query		
소화	4	FIRESP	Fire Suppression		소화(소방) — 확인필요
교류	4	EXCHNG	Exchange		
예고	4	NOTICE	Notice		
아카이브	3	ARCV	Archive		
판단	3	JUDGE	Judgement		
플래그	3	FLAG	Flag		
경광등	3	WRNLMP	Warning Lamp		
판본	3	EDITN	Edition		
대외비	3	CONFID	Confidential		대외비(보안)
컴포넌트	3	COMPNT	Component		
이중	3	DOUBLE	Double		
준칙	3	GUIDE	Guideline		준칙
세항	3	SUBITM	Sub Item		
추적	3	TRACE	Trace		
오디오	3	AUDIO	Audio		
비디오	3	VIDEO	Video		
주변	3	PERIPH	Peripheral		
상정	3	SUBMIT	Submission		상정 — 확인필요
사료	2	HISTMT	Historical Material		사료(史料)
무단	2	UNAUTH	Unauthorized		
증정인	2	DONOR	Donor		증정인
액션	2	ACTION	Action		
포탈	2	PORTAL	Portal		포탈=포털
마스터	2	MASTER	Master		
코너	2	CORNER	Corner		
메서드	2	METHOD	Method		
롤필름	2	ROLFLM	Roll Film		
파싱	2	PARSNG	Parsing		
현상기	2	FLMDEV	Film Developer		필름 현상기
경향	2	TENDNC	Tendency		
타당성	2	VALDTY	Validity		
앨범	2	ALBUM	Album		
색채	2	COLOR	Color		
재생	2	PLAY	Play		
잉크	2	INK	Ink		
두께	2	THCKNS	Thickness		
신조어	2	NEWWRD	New Word		
복제본	2	DUPLCT	Duplicate		
네트워크	2	NETWRK	Network		
드라이브	2	DRIVE	Drive		
클립	2	CLIP	Clip		
워커	2	WORKER	Worker		
라이센스	2	LICENS	License		라이센스=라이선스
시청	2	WATCH	Watching		시청(視聽)
인화	2	PHTPRT	Photo Print		사진 인화
훈장류	2	MEDAL	Medal		
질소	2	NITRGN	Nitrogen		서고 환경 측정
포름알데히드	2	FORMALD	Formaldehyde		서고 환경 측정
마이그레이션	1	MGRTN	Migration		마이그레션(오타)도 동의어로 흡수
진본	1	AUTHEN	Authentic		진본(眞本)
시점	1	TMPNT	Time Point		
타겟	1	TARGET	Target		
음화	1	NEGTV	Negative		음화(陰畫)
양화	1	POSTV	Positive		양화(陽畫)
편집자	1	EDITOR	Editor		
감독	1	DRCTR	Director		
감독관	1	SUPVSR	Supervisor		
워터마크	1	WTRMRK	Watermark		
되감기	1	REWIND	Rewind		
세척	1	CLEAN	Cleaning		
음향	1	SOUND	Sound		
용기	1	CONTNR	Container		용기(容器)
변색	1	DISCLR	Discoloration		
작사자	1	LYRICST	Lyricist		
작곡자	1	COMPSR	Composer		
기구	1	MCHNRY	Machinery		機構(조직체) 의미 — Machinery 오등록, XLSX 검토 시 영문명 재결정
샘플링	1	SAMPLNG	Sampling		
실물	1	REALOBJ	Real Object		
획득	1	ACQUIRE	Acquisition		
손망실	1	LSDMG	Loss and Damage		손망실(損亡失)
오브젝트	1	OBJECT	Object		
어셋	1	ASSET	Asset		어셋=에셋
시트	1	SHEET	Sheet		
합사	1	ENSHRN	Enshrinement		야스쿠니 합사 — 총독부 기록
디지털사인	1	DGTLSGN	Digital Sign		
타임스탬프	1	TMSTMP	Timestamp		
커트	1	CUT	Cut		
기록물건		RCDSI	Records Item		기록물철 안의 상세 건 — DSID 핵심키 [검토완료]
광		OPTIC	Optical		광(光) — 확인필요
주간지		WKMGZ	Weekly Magazine		보도매체 주/월간지 [검토완료]
월간지		MTMGZ	Monthly Magazine		보도매체 주/월간지 [검토완료]
회로		CIRC	Circuit		폐쇄회로감시장치 2건 [검토완료]
