size	x	y	text
1.3	938	26	기록물유형별통계
1.3	952	26	기록물유형별생산년도통계
1.3	976	26	CAMS수집보유통계
1.3	999	26	매체수록평가
1.3	1016	26	보고용통계
1.3	1032	26	생산년도별통계
1.3	123	27	시청각기록물보존현황(RG)
1.3	142	27	보유기록물현황(RG)
1.3	157	27	시청각기록물생산현황(RG)
1.3	176	27	회의록관리현황(RG)
1.3	192	27	생산기록물현황(RG)
1.3	223	28	생산배부대장(RG)
1.3	246	28	생산기본목록(RG)
1.3	270	28	생산변경이력정보(RG)
1.3	290	28	생산기록물건변경이력대장(RG)
1.3	314	28	생산이관승인목록(RG)
1.3	575	30	79년도공문서보존기간표(CM)
1.3	552	30	84년도공문서보존기간표(CM)
1.3	598	30	64년도공문서보존기간표(CM)
1.3	348	31	군기술서(SV)
1.3	367	31	계열기술서(SV)
1.3	385	31	계열기술서변경전내역
1.3	500	31	공개재분류(SV)
1.3	519	31	공개재분류이력(SV)
1.3	624	31	과제유형(CM)
1.3	642	31	기능분류체계(CM)
1.3	656	31	기능분류체계(CM) 이력
1.3	673	31	기록물분류기준표(CM)
1.3	692	31	클래스분류체계(CM)
1.3	713	31	해외기록분류체계(CM)
1.3	403	31	철기술서(CM)
1.3	417	31	계열분류정보(CM)
1.3	430	31	기술분류(CM)
1.3	469	31	공개검토서(SV)
1.3	484	31	공개기준유형(SV)
1.3	780	32	단위과제보존기간표재심사목록(SM)
1.3	449	33	신조어불용어정보
1.3	762	34	단위과제RMS통보파일내역
1.3	742	35	BRM전송파일리스트
1.3	811	35	준칙관리_공통업무_영역분류
1.3	838	35	기준년도내역
1.3	858	35	고유업무준칙(SM)
1.3	876	35	보존기간준칙예시(SM)
1.3	107	38	기록물폐기심의서(RG)
1.3	418	47	검토기관(SV)
1.3	837	49	준칙관리_공통업무_단위업무
1.3	811	49	준칙관리_공통업무_소기능
1.3	221	49	생산현황접수(RG)
1.3	483	50	공개재분류기준서(SV)
1.3	403	54	건기술서(CM)
1.3	468	54	공개범위평가기준(SM)
1.3	273	55	생산세부목록(RG)
1.3	624	55	기관기능분류(CM)
1.3	198	56	조사연구검토서(RG)
1.3	692	57	총독부기록분류체계(CM)
1.3	552	59	92년도공문서보존기간표(CM)
1.3	858	59	공통업무처리일정표(SM)
1.3	161	60	생산현황서식대장(RG)
1.3	997	60	생산기관별통계
1.3	449	60	키워드정보
1.3	742	61	단위과제보존기간표(SM)
1.3	417	63	검토기록물(SV)
1.3	812	64	준칙관리_기관별_준칙파일
1.3	429	64	기록물기술분류이력(CM)
1.3	577	65	97년도공문서보존기간표(CM)
1.3	896	65	기술기준영역(SM)
1.3	876	66	통합관리기록분류(CM)
1.3	761	68	단위과제보존기간표접수(SM)
1.3	108	70	매체수록기록물현황(RG)
1.3	837	72	준칙관리_기준년도(공통)
1.3	348	73	군분류정보(CM)
1.3	403	74	집합기술계층(SV)
1.3	293	74	생산첨부파일정보(RG)
1.3	519	75	공개제한페이지이력(SV)
1.3	429	78	기술분류관련이력(CM)
1.3	415	78	기술분류이력(CM)
1.3	1037	80	정부간행물발간등록번호
1.3	449	80	키워드이력정보
1.3	624	80	기능대비목적분류표(CM)
1.3	936	81	파일확장자별인수건수통계내역
1.3	224	82	생산이관(RG)
1.3	958	82	행정박물기관별통계2
1.3	811	84	준칙관리_기관별_준칙년도
1.3	838	84	준칙관리_기관별_대분류
1.3	494	85	공개제한페이지(SV)
1.3	314	87	생산이관승인(RG)
1.3	474	87	보존기간재분류내역(SV)
1.3	674	87	단위업무기능분류(CM)
1.3	129	88	정부간행물생산목록통보서식(RG)
1.3	526	88	재분류내역(SV)
1.3	692	88	총독부기록분류코드표(CM)
1.3	712	88	해외기록분류코드표(CM)
1.3	382	89	생산/수집이관기관(SV)
1.3	172	89	시청각기록물생산목록(RG)
1.3	367	89	기능어이력정보
1.3	877	90	기술기준세항(SM)
1.3	154	91	행정박물보유목록(RG)
1.3	512	92	공개분류(SV)
1.3	294	92	생산세부특수목록(RG)
1.3	555	93	공문서보존기간표(CM)
1.3	206	94	마이크로필름수록현황(RG)
1.3	191	94	광디스크수록현황(RG)
1.3	437	95	기술분류임시보관함(CM)
1.3	858	95	준칙관리_기관별_단위과제
1.3	897	95	기술기준항목(SM)
1.3	349	95	기능어
1.3	959	96	행정박물기관별통계
1.3	225	97	생산이관일정(RG)
1.3	580	98	공문서보존기간기록(CM)
1.3	399	100	건정보홈페이지서비스
1.3	413	100	철정보홈페이지서비스
1.3	838	101	준칙관리_기관별_중분류
1.3	493	103	공개제한페이지내역(SV)
1.3	780	104	단위과제보존기간표재심사이력(SM)
1.3	367	105	기능어정보
1.3	274	106	생산인수인계목록
1.3	247	106	생산기본특수목록(RG)
1.3	383	108	계열관련기록(CM)
1.3	436	110	기술분류임시보관함내역(CM)
1.3	105	141	전자기록물품질검사상세(RG)
1.3	129	141	육안검수샘플링품질검사배정내역(RG)
1.3	222	141	이관기본특수목록(RG)
1.3	306	141	저장매체(SM)
1.3	321	141	저장매체오류(SM)
1.3	157	141	육안검수샘플링품질검사내역(RG)
1.3	180	144	실물확인세부목록_C
1.3	199	144	실물확인기본목록
1.3	639	147	관리세부목록(RG)
1.3	513	149	관리기본목록(RG)
1.3	977	150	MD_USER
1.3	987	150	계급(CM)
1.3	996	150	고문서문헌분류표(CM)
1.3	1011	150	역사기록분류체계(CM)
1.3	1028	150	한국지역구분보조표(CM)
1.3	1046	150	직류(CM)
1.3	1064	150	직군(CM)
1.3	962	150	MD_GROUP
1.3	487	151	총독부간행물 상세(RG)
1.3	361	151	정부간행물 전자첨부파일업로드 데이터
1.3	556	151	관리기본목록삭제데이터백업
1.3	455	151	폐간현황(RG)
1.3	616	152	관리첨부파일정보(RG)
1.3	689	152	기록물 대량등록 작업관리
1.3	708	152	임시등록기본목록(RG_DOCUMENT)
1.3	732	152	임시등록기본특수목록(RG_DOCTUK)
1.3	759	152	임시등록세부목록(RG_DETAIL)
1.3	780	152	임시등록정부간행물MASTER(RG_GOVTINFO)
1.3	416	152	정부간행물 MASTER(RG)
1.3	437	152	발간등록(RG)
1.3	885	152	정부기관(CM)
1.3	590	152	관리세부목록삭제데이터백업(RG)
1.3	863	152	통합관리기관(CM)
1.3	390	153	정부간행물 목차-주기사항(RG)
1.3	927	153	자체관리통합기관코드 변경이력
1.3	840	154	자체관리 통합기관코드
1.3	539	154	관리변경이력정보(RG)
1.3	222	155	실물확인오류내역
1.3	908	155	기관코드사용 범위설정
1.3	321	166	저장매체모니터링(SM)
1.3	223	167	실물확인요청내역
1.3	362	168	정부간행물 전자파일업로드 연계데이터
1.3	539	174	관리기본특수목록(RG)
1.3	392	175	정부간행물MASTER복본
1.3	869	175	구정부기관(CM)
1.3	994	177	데몬프로세스환경설정(CM)
1.3	1013	177	목적분류체계(CM)
1.3	1029	177	법정동(CM)
1.3	1046	177	직급(CM)
1.3	1064	177	직렬(CM)
1.3	456	177	발간등록번호 연계데이타
1.3	732	177	임시등록세부특수목록(RG_DETTUK)
1.3	977	177	대통령기록분류코드표(CM)
1.3	307	177	볼륨(SM)
1.3	962	177	기능분류오류내역
1.3	133	183	오검수유형집계내역(RG)
1.3	289	183	이관건생산내역(RG)
1.3	198	184	실물확인세부목록_P
1.3	180	186	실물확인세부목록_O
1.3	158	187	육안검수오류유형별통계정보
1.3	691	190	대량등록파일오류내역
1.3	537	194	첨부파일(SM)
1.3	324	196	이관세부특수목록(RG)
1.3	307	196	이관건관계정보(RG)
1.3	363	196	정부간행물 전자파일업로드 데이터
1.3	223	197	이관철관계정보(RG)
1.3	435	202	발간등록신청(CAMS)
1.3	994	208	목록제공결과파일내역(CM)
1.3	1012	208	목록제공내역(CM)
1.3	1046	208	우편번호(CM)
1.3	1064	208	직종(CM)
1.3	977	208	대분류기초코드(CM)
1.3	961	208	소분류기초코드(CM)
1.3	837	212	기록물소장처(CM)->삭제대상TABLE
1.3	884	212	기관평가결과(SP)
1.3	897	212	항목별 기관평가결과(SP)
1.3	917	212	기관평가항목(SP)
1.3	291	213	이관기록물건변경이력대장(RG)
1.3	862	214	이전기관코드 이력관리
1.3	223	214	이관철생산내역(RG)
1.3	538	216	첨부세부내역(SM)
1.3	321	217	이관파일목록(RG)
1.3	362	219	정부간행물 전자첨부파일업로드 연계데이터
1.3	691	220	대량등록파일관리
1.3	658	221	관리기록물건변경이력대장(RG)
1.3	995	227	생산기관(CM)
1.3	733	231	임시등록박물추가정보(RG_ADMIN_ADDINFO)
1.3	486	235	총독부간행물 목차주기사항(RG)
1.3	222	236	이관변경이력정보(RG)
1.3	616	237	문서보존파일(SV)
1.3	181	237	품질검사진행일
1.3	1018	240	코드테이블
1.3	1029	240	외국명(CM)
1.3	1046	240	직위(CM)
1.3	1060	240	직종세부분류(CM)
1.3	977	240	생산부처기관(CM)
1.3	962	240	보존소(CM)
1.3	133	240	영구보존포맷변환내역(SV)
1.3	158	241	전자기록물육안검수오류현황
1.3	198	256	품질검사진행일 철단위(RG)
1.3	223	257	이관목록인계 철단위(RG)
1.3	132	261	품질검수일일할당건수집계내역(RG)
1.3	615	265	주요인물(SV)
1.3	264	270	이관첨부파일추출정보(RG)데이터보관용
1.3	481	279	기록물저작권
1.3	971	279	기록물철 변경이력
1.3	991	279	기록물철 삭제
1.3	1009	279	기록물상태 변경이력
1.3	1026	279	기록물건 변경이력
1.3	133	280	RMS오류통보수신내역
1.3	447	281	행정박물분류체계(CM)
1.3	414	281	행정박물 대중소분류
1.3	430	281	행정박물 인수확인 목록
1.3	376	283	구술기록기본목록
1.3	362	283	구술기록 관련자
1.3	388	284	구술기록 세부목록
1.3	618	285	관리세부특수목록(RG)
1.3	695	285	시청각세부추가(SV)
1.3	711	285	시청각세부추가(언어)(SV)
1.3	732	289	시청각기록물엑셀업로드오류내역
1.3	158	290	전자기록물품질검사(RG)
1.3	321	291	이관인수인계목록
1.3	766	292	이중보존매체마스터정보
1.3	198	293	이관기본목록(RG)데이터보관용
1.3	790	294	해외기록물 매체류
1.3	430	294	행정박물추가정보
1.3	179	297	인수대장 - 인수 기록물 정보
1.3	362	301	구술기록 구성자료
1.3	414	302	행정박물가인수인계
1.3	132	302	이관세부목록(RG)데이터보관용
1.3	447	305	행정박물인수확인서
1.3	222	306	추출전이관첨부파일정보(RG)
1.3	389	307	구술기록 키워드
1.3	480	307	기록물저작권 추가내용(권리)
1.3	321	307	영구보존파일(SV)
1.3	594	307	관리세부일제강제연행자
1.3	1010	308	기록물건 삭제
1.3	733	309	시청각기록물엑셀저장요청내역
1.3	990	312	기록물위치상태변경이력
1.3	266	317	인수대장
1.3	198	317	이관파일목록 철단위(RG)
1.3	925	319	공무원구분(CM)
1.3	712	325	시청각기본추가(언어)(SV)
1.3	290	326	기록물철 이관 반려기록(RG)
1.3	159	327	온라인연계오류이력
1.3	177	327	온라인연계오류내역전송리스트
1.3	696	328	시청각기본추가(SV)
1.3	1009	330	기록물보존소변경이력
1.3	133	331	온라인연계오류내역
1.3	198	335	송수신 규격 XML 파일 DB
1.3	222	335	자료관생산부서정보(RG)
1.3	242	337	이관철건서비스제목일괄작업관리
1.3	879	337	사용자권한신청이력(SM)
1.3	899	337	사용자원문다운로드IP
1.3	916	337	사용자접속로그(SM)
1.3	931	337	사용자페이지접속이력
1.3	839	337	소속부서별 사용메뉴 EXCEL 다운용
1.3	712	338	시청각매체(SV)
1.3	375	339	복제M/F 이송입고내역
1.3	359	339	장기보존매체 이송/입고
1.3	390	339	이송/입고내역(SV)
1.3	410	340	상태정수점검 스케줄링
1.3	992	340	워터마크사용자IP내역
1.3	426	341	정수점검내역(SV)
1.3	223	347	자료관정보(RG)
1.3	265	348	대용량 송수신 모듈 첨부 파일 DB
1.3	1057	366	연동모듈환경(SM)
1.3	835	368	AMS백업파일(SM)
1.3	852	368	AMS백업목록(SM)
1.3	870	368	AMS테이블(SM)
1.3	886	368	AMS컬럼(SM)
1.3	1018	368	메타항목(SM)
1.3	926	371	SB_단위업무
1.3	906	372	CM_동적질의어
1.3	1036	372	세션별접속건수목록
1.3	945	374	SB_일반문서_기관코드
1.3	1003	375	메뉴접속수
1.3	970	377	SB_일반문서_자료관대기관코드
1.3	1033	386	아카이빙스토리지통계내역
1.3	974	388	통보내역(SV)
1.3	905	390	CM_동적질의어 이력
1.3	347	393	서고점검일지(SV)
1.3	561	395	작업스케줄링TIF(SV)
1.3	319	396	서가(SV)
1.3	469	398	OD복제마스터
1.3	334	398	서고(SV)
1.3	484	398	이미지서버(SV)
1.3	497	398	OD클래스(SV)
1.3	511	398	OD수록내역(SV)
1.3	538	398	작업스케줄링기본목록(SV)
1.3	702	398	복원처리서복원처리자내역
1.3	453	399	매체수록의견(SV)
1.3	647	399	복원처리서(SV)
1.3	684	399	복원전세부상태(SV)
1.3	181	400	인수/인계(RF)
1.3	201	400	태그발행(RF)
1.3	296	400	서고배치내역(SV)
1.3	401	400	평가분류(SV)
1.3	738	400	체크아카이브정보
1.3	266	402	장기보존매체서고배치내역이력(SV)
1.3	241	402	M/F 색인대장(보존) - 서고배치내역(SV)
1.3	777	402	기록물 점검 오류정보
1.3	758	402	체크아카이빙스케줄
1.3	611	403	보존처리내역(SV)
1.3	137	408	용어테이블(TH)
1.3	665	408	복원처리내역(SV)
1.3	113	409	시소러스테이블(TH)
1.3	387	409	평가분류이력(SV)
1.3	683	416	복원처리세부내역(SV)
1.3	558	418	작업스케줄링세부목록(SV)
1.3	448	418	매체수록조정(SV)
1.3	707	418	복원세부내역(SV)
1.3	300	419	서가셀목록(SV)
1.3	284	419	서고배치내역이력(SV)
1.3	533	420	작업스케줄링(SV)
1.3	269	420	보존매체(SV)
1.3	181	422	태그발행이력(RF)
1.3	960	423	전거DB 관계영역
1.3	916	426	전거DB 설치근거
1.3	465	427	OD수록정보 TABLE
1.3	609	427	수작업탈산처리내역(SV)
1.3	402	428	관련기록내역(SV)
1.3	899	429	전거DB 대등표목
1.3	977	430	전거DB 수행업무
1.3	482	431	OD수록세부정보TABLE
1.3	243	431	이관매체 서고배치내역
1.3	880	432	전거DB 수정내역
1.3	510	435	이송복제M/F목록(SV)
1.3	860	435	전거DB 기관/단체기능어
1.3	330	436	M/F서고배치내역이력(SV)
1.3	993	437	전거DB 인물직업
1.3	560	437	작업스케줄기본목록연결내역
1.3	758	438	체크아카이브세부정보
1.3	648	439	복원의뢰내역(SV)
1.3	845	439	전거DB 참고정보원
1.3	198	440	반출입이력(RF)
1.3	940	441	전거DB 기본정보
1.3	1008	443	전거DB 대등기관
1.3	690	444	복원처리내역(미사용)(SV)
1.3	674	444	복원문서내역
1.3	181	444	태그프린터(RF)
1.3	776	446	상태정수점검 기록물 복구결과
1.3	1023	446	전거DB 인물경력
1.3	244	447	서고기본정보
1.3	113	450	관계정의테이블(TH)
1.3	708	451	복제처리세부내역(SV)
1.3	134	452	버전관리테이블(TH)
1.3	832	452	전거DB 비채택어
1.3	555	456	작업스케줄링 장기보존매체(SV)
1.3	497	457	DVD정보(SV)
1.3	448	457	매체수록_DVD작업상세
1.3	469	458	매체수록_DVD작업요청내역
1.3	289	464	보존매체서고배치내역(SV)
1.3	306	464	이전매체서고배치내역(SV)
1.3	247	465	OD복제 서고배치내역이력(SV)
1.3	269	465	이관매체서고배치내역이력(SV)
1.3	647	465	복원의뢰서(SV)
1.3	334	466	M/F서고배치내역(SV)
1.3	847	466	전거DB 기능어/키워드/신조어/기록물연계
1.3	181	466	고정형리더기(RF)
1.3	202	466	RFID태그발행
1.3	1031	467	전거DB 기관장
1.3	1011	469	전거DB 사건기술영역
1.3	874	469	전거DB 하위조직 변천
1.3	400	470	M/F촬영계획서(SV)
1.3	995	472	전거DB 통제영역 유지주기
1.3	896	473	전거DB 인물국적
1.3	420	473	M/F촬영세부내역(SV)
1.3	915	474	전거DB 관련자료영역
1.3	982	475	전거DB 지리상위치
1.3	964	475	전거DB 인물종교
1.3	387	477	복제M/F(SV)
1.3	449	477	스캐닝파일이력(SV)
1.3	113	478	신청용어테이블(TH)
1.3	136	479	용어이력로그테이블(TH)
1.3	512	479	스캐닝파일(SV)
1.3	487	481	DVD건수록내역(SV)
1.3	263	483	해외매체 서고배치내역
1.3	279	483	해외매체 서고배치이력(SV)
1.3	468	483	DVD철수록내역(SV)
1.3	247	483	OD복제 서고배치내역
1.3	314	483	복제M/F서고배치내역(SV)
1.3	418	495	복제M/F 점검리스트
1.3	196	498	무단반출제외요청기록물목록(RF)
1.3	138	498	한자사전(TH)
1.3	139	507	한자사전
1.3	1028	512	열람신청대장(US)
1.3	198	512	태그입출입요청내역(RF)
1.3	181	514	이동이력(RF)
1.3	703	515	변환요청 결과
1.3	729	515	변환요청 공동 테이블
1.3	760	516	보존_종이기록물복제처리서내역
1.3	847	516	K2_QUEUE_TABLE_BAK
1.3	872	516	원문다운로드스케줄관리
1.3	786	517	복제-종이기록물
1.3	259	518	의뢰/인수목록(SV)
1.3	895	518	원문다운로드요청기본목록
1.3	283	518	의뢰/인수이력(SV)
1.3	241	518	미반입내역(SV)
1.3	655	518	철상태평가조사표(SV)
1.3	674	518	건상태평가조사표(SV)
1.3	831	519	코난증분색인내역
1.3	922	519	불복구제신청(US)
1.3	941	520	비공개제한열람신청(US)
1.3	980	521	유형별청구정보
1.3	1056	522	국가기록포털연계데이터세부목록(일일생성)
1.3	960	522	정보공개청구서
1.3	1005	522	열람신청목록(US)
1.3	302	523	의뢰/인수목록이력(SV)
1.3	422	525	원문디지털화요청내역(SV)
1.3	475	527	디지털화파일(SV)
1.3	391	529	기록물변경목록MAM시스템전송내역
1.3	846	529	검색엔진증분색인용큐_NEW
1.3	458	529	동영상파일(SV)
1.3	114	536	UCI_포탈전송세부목록
1.3	133	536	UCI_포탈전송기본목록
1.3	704	537	변환서버 기관코드별 처리
1.3	1056	537	국가기록포털연계데이터기본목록(일일생성)
1.3	894	538	원문다운로드요청세부목록
1.3	980	539	열람기록물정보
1.3	240	541	의뢰/인수목록 이관매체
1.3	674	541	건상태평가조사내역(SV)
1.3	261	542	의뢰/인수(SV)
1.3	707	544	변환서버 모니터링
1.3	733	547	날짜포맷기준정보내역
1.3	304	548	의뢰/인수복제M/F목록(SV)
1.3	392	548	시청각기록물MAM연계요청내역
1.3	424	548	앨범상자편성내역(SV)
1.3	846	550	TIF대용량다운로드로그(SM)
1.3	830	551	MF수록대장(US)
1.3	477	553	대표화면(SV)
1.3	1062	553	기록물철개인정보필터링 정보
1.3	705	555	변환요청 대상 파일
1.3	655	555	철상태평가조사내역(SV)
1.3	871	557	원문다운로드ZIP파일관리
1.3	980	557	결재상신
1.3	325	559	의뢰/인수매체이전목록(SV)
1.3	733	559	변환서버작업상태모니터링
1.3	760	560	보존_종이기록물복제처리서상세
1.3	674	561	철상태평가조사표(개정)(SV)
1.3	426	561	앨범상자(SV)
1.3	894	561	원문다운로드대상파일관리
1.3	240	562	의뢰/인수목록 해외매체
1.3	1063	566	기록물건개인정보필터링 정보
1.3	846	571	기록물작업로그(SM)
1.3	981	571	사용자_결재
1.3	184	571	서고시뮬레이션
1.3	197	571	시뮬레이션 대상기록물
1.3	306	574	의뢰/인수DVD목록(SV)
1.3	282	578	의뢰/인수보존매체목록(SV)
1.3	421	579	매체이전정보(SV)
1.3	437	579	매체이전내역(SV)
1.3	487	579	장기보존매체수록목록(SV)
1.3	470	580	매체이전 정수점검리스트
1.3	507	580	DVD서고배치내역(SV)
1.3	526	580	DVD 정수점검리스트
1.3	653	581	철상태평가조사내역(개정)(SV)
1.3	1063	581	홈페이지 연계 건 오류 목록
1.3	830	586	워터마크다운로드내역
1.3	674	587	철상태평가보존처리요청(SV)
1.3	191	593	시뮬레이션 대상서고
1.3	981	593	열람신청반출의뢰(US)
1.3	306	594	의뢰/인수M/F목록(SV)
1.3	962	595	US_표준매타코드
1.3	1063	599	홈페이지 연계 철 오류 목록
1.3	836	601	지적/임야원도 검색 로그 테이블
1.3	266	661	KH_ISAARPASTRELATION
1.3	395	664	의뢰/인수목록(OD복제)
1.3	427	664	의뢰/인수미디어목록(SV)
1.3	454	664	이송OD복제 입고내역
1.3	301	665	KH_ISAAROPERATIONDATE
1.3	244	665	KH_ISAARRELATION
1.3	217	666	KH_ISAARUPPERRELATION
1.3	500	668	국가기록물지정신청(PL)
1.3	520	668	지정대상조사_심의(PL)
1.3	541	668	국가기록물지정(PL)
1.3	562	668	지정기록물사후관리(PL)
1.3	113	669	대용량스캐닝다운로드작업(SV)
1.3	158	670	스캐닝파일변환작업(SV)
1.3	136	671	대용량스캐닝작업큐(SV)
1.3	695	671	전시관방문기록(SP)
1.3	581	672	지정사후관리첨부파일정보(PL)
1.3	318	674	KH_ISAAROPERATION
1.3	291	674	KH_ORGALIAS
1.3	671	675	전시관(SP)
1.3	1048	675	기록관리기관 시설장비기준(SP)
1.3	1020	676	기관별 시설장비현황통보(SP)
1.3	269	677	전거_국제표준기관기본
1.3	718	681	종사인력및전문인력배치현황(SP)
1.3	860	681	교육과정(SP)
1.3	887	681	강사학력(SP)
1.3	906	681	기록관서고장비현황
1.3	923	681	기록관리표준게시판내역
1.3	959	682	기록관리표준업무작업스케줄내역
1.3	741	682	시스템연동현황(SP)
1.3	943	682	기관구분별기관(SP)
1.3	354	682	KH_OMISSIONDESC
1.3	210	682	KH_ISAARORGSOURCE
1.3	756	683	외국국가기록기관(SP)
1.3	779	683	협정체결(SP)
1.3	797	683	위원추천POOL(SP)
1.3	814	683	위원(SP)
1.3	829	683	위원회(SP)
1.3	845	683	위원회활동(SP)
1.3	626	683	전시물(SP)
1.3	985	685	기관별 시설장비현황결과 통계(SP)
1.3	651	685	전시(SP)
1.3	696	686	전시관담당자(SP)
1.3	397	687	OD복제 미반입내역
1.3	430	688	M/F 미반입내역
1.3	455	688	이관매체 미반입내역
1.3	343	688	KH_ISAARFUNC
1.3	215	691	KH_ORGDETAILTYPE
1.3	328	692	KH_ORGSYNONYM
1.3	142	693	기록물보존매체기본정보(전자기록물복구시스템)
1.3	231	693	전거_국제표준기관주소내역
1.3	113	693	저장매체장비정보(전자기록물복구시스템)
1.3	683	693	전시관이력(SP)
1.3	308	697	전거_국제표준기관규칙상세
1.3	247	703	전거_국제표준기관대표자내역
1.3	843	704	위원학력(SP)
1.3	877	705	과정별과목/강사(SP)
1.3	892	705	강사POOL(SP)
1.3	286	705	KH_ISAARSUBDESCRIPTION
1.3	719	705	행사참여자(SP)
1.3	738	705	행사(SP)
1.3	816	705	위원경력(SP)
1.3	541	706	국가기록물지정해제(PL)
1.3	756	707	생산시스템현황(SP)
1.3	567	708	지정해제첨부파일정보(PL)
1.3	983	709	기록관리표준업무기본
1.3	667	710	협력회사(SP)
1.3	683	711	자료(SP)
1.3	1000	711	기록관리표준업무변경이력
1.3	519	712	지정신청첨부파일정보(PL)
1.3	144	715	매체수록기준예시(SM)
1.3	700	716	대출/반납(SP)
1.3	650	717	홍보물및책자(SP)
1.3	114	717	저장매체사용정보(전자기록물복구시스템)
1.3	324	719	전거DB 수정요청
1.3	628	719	외부소장물(SP)
1.3	206	720	KH_AUTH_OPERATION_IMSI
1.3	249	720	KH_AUTH_CAREER_IMSI
1.3	270	720	KH_ORGDELETE
1.3	231	721	KH_ORGNOTICE
1.3	303	721	전거DB 상세유형
1.3	506	725	수집목표량
1.3	865	727	교육생(SP)
1.3	937	731	기록관정보시스템품목현황(SP)
1.3	116	731	네오매체수록오류내역
1.3	421	732	M/F작업스케줄링목록
1.3	964	732	기록관정보시스템현황
1.3	395	732	DVD 작업스케줄링목록
1.3	905	733	기록관정보시스템품목별세부규격현황(SP)
1.3	448	733	OD복제작업스케줄링목록
1.3	892	734	강사경력(SP)
1.3	581	740	소제정보조사(PL)
1.3	530	744	수집현황(PL)
1.3	550	744	기획수집계획(PL)
1.3	565	744	기획수집주제(PL)
1.3	215	750	KH_AUTH_RECORD_IMSI
1.3	195	751	처리과기관코드임시목록
1.3	129	753	매체수록기준(SM)
1.3	395	753	SV_이관매체 작업스케줄링목록
1.3	447	753	복제M/F대출 작업스케줄링목록
1.3	420	754	매체이전 작업스케줄링목록
1.3	143	755	기록매체상태기준(SM)
1.3	273	757	문서전송내역
1.3	292	757	이관에러(CM)
1.3	249	760	큐테이블내역
1.3	331	761	스캐닝업로드요청(SV)
1.3	313	761	스캐닝열람파일해상도(SV)
1.3	350	761	스캐닝열람파일해상도변경이력(SV)
1.3	820	762	정보화사업단계(SP)
1.3	838	762	법령/표준(SP)
1.3	854	762	분류(SP)
1.3	744	762	지도점검 항목(SP)
1.3	622	762	??수신파일상태내역
1.3	642	762	??심의정보내역
1.3	663	762	교류실적(SP)
1.3	685	762	교류실적방문자(SP)
1.3	709	762	지도점검조치결과(SP)
1.3	728	762	지도점검결과(SP)
1.3	772	764	정보화요청서(SP)
1.3	787	764	정보화사업계획(SP)
1.3	804	764	정보화사업(SP)
1.3	897	765	일용직요원학력(SP)
1.3	918	766	일용직요원(SP)
1.3	958	767	자료관설치운영현황(SP)
1.3	935	767	자격/특기사항(SP)
1.3	980	767	자산이력(SP)
1.3	998	767	자산(SP)
1.3	1025	767	정보화유지보수신청(SP)
1.3	1047	769	기록관리표준분야코드
1.3	1011	769	주변장치(SP)
1.3	290	774	파일확장자목록(임시)
1.3	268	775	이관태스크(CP)
1.3	359	778	TODO(CM)
1.3	249	780	사용자접근로그(SM)
1.3	861	781	보도(SP)
1.3	116	782	훼손상태기준(SM)
1.3	935	784	일용직요원경력(SP)
1.3	897	785	일용직요원실적(SP)
1.3	153	787	준칙관리_기관별코드
1.3	129	788	단위과제BRM통보파일내역
1.3	1050	789	??검토의견내역
1.3	846	790	보도요청(SP)
1.3	380	791	총독부기록물 정보 비교
1.3	561	791	M/F 정수점검리스트
1.3	579	791	OD복제 정수점검내역
1.3	619	791	장비점검단위(SP)
1.3	634	791	점검단위별점검항목구분(SP)
1.3	653	791	점검단위별점검항목(SP)
1.3	677	791	항목별점검결과(SP)
1.3	696	791	유지보수점검일지(SP)
1.3	714	791	유지보수검사조서(SP)
1.3	733	791	유지보수계약(SP)
1.3	751	791	유지보수대상장비(SP)
1.3	953	792	재난대비책(SP)
1.3	447	792	가치평가기준(SM)
1.3	821	793	정보화사업결과(SP)
1.3	406	793	분리등록
1.3	418	793	자료실점검리스트
1.3	431	793	자료실배치내역
1.3	465	793	기관별 템플릿관리(AM)
1.3	968	793	정리원원(SP)
1.3	983	793	정보화교육(SP)
1.3	775	794	포상자(SP)
1.3	921	801	사업장(SP)
1.3	882	804	사업장별계획(SP)
1.3	153	805	생산현황_기록물생산량
1.3	897	805	사업장별실적항목(SP)
1.3	582	807	장기보존매체 정수점검내역
1.3	562	810	이관매체 정수점검내역
