size	x	y	font	text
1.2	1032	30	Gulim	작업일자
1.2	1032	32	Gulim	생산년도
1.2	520	33	Gulim	기본목론
1.2	625	33	Gulim	목적등록년도
1.2	520	35	Gulim	세부목록
1.2	625	35	Gulim	목적분류코드
1.2	501	35	Gulim	기본목론
1.2	673	36	Gulim	단위업무코드
1.2	431	36	Gulim	기술계층구분
1.2	470	36	Gulim	공개검토년도
1.2	484	36	Gulim	공개유형일련번호
1.2	315	36	Gulim	생산기본목록
1.2	501	37	Gulim	세부목록
1.2	642	37	Gulim	상위기능분류코드
1.2	673	37	Gulim	소기능분류코드
1.2	470	37	Gulim	공개검토일련번호
1.2	431	38	Gulim	기술분류명
1.2	501	39	Gulim	스케줄링일련번호
1.2	743	40	Gulim	일련번호
1.2	501	40	Gulim	공개검토년도
1.2	743	41	Gulim	접수
1.2	247	41	Gulim	기록물철분류번호
1.2	501	42	Gulim	공개검토일련번호
1.2	743	42	Gulim	접수순번
1.2	431	43	Gulim	차상위기술분류
1.2	247	45	Gulim	기록물철제목
1.2	419	52	Gulim	검토년도
1.2	419	53	Gulim	검토일련번호
1.2	419	54	Gulim	검토기관코드
1.2	484	55	Gulim	검토년도
1.2	484	56	Gulim	검토일련번호
1.2	484	57	Gulim	공개유형일련번호
1.2	625	59	Gulim	기능등록년도
1.2	625	60	Gulim	기능분류코드
1.2	501	67	Gulim	공개재분류일시
1.2	449	67	Gulim	기본목록
1.2	418	67	Gulim	기본목록
1.2	418	69	Gulim	검토년도
1.2	449	69	Gulim	세부목록
1.2	273	69	Gulim	제목
1.2	418	70	Gulim	검토일련번호
1.2	876	71	Gulim	원본기록분류코드
1.2	876	72	Gulim	통합기록분류명
1.2	743	73	Gulim	기능분류코드
1.2	449	74	Gulim	최종수정자
1.2	501	74	Gulim	최초등록일시
1.2	449	75	Gulim	최종수정일시
1.2	519	77	Gulim	기본목록
1.2	519	79	Gulim	세부목록
1.2	519	80	Gulim	수정순번
1.2	294	81	Gulim	문서관계
1.2	273	82	Gulim	기록물건분류번호
1.2	294	82	Gulim	첨부파일일련번호
1.2	625	83	Gulim	기능등록년도
1.2	625	84	Gulim	기능분류코드
1.2	625	85	Gulim	목적등록년도
1.2	625	87	Gulim	목적분류코드
1.2	494	87	Gulim	기본목록
1.2	494	88	Gulim	세부목록
1.2	475	89	Gulim	기본목록
1.2	526	90	Gulim	기본목록
1.2	526	92	Gulim	세부목록
1.2	382	93	Gulim	기술분류
1.2	512	94	Gulim	기본목록
1.2	382	94	Gulim	생산
1.2	385	94	Gulim	수집이관기관구분
1.2	512	95	Gulim	세부목록
1.2	382	95	Gulim	기관코드
1.2	512	97	Gulim	공개유형구분
1.2	512	105	Gulim	특이사항
1.2	494	105	Gulim	기본목록
1.2	494	106	Gulim	세부목록
1.2	367	109	Gulim	기본목록
1.2	243	141	Gulim	이관기본목록
1.2	265	141	Gulim	이관세부목록
1.2	289	141	Gulim	이관첨부파일정보
1.2	244	143	Gulim	이관기본목록
1.2	265	143	Gulim	이관기본목록
1.2	289	143	Gulim	이관기본목록
1.2	223	143	Gulim	이관기본목록
1.2	265	144	Gulim	이관세부목록
1.2	289	144	Gulim	이관세부목록
1.2	244	145	Gulim	생산시스템구분
1.2	289	145	Gulim	문서관계
1.2	244	146	Gulim	이관년도
1.2	265	146	Gulim	처리기관코드
1.2	289	147	Gulim	첨부파일일련번호
1.2	244	147	Gulim	이관일련번호
1.2	265	147	Gulim	구기록물생산기관명
1.2	244	149	Gulim	처리기관코드
1.2	265	149	Gulim	등록구분
1.2	289	149	Gulim	버전
1.2	639	150	Gulim	기본목록
1.2	244	150	Gulim	구기록물생산기관명
1.2	265	150	Gulim	생산등록일자
1.2	639	151	Gulim	세부목록
1.2	244	151	Gulim	생산년도
1.2	265	151	Gulim	생산등록번호
1.2	289	151	Gulim	파일명
1.2	513	151	Gulim	기본목록
1.2	244	152	Gulim	분류체계
1.2	265	152	Gulim	구기록물문서번호
1.2	289	152	Gulim	파일명사본
1.2	639	153	Gulim	처리기관코드
1.2	244	154	Gulim	기록물철등록일련번호
1.2	265	154	Gulim	분리등록번호첨부번호
1.2	289	154	Gulim	용량
1.2	616	154	Gulim	기본목록
1.2	416	154	Gulim	기본목록
1.2	513	155	Gulim	처리기관코드
1.2	244	155	Gulim	권호수
1.2	265	155	Gulim	제목
1.2	289	155	Gulim	첨부파일쪽수
1.2	591	155	Gulim	기본목록
1.2	391	155	Gulim	기본목록
1.2	616	155	Gulim	세부목록
1.2	362	156	Gulim	발간등록번호
1.2	591	156	Gulim	세부목록
1.2	244	156	Gulim	기록물철제목
1.2	265	156	Gulim	쪽수
1.2	289	156	Gulim	첨부파일종류코드
1.2	886	156	Gulim	기관코드
1.2	540	156	Gulim	기본목록
1.2	639	157	Gulim	생산등록일자
1.2	362	157	Gulim	발간등록번호별기본목록순서
1.2	513	157	Gulim	생산년도
1.2	244	157	Gulim	기록물형태
1.2	265	157	Gulim	결제권자
1.2	886	158	Gulim	전체기관명
1.2	841	158	Gulim	기관코드구분
1.2	362	158	Gulim	첨부파일
1.2	864	158	Gulim	원본코드
1.2	244	159	Gulim	종료년도
1.2	265	159	Gulim	기안자업무담당자
1.2	290	159	Gulim	차바이러스감염여부
1.2	639	159	Gulim	구기록물문서번호
1.2	841	159	Gulim	기관코드
1.2	864	159	Gulim	통합기관명
1.2	927	160	Gulim	기관코드
1.2	244	160	Gulim	보존기간
1.2	265	160	Gulim	시행일자
1.2	290	160	Gulim	차바이러스치료여부
1.2	437	160	Gulim	간행물제목
1.2	416	161	Gulim	발행일자
1.2	244	161	Gulim	보존방법
1.2	265	161	Gulim	수신자발신자
1.2	290	161	Gulim	차바이러스감염여부
1.2	639	162	Gulim	제목
1.2	513	162	Gulim	기록물철제목
1.2	244	162	Gulim	보존장소
1.2	265	162	Gulim	문서과배부번호
1.2	290	162	Gulim	차바이러스치료여부
1.2	418	162	Gulim	코드
1.2	513	163	Gulim	기록물형태
1.2	244	164	Gulim	비치종결일자
1.2	265	164	Gulim	생산기관등록번호
1.2	289	164	Gulim	바이러스감염일자
1.2	886	164	Gulim	차상위기관코드
1.2	244	165	Gulim	비치사유
1.2	265	165	Gulim	전자기록물여부
1.2	289	165	Gulim	저장패스명
1.2	416	165	Gulim	간행물제목
1.2	886	165	Gulim	최상위기관코드
1.2	513	166	Gulim	보존기간
1.2	244	166	Gulim	업무담당자
1.2	265	166	Gulim	기록물철분류번호
1.2	289	166	Gulim	해쉬값
1.2	244	167	Gulim	구기록물철분류번호
1.2	265	167	Gulim	특수기록물
1.2	289	167	Gulim	해쉬알고리즘
1.2	416	167	Gulim	저자명
1.2	437	167	Gulim	신청일자
1.2	244	169	Gulim	신구기록물구분
1.2	265	169	Gulim	공개구분
1.2	289	169	Gulim	해쉬점검일시
1.2	841	169	Gulim	유형분류
1.2	846	169	Gulim	대
1.2	244	170	Gulim	수정여부
1.2	265	170	Gulim	공개제한부분표시
1.2	289	170	Gulim	해쉬점검결과
1.2	244	171	Gulim	등록건수
1.2	265	171	Gulim	구기록물보존기간
1.2	292	171	Gulim	파일유효성검사일시
1.2	244	172	Gulim	쪽수
1.2	265	172	Gulim	내용요약
1.2	292	172	Gulim	파일유효성점검결과
1.2	363	173	Gulim	순번
1.2	841	173	Gulim	소장처구분
1.2	244	174	Gulim	전자파일갯수
1.2	265	174	Gulim	기록물형태
1.2	289	174	Gulim	전자서명유효성검사일시
1.2	841	174	Gulim	소장국가
1.2	244	175	Gulim	인수인계구분
1.2	265	175	Gulim	신구기록물구분
1.2	289	175	Gulim	전자서명유효성점검결과
1.2	416	175	Gulim	형태구분코드
1.2	416	176	Gulim	유형구분코드
1.2	244	176	Gulim	인수인계처리기관코드
1.2	265	176	Gulim	수정여부
1.2	289	176	Gulim	이관철
1.2	540	177	Gulim	기본목록
1.2	392	177	Gulim	기본목록
1.2	244	177	Gulim	인수인계단위업무코드
1.2	265	177	Gulim	반려여부
1.2	289	177	Gulim	보존처리바이러스여부
1.2	841	178	Gulim	참조기관코드
1.2	244	179	Gulim	인수인계생산년도
1.2	265	179	Gulim	기록물관리번호
1.2	289	179	Gulim	보존포맷변환여부
1.2	1013	179	Gulim	목적등록년도
1.2	513	180	Gulim	전자파일갯수
1.2	244	180	Gulim	인수인계기록물철등록일련번호
1.2	265	180	Gulim	건번호
1.2	224	181	Gulim	이관기본목록
1.2	244	181	Gulim	인수인계권호수
1.2	265	181	Gulim	건연결번호
1.2	392	182	Gulim	등록취급기관
1.2	841	182	Gulim	폐지구분
1.2	1013	182	Gulim	상위목적분류코드
1.2	1046	182	Gulim	공무원구분코드
1.2	244	182	Gulim	내용요약정보
1.2	265	182	Gulim	첨부물구분기호
1.2	392	183	Gulim	처리기관코드
1.2	1046	184	Gulim	직종코드
1.2	244	184	Gulim	자료관코드
1.2	265	184	Gulim	편철순서
1.2	392	184	Gulim	일련번호
1.2	639	184	Gulim	기록물관리번호
1.2	1046	185	Gulim	직종세분류코드
1.2	244	185	Gulim	구기록물문서번호
1.2	265	185	Gulim	기록물건분류번호
1.2	290	185	Gulim	이관기본목록
1.2	392	186	Gulim	발간주기코드
1.2	1046	186	Gulim	직군코드
1.2	244	186	Gulim	보관상자번호
1.2	265	186	Gulim	등록일자
1.2	290	186	Gulim	이관세부목록
1.2	392	187	Gulim	발행일자
1.2	1046	187	Gulim	직렬코드
1.2	244	188	Gulim	최초등록일시
1.2	265	188	Gulim	페이지시작
1.2	513	189	Gulim	내용요약
1.2	1046	189	Gulim	직류코드
1.2	244	189	Gulim	최초등록자
1.2	265	189	Gulim	페이지끝
1.2	513	190	Gulim	기록물위치
1.2	1046	190	Gulim	계급코드
1.2	244	190	Gulim	기록물철분류번호
1.2	265	190	Gulim	처리일자
1.2	639	191	Gulim	기록물건분류번호
1.2	244	191	Gulim	카드명코드
1.2	265	191	Gulim	구기록물등록
1.2	513	192	Gulim	기록물관리번호
1.2	244	193	Gulim	도면규격코드
1.2	265	193	Gulim	취소반송일자
1.2	244	194	Gulim	보존분류오류여부
1.2	265	194	Gulim	문서번호
1.2	513	195	Gulim	기록물유형
1.2	244	195	Gulim	특수목록오류여부
1.2	265	195	Gulim	시청각매체유형
1.2	244	196	Gulim	기타오류여부
1.2	265	196	Gulim	접수확인
1.2	244	198	Gulim	오류내역
1.2	265	198	Gulim	인명
1.2	324	198	Gulim	이관세부목록
1.2	308	198	Gulim	이관기본목록
1.2	244	199	Gulim	검사여부
1.2	265	199	Gulim	주민번호
1.2	223	199	Gulim	이관기본목록
1.2	308	199	Gulim	이관세부목록
1.2	324	199	Gulim	이관기본목록
1.2	639	199	Gulim	문서번호
1.2	244	200	Gulim	반려여부
1.2	265	200	Gulim	주민번호
1.2	363	200	Gulim	발간등록번호
1.2	244	201	Gulim	기본확정여부
1.2	265	201	Gulim	물건등록번호
1.2	363	202	Gulim	발간등록번호별기본목록순서
1.2	244	203	Gulim	기록물유형
1.2	265	203	Gulim	공사구간
1.2	639	203	Gulim	인명
1.2	244	204	Gulim	구기록물처리과코드
1.2	265	204	Gulim	시작일자
1.2	639	204	Gulim	주민번호
1.2	244	205	Gulim	기록물관리번호
1.2	265	205	Gulim	종료일자
1.2	639	206	Gulim	주민번호
1.2	244	206	Gulim	관리일자
1.2	265	206	Gulim	옛날지명
1.2	394	207	Gulim	코드
1.2	513	208	Gulim	보관상자번호
1.2	244	208	Gulim	관리담당자
1.2	265	208	Gulim	번지
1.2	244	209	Gulim	보존시설
1.2	265	209	Gulim	사안별편철오류
1.2	244	210	Gulim	분류체계구분
1.2	265	210	Gulim	분류등록오류여부
1.2	513	211	Gulim	기록물철분류번호
1.2	244	211	Gulim	분류체계명
1.2	265	211	Gulim	특수목록오류여부
1.2	616	212	Gulim	관리첨부파일정보이력
1.2	639	212	Gulim	옛날지명
1.2	995	212	Gulim	일련번호
1.2	244	213	Gulim	과제구분코드
1.2	265	213	Gulim	최초등록일시
1.2	639	213	Gulim	번지
1.2	244	214	Gulim	기능별분류체계경로명
1.2	265	214	Gulim	최초등록자
1.2	291	215	Gulim	이관세부목록
1.2	244	215	Gulim	목적별분류체계경로명
1.2	265	215	Gulim	이미지연결번호
1.2	617	216	Gulim	기본목록
1.2	291	216	Gulim	이관기본목록
1.2	223	216	Gulim	이관기본목록
1.2	244	217	Gulim	부제목
1.2	265	217	Gulim	파일크기
1.2	617	217	Gulim	세부목록
1.2	244	218	Gulim	정정제목
1.2	265	218	Gulim	파일확장자
1.2	617	218	Gulim	파일명
1.2	621	218	Gulim	첨부파일명
1.2	538	219	Gulim	첨부파일
1.2	513	219	Gulim	보존시설
1.2	244	219	Gulim	기타기록물유형코드
1.2	265	219	Gulim	파일
1.2	617	219	Gulim	재변환등록일
1.2	244	220	Gulim	보존기간책정사유명
1.2	265	220	Gulim	오류내역
1.2	617	221	Gulim	재변환종료일
1.2	639	221	Gulim	사건명
1.2	513	221	Gulim	공개여부
1.2	244	222	Gulim	보안분류코드
1.2	265	222	Gulim	열람범위
1.2	617	222	Gulim	오류내용
1.2	639	222	Gulim	총독부지목
1.2	244	223	Gulim	보안분류사유
1.2	265	223	Gulim	기록물건상세유형코드
1.2	658	223	Gulim	기본목록
1.2	617	223	Gulim	재변환시작일
1.2	639	223	Gulim	총독부지번
1.2	362	224	Gulim	순번
1.2	658	224	Gulim	세부목록
1.2	244	224	Gulim	열람범위
1.2	265	224	Gulim	부제목
1.2	617	224	Gulim	구분
1.2	244	225	Gulim	인수인계일자
1.2	265	225	Gulim	정정제목
1.2	617	226	Gulim	알레로키
1.2	513	226	Gulim	기록물구분
1.2	244	227	Gulim	바이러스검사여부
1.2	265	227	Gulim	부분공개사유
1.2	362	227	Gulim	첨부파일
1.2	244	228	Gulim	바이러스감염여부
1.2	265	228	Gulim	공개예정일시
1.2	244	229	Gulim	정리기술
1.2	265	229	Gulim	건내용정보
1.2	244	230	Gulim	분류체계구분코드
1.2	265	230	Gulim	매체포맷
1.2	244	232	Gulim	키워드
1.2	265	232	Gulim	저장매체
1.2	996	232	Gulim	전체기관명
1.2	244	233	Gulim	키워드
1.2	265	233	Gulim	본문첨부화일수
1.2	244	234	Gulim	시작일자
1.2	265	234	Gulim	보안분류코드
1.2	639	235	Gulim	원어명
1.2	416	235	Gulim	기록물형태
1.2	244	235	Gulim	종료일자
1.2	265	235	Gulim	보안분류사유
1.2	244	237	Gulim	부가번호
1.2	265	237	Gulim	원본사본여부
1.2	244	238	Gulim	구기록물보존기간
1.2	265	238	Gulim	정리기술
1.2	223	238	Gulim	이관기본목록
1.2	244	239	Gulim	보존처리설명
1.2	265	239	Gulim	키워드
1.2	244	241	Gulim	관리발생일자
1.2	265	241	Gulim	키워드
1.2	616	241	Gulim	기본목록
1.2	244	242	Gulim	보존기간재책정관리내용
1.2	265	242	Gulim	공개재분류관리내용
1.2	616	242	Gulim	세부목록
1.2	963	242	Gulim	외국명코드
1.2	513	243	Gulim	생산국가
1.2	416	243	Gulim	출판사
1.2	244	243	Gulim	훼손내용관리내용
1.2	265	243	Gulim	공개재분류관리발생일자
1.2	291	244	Gulim	이관첨부파일추출정보
1.2	513	244	Gulim	원어명
1.2	244	244	Gulim	최종수정일시
1.2	265	244	Gulim	최종수정일시
1.2	292	245	Gulim	이관첨부파일추출일련번호
1.2	244	246	Gulim	최종수정자
1.2	265	246	Gulim	최종수정자
1.2	977	246	Gulim	전체기관명
1.2	244	247	Gulim	철장기보존파일명
1.2	265	247	Gulim	건장기보존파일명
1.2	292	247	Gulim	이관기본목록
1.2	244	248	Gulim	이전이관기본목록
1.2	265	248	Gulim	목록라인번호
1.2	435	248	Gulim	발간등록번호
1.2	292	249	Gulim	이관세부목록
1.2	244	249	Gulim	생산기관별철순서번호
1.2	265	249	Gulim	검수담당자
1.2	292	250	Gulim	파일명
1.2	513	250	Gulim	대통령명
1.2	244	251	Gulim	접수오류
1.2	265	251	Gulim	검수담당자배정일
1.2	292	251	Gulim	첨부파일일련번호
1.2	244	252	Gulim	접수오류내역
1.2	265	252	Gulim	검수시작일
1.2	292	252	Gulim	문서관계
1.2	244	253	Gulim	이관철
1.2	265	253	Gulim	검수종료일
1.2	292	254	Gulim	메타정보획득여부
1.2	244	254	Gulim	검수담당자
1.2	265	254	Gulim	검수담당자배정해제일
1.2	292	255	Gulim	이관년도
1.2	244	256	Gulim	검수담당자배정일
1.2	265	256	Gulim	오류여부
1.2	292	256	Gulim	이관번호
1.2	244	257	Gulim	검수시작일
1.2	265	257	Gulim	치료불가바이러스포함컴포넌트수
1.2	292	257	Gulim	기관코드
1.2	244	258	Gulim	검수종료일
1.2	265	258	Gulim	문서보존포맷미변환건수
1.2	293	259	Gulim	차바이러스결과
1.2	244	259	Gulim	검수확정일
1.2	265	259	Gulim	비전자기록물실물오류여부
1.2	224	260	Gulim	이관년도
1.2	293	260	Gulim	차바이러스시작일
1.2	244	261	Gulim	검수담당자배정해제일
1.2	265	261	Gulim	기계검수오류여부
1.2	224	261	Gulim	이관일련번호
1.2	293	261	Gulim	차바이러스결과
1.2	244	262	Gulim	오류기록물인수사유
1.2	265	262	Gulim	서비스제목
1.2	224	262	Gulim	이관철
1.2	293	262	Gulim	차바이러스시작일
1.2	244	263	Gulim	강제인수여부
1.2	265	263	Gulim	서비스여부
1.2	292	264	Gulim	바이러스치료결과
1.2	244	264	Gulim	바이러스검출기록물처리코드
1.2	265	264	Gulim	최종서비스업데이트일시
1.2	292	265	Gulim	바이러스치료시작일
1.2	244	266	Gulim	보존매체수록여부
1.2	265	266	Gulim	최종서비스업데이트사용자
1.2	292	266	Gulim	파일구분
1.2	244	267	Gulim	철
1.2	246	267	Gulim	차검수확인여부
1.2	292	267	Gulim	추출파일여부
1.2	616	267	Gulim	기본목록
1.2	244	268	Gulim	철
1.2	246	268	Gulim	차검수확인일자
1.2	292	269	Gulim	추출
1.2	616	269	Gulim	세부목록
1.2	244	269	Gulim	철
1.2	246	269	Gulim	차검수확인자
1.2	294	270	Gulim	데이터규격검사결과
1.2	513	270	Gulim	스캐닝완료여부
1.2	244	271	Gulim	기계검수오류여부
1.2	294	271	Gulim	데이터규격검사시작일
1.2	244	272	Gulim	철인수상태코드
1.2	292	273	Gulim	파일사이즈
1.2	244	273	Gulim	서비스철제목
1.2	616	273	Gulim	성명
1.2	293	274	Gulim	차바이러스내용
1.2	224	274	Gulim	자료관코드
1.2	513	274	Gulim	보존기간만료년도
1.2	244	274	Gulim	서비스여부
1.2	293	275	Gulim	차바이러스내용
1.2	513	276	Gulim	공개재분류년도
1.2	244	276	Gulim	최종서비스업데이트일시
1.2	292	276	Gulim	바이러스치료내용
1.2	244	277	Gulim	최종서비스업데이트사용자
1.2	180	277	Gulim	이관검수샘플링기본목록
1.2	294	278	Gulim	데이터규격검사내용
1.2	513	278	Gulim	영구보존포맷변환여부
1.2	292	279	Gulim	버전
1.2	181	279	Gulim	이관년도
1.2	181	280	Gulim	이관번호
1.2	888	281	Gulim	접근권한코드
1.2	1010	281	Gulim	기본목록
1.2	292	281	Gulim	파일명사본
1.2	181	282	Gulim	이관기본목록
1.2	907	282	Gulim	화면
1.2	888	282	Gulim	화면
1.2	292	283	Gulim	첨부파일쪽수
1.2	181	283	Gulim	세부목록
1.2	430	283	Gulim	인수년도
1.2	292	284	Gulim	첨부파일종류코드
1.2	841	284	Gulim	사용자
1.2	907	284	Gulim	프로그램
1.2	888	284	Gulim	등록
1.2	243	284	Gulim	이관목록인계
1.2	1010	284	Gulim	기록물상태
1.2	430	285	Gulim	인수서일련번호
1.2	181	285	Gulim	최초등록일시
1.2	292	285	Gulim	저장매체
1.2	888	285	Gulim	조회
1.2	907	285	Gulim	프로그램명
1.2	430	286	Gulim	기본목록
1.2	841	286	Gulim	사용자암호
1.2	181	286	Gulim	최초등록자
1.2	922	286	Gulim	메뉴
1.2	244	286	Gulim	이관년도
1.2	292	286	Gulim	저장패스명
1.2	907	286	Gulim	프로그램설명
1.2	888	286	Gulim	수정
1.2	869	287	Gulim	사용자
1.2	618	287	Gulim	기본목록
1.2	841	287	Gulim	이전암호
1.2	181	287	Gulim	최종수정일시
1.2	244	287	Gulim	이관일련번호
1.2	363	287	Gulim	등록일련번호
1.2	696	287	Gulim	기본목록
1.2	292	288	Gulim	해쉬알고리즘
1.2	907	288	Gulim	시스템
1.2	888	288	Gulim	삭제
1.2	869	288	Gulim	접근권한코드
1.2	618	288	Gulim	세부목록
1.2	389	288	Gulim	등록일련번호
1.2	922	288	Gulim	시스템
1.2	841	288	Gulim	사용자명
1.2	181	289	Gulim	최종수정자
1.2	696	289	Gulim	세부목록
1.2	292	289	Gulim	해쉬값
1.2	363	289	Gulim	관계자일련번호
1.2	907	289	Gulim	호출레벨
1.2	888	289	Gulim	비고
1.2	591	289	Gulim	삭제일자
1.2	389	289	Gulim	건번호
1.2	922	289	Gulim	상위메뉴
1.2	1010	289	Gulim	변경일시
1.2	244	290	Gulim	접수일자
1.2	841	290	Gulim	소속계급코드
1.2	181	290	Gulim	샘플링구분
1.2	869	290	Gulim	비고
1.2	292	290	Gulim	이관철
1.2	907	290	Gulim	호출커맨드명
1.2	888	290	Gulim	최초등록자
1.2	922	291	Gulim	메뉴명
1.2	244	291	Gulim	인계자소속
1.2	696	291	Gulim	대통령명
1.2	841	291	Gulim	직급코드
1.2	181	291	Gulim	검수담당자
1.2	869	291	Gulim	최초등록자
1.2	292	291	Gulim	육안검사자
1.2	907	291	Gulim	상위프로그램
1.2	888	291	Gulim	최초등록일시
1.2	414	292	Gulim	상위분류코드등록번호
1.2	922	292	Gulim	메뉴레벨
1.2	244	292	Gulim	인계자직위
1.2	696	292	Gulim	사진일자
1.2	841	292	Gulim	사용자주민등록번호
1.2	181	292	Gulim	검수여부
1.2	869	292	Gulim	최초등록일시
1.2	292	293	Gulim	오류여부
1.2	907	293	Gulim	메뉴
1.2	888	293	Gulim	최종수정자
1.2	922	293	Gulim	호출여부
1.2	971	293	Gulim	기록물관리번호
1.2	244	293	Gulim	인계자이름
1.2	696	293	Gulim	촬영장소
1.2	701	293	Gulim	배경장소
1.2	841	293	Gulim	사용자구분
1.2	181	294	Gulim	육안검수오류코드
1.2	869	294	Gulim	최종수정자
1.2	292	294	Gulim	오류유형
1.2	907	294	Gulim	프로그램순번
1.2	888	294	Gulim	최종수정일시
1.2	922	294	Gulim	호출커맨드명
1.2	244	295	Gulim	인수자소속
1.2	696	295	Gulim	사진설명
1.2	841	295	Gulim	원문접근여부
1.2	869	295	Gulim	최종수정일시
1.2	292	295	Gulim	오류상세내역
1.2	907	295	Gulim	권한별제공코드
1.2	922	296	Gulim	메뉴설명
1.2	244	296	Gulim	인수자직위
1.2	841	296	Gulim	비공개접근권한
1.2	292	296	Gulim	육안검사일자
1.2	907	296	Gulim	화면존재여부
1.2	767	296	Gulim	매체관리번호
1.2	922	297	Gulim	비고
1.2	244	297	Gulim	인수자이름
1.2	841	297	Gulim	그룹조직코드
1.2	292	298	Gulim	고유파일명
1.2	907	298	Gulim	비고
1.2	513	298	Gulim	기술분류
1.2	922	298	Gulim	최초등록자
1.2	244	298	Gulim	인수일자
1.2	841	298	Gulim	보존시설코드
1.2	431	299	Gulim	분류등록일련번호
1.2	292	299	Gulim	파일추출그룹번호
1.2	907	299	Gulim	최초등록자
1.2	922	299	Gulim	최초등록일시
1.2	244	300	Gulim	자료관코드
1.2	841	300	Gulim	수행업무
1.2	294	300	Gulim	추출문서구분명
1.2	907	300	Gulim	최초등록일시
1.2	922	301	Gulim	최종수정자
1.2	244	301	Gulim	통보상태구분
1.2	292	301	Gulim	기계검수실시여부
1.2	907	301	Gulim	최종수정자
1.2	922	302	Gulim	최종수정일시
1.2	513	302	Gulim	상자구분
1.2	244	302	Gulim	통보방법
1.2	791	302	Gulim	매체구분
1.2	292	303	Gulim	기계검수실시일시
1.2	907	303	Gulim	최종수정일시
1.2	922	303	Gulim	사용자
1.2	244	303	Gulim	생산기록물기관상태구분
1.2	292	304	Gulim	기계검수오류여부
1.2	244	305	Gulim	접수처시스템구분
1.2	841	305	Gulim	승인여부
1.2	292	305	Gulim	기계검수오류유형코드
1.2	363	305	Gulim	등록일련번호
1.2	244	306	Gulim	오류내역
1.2	889	306	Gulim	접근권한코드
1.2	841	306	Gulim	승인자
1.2	292	306	Gulim	기계검수오류상세내용
1.2	363	307	Gulim	건번호
1.2	244	307	Gulim	헤더파일명
1.2	841	307	Gulim	신규여부
1.2	292	308	Gulim	기계검수식별검증상세내용
1.2	363	308	Gulim	구성자료일련번호
1.2	889	308	Gulim	접근권한명
1.2	841	308	Gulim	비고
1.2	292	309	Gulim	보존포맷변환여부
1.2	389	309	Gulim	등록일련번호
1.2	889	309	Gulim	업무권한코드
1.2	244	310	Gulim	최초등록일시
1.2	595	310	Gulim	기본목록
1.2	841	310	Gulim	최초등록자
1.2	448	310	Gulim	인계년도
1.2	292	310	Gulim	보존포맷변환실패원인
1.2	889	310	Gulim	접근권한내용
1.2	244	311	Gulim	최초등록자
1.2	595	311	Gulim	세부목록
1.2	841	311	Gulim	최초등록일시
1.2	293	311	Gulim	차품질검사오류여부
1.2	448	311	Gulim	인계년도일련번호
1.2	889	312	Gulim	시스템
1.2	867	312	Gulim	그룹조직코드
1.2	244	312	Gulim	최종수정일시
1.2	841	312	Gulim	최종수정자
1.2	293	313	Gulim	차품질검사오류유형코드
1.2	321	313	Gulim	기본목록
1.2	889	313	Gulim	비고
1.2	244	313	Gulim	최종수정자
1.2	841	314	Gulim	최종수정일시
1.2	293	314	Gulim	차품질검사오류유형코드
1.2	867	314	Gulim	그룹조직명
1.2	321	314	Gulim	세부목록
1.2	595	314	Gulim	성명
1.2	889	314	Gulim	최초등록자
1.2	244	315	Gulim	접수일자
1.2	841	315	Gulim	사용여부
1.2	293	315	Gulim	차품질검사오류내용
1.2	867	315	Gulim	그룹조직서열
1.2	889	315	Gulim	최초등록일시
1.2	244	316	Gulim	접수방법
1.2	841	316	Gulim	목록접근권한
1.2	293	317	Gulim	차품질검사오류내용
1.2	867	317	Gulim	그룹조직레벨
1.2	889	317	Gulim	최종수정자
1.2	244	317	Gulim	통보일자
1.2	841	317	Gulim	업무권한코드
1.2	292	318	Gulim	파일스토리지경로
1.2	867	318	Gulim	상위조직코드
1.2	889	318	Gulim	최종수정일시
1.2	244	318	Gulim	기록물가등록번호이관년도
1.2	841	319	Gulim	전체기관접근권한여부
1.2	292	319	Gulim	문서오류조치불가여부
1.2	867	319	Gulim	그룹업무서비스
1.2	244	320	Gulim	기록물가등록번호이관일련번호
1.2	841	320	Gulim	조직코드
1.2	292	320	Gulim	문서오류조치불가사유
1.2	867	320	Gulim	행정기관코드
1.2	244	321	Gulim	품질검사상태구분
1.2	841	321	Gulim	사용자이메일
1.2	292	322	Gulim	비전자붙임문서확인여부
1.2	867	322	Gulim	사용여부
1.2	873	322	Gulim	사용
1.2	876	322	Gulim	미사용
1.2	244	322	Gulim	품질검사오류여부
1.2	912	322	Gulim	접근권한코드
1.2	841	322	Gulim	사용자전화번호
1.2	867	323	Gulim	적용기준일자
1.2	246	323	Gulim	값
1.2	912	323	Gulim	화면
1.2	841	324	Gulim	접근권한접수번호
1.2	867	324	Gulim	적용종료일자
1.2	889	325	Gulim	소속부서코드
1.2	912	325	Gulim	제한화면
1.2	841	325	Gulim	최종비밀번호변경일자
1.2	867	325	Gulim	비고
1.2	244	326	Gulim	인수결과통보상태구분
1.2	889	326	Gulim	접근권한코드
1.2	841	326	Gulim	사용시작일자
1.2	867	327	Gulim	최초등록자
1.2	912	327	Gulim	호출커맨드명
1.2	244	327	Gulim	인수결과통보일시
1.2	841	327	Gulim	사용종료일자
1.2	867	328	Gulim	최초등록일시
1.2	889	328	Gulim	최초등록자
1.2	912	328	Gulim	비고
1.2	244	328	Gulim	인수결과통보방법
1.2	841	329	Gulim	업무명
1.2	867	329	Gulim	최종수정자
1.2	889	329	Gulim	최초등록일자
1.2	912	329	Gulim	최초등록자
1.2	244	330	Gulim	원문보관상태구분
1.2	841	330	Gulim	비공개부분공개원문접근유무
1.2	696	330	Gulim	기본목록
1.2	867	331	Gulim	최종수정일시
1.2	889	331	Gulim	최종수정자
1.2	912	331	Gulim	최초등록일시
1.2	244	331	Gulim	기계검수실시상태
1.2	841	331	Gulim	사용자
1.2	889	332	Gulim	최종수정일자
1.2	912	332	Gulim	최종수정자
1.2	841	332	Gulim	열람실열람인사용구분
1.2	324	333	Gulim	이력테이블
1.2	912	333	Gulim	최종수정일시
1.2	841	334	Gulim	용역사업작업자권한코드
1.2	322	336	Gulim	이력일련번호
1.2	322	338	Gulim	첨부파일일련번호
1.2	322	339	Gulim	기록몰구분
1.2	322	340	Gulim	재변환구분
1.2	713	341	Gulim	기본목록
1.2	864	341	Gulim	사용자
1.2	391	342	Gulim	기본목록
1.2	322	342	Gulim	기본목록
1.2	864	343	Gulim	접근권한코드
1.2	322	343	Gulim	세부목록
1.2	427	344	Gulim	기본목록
1.2	864	344	Gulim	비고
1.2	322	344	Gulim	이전파일크기
1.2	427	345	Gulim	정수점검일자
1.2	864	345	Gulim	작업종류
1.2	322	345	Gulim	이후파일크기
1.2	864	346	Gulim	작업자
1.2	322	347	Gulim	스토리지구분
1.2	864	348	Gulim	작업일자
1.2	322	348	Gulim	파일위치
1.2	864	349	Gulim	최초등록자
1.2	322	349	Gulim	변환자
1.2	864	350	Gulim	최초등록일시
1.2	322	350	Gulim	변환일자
1.2	864	352	Gulim	최종수정자
1.2	322	352	Gulim	변환전
1.2	328	352	Gulim	파일명
1.2	864	353	Gulim	최종수정일시
1.2	322	353	Gulim	변환후
1.2	328	353	Gulim	파일명
1.2	322	354	Gulim	이전아카이브키
1.2	322	355	Gulim	이후아카이브키
1.2	927	373	Gulim	단위업무코드
1.2	927	375	Gulim	기능분류코드소분류
1.2	945	376	Gulim	기관코드
1.2	927	378	Gulim	처리과기관코드
1.2	945	378	Gulim	기관명칭
1.2	945	379	Gulim	최하위명칭
1.2	945	381	Gulim	차상위기관코드
1.2	945	382	Gulim	차수
1.2	927	383	Gulim	기관공통그룹구분
1.2	927	391	Gulim	보존기간종합판단구분
1.2	975	398	Gulim	확인자
1.2	511	400	Gulim	기본목록
1.2	539	400	Gulim	기본목록
1.2	454	401	Gulim	기본목록
1.2	202	402	Gulim	태그
1.2	297	402	Gulim	기본목록
1.2	402	402	Gulim	기본목록
1.2	454	402	Gulim	의견작성자
1.2	202	404	Gulim	태그
1.2	207	404	Gulim	발급기관
1.2	267	404	Gulim	보존시설
1.2	202	405	Gulim	태그
1.2	207	405	Gulim	발급자
1.2	267	405	Gulim	보존매체관리번호
1.2	612	406	Gulim	기본목록
1.2	648	406	Gulim	기본목록
1.2	241	406	Gulim	필름
1.2	244	406	Gulim	롤
1.2	246	406	Gulim	번호
1.2	202	406	Gulim	태그
1.2	207	406	Gulim	발행자
1.2	267	407	Gulim	서고일련번호
1.2	648	407	Gulim	세부목록
1.2	202	408	Gulim	태그
1.2	207	408	Gulim	버전
1.2	267	408	Gulim	서가일련번호
1.2	297	408	Gulim	재배치여부
1.2	202	409	Gulim	태그
1.2	207	409	Gulim	일련번호
1.2	267	409	Gulim	셀일련번호
1.2	927	411	Gulim	게시일자
1.2	402	411	Gulim	매체수록의견
1.2	202	411	Gulim	태그발행유형
1.2	297	413	Gulim	최종수정일시
1.2	138	413	Gulim	검색용용어
1.2	113	414	Gulim	관계용어
1.2	202	414	Gulim	기본목록
1.2	202	415	Gulim	통합기관코드
1.2	138	416	Gulim	관계지시기호
1.2	202	416	Gulim	롤일련번호
1.2	204	418	Gulim	관리번호
1.2	448	420	Gulim	기본목록
1.2	707	421	Gulim	첨부파일
1.2	558	421	Gulim	기본목록
1.2	402	422	Gulim	최종수정자
1.2	558	422	Gulim	세부목록
1.2	387	422	Gulim	매체수록의견
1.2	402	423	Gulim	최종수정일시
1.2	284	424	Gulim	기본목록
1.2	533	424	Gulim	스케줄링구분
1.2	181	425	Gulim	태그
1.2	181	426	Gulim	발행순번
1.2	138	427	Gulim	상태
1.2	403	430	Gulim	기본목록
1.2	181	430	Gulim	발행일시
1.2	533	430	Gulim	재분류유형
1.2	284	431	Gulim	최초등록일시
1.2	202	433	Gulim	매체일련번호
1.2	284	434	Gulim	최종수정일시
1.2	138	436	Gulim	카테고리
1.2	533	439	Gulim	최초등록일시
1.2	940	445	Gulim	세부유형코드
1.2	940	449	Gulim	현존기관코드
1.2	940	450	Gulim	통합기관코드
1.2	448	463	Gulim	기본목록
1.2	448	464	Gulim	세부목록
1.2	847	473	Gulim	연계종류
1.2	852	473	Gulim	코드
1.2	847	474	Gulim	기본목록
1.2	847	475	Gulim	세부목록
1.2	421	475	Gulim	기본목록
1.2	421	477	Gulim	세부목록
1.2	487	483	Gulim	기본목록
1.2	512	484	Gulim	기본목록
1.2	114	484	Gulim	신청상태
1.2	487	484	Gulim	세부목록
1.2	512	485	Gulim	세부목록
1.2	469	485	Gulim	기본목록
1.2	512	486	Gulim	이미지등록
1.2	512	490	Gulim	이미지이상여부
1.2	512	496	Gulim	최초등록일시
1.2	516	500	Gulim	아카이브키
1.2	182	517	Gulim	고정형리더기
1.2	182	519	Gulim	이동일시
1.2	655	521	Gulim	기본목록
1.2	675	521	Gulim	기본목록
1.2	182	521	Gulim	이동목적
1.2	260	521	Gulim	의뢰서구분
1.2	283	522	Gulim	의뢰서구분
1.2	242	522	Gulim	의뢰서구분
1.2	675	522	Gulim	세부목록
1.2	260	525	Gulim	기본목록
1.2	242	526	Gulim	기본목록
1.2	303	527	Gulim	의뢰서구분
1.2	260	527	Gulim	처리상태
1.2	476	529	Gulim	기본목록
1.2	422	529	Gulim	기본목록
1.2	476	530	Gulim	세부목록
1.2	303	531	Gulim	기본목록
1.2	459	531	Gulim	기본목록
1.2	303	533	Gulim	처리상태
1.2	847	533	Gulim	일련번호
1.2	260	533	Gulim	최종수정일시
1.2	847	538	Gulim	등록일자
1.2	303	539	Gulim	최종수정일시
1.2	283	543	Gulim	서고배치형태
1.2	115	544	Gulim	기록물철일련번호
1.2	675	545	Gulim	기본목록
1.2	115	546	Gulim	기록물건일련번호
1.2	261	546	Gulim	의뢰서구분
1.2	675	547	Gulim	세부목록
1.2	675	549	Gulim	조사코드
1.2	675	550	Gulim	조사항목코드
1.2	305	551	Gulim	의뢰서구분
1.2	425	553	Gulim	기본목록
1.2	478	555	Gulim	기본목록
1.2	478	557	Gulim	세부목록
1.2	1063	557	Gulim	기본목록
1.2	655	559	Gulim	기본목록
1.2	326	562	Gulim	의뢰서구분
1.2	655	564	Gulim	조사코드
1.2	760	565	Gulim	처리서번호
1.2	655	565	Gulim	조사항목코드
1.2	760	566	Gulim	처리항목
1.2	261	567	Gulim	서고배치형태
1.2	1063	570	Gulim	기록물철
1.2	1063	572	Gulim	기록물건
1.2	306	577	Gulim	의뢰서구분
1.2	438	582	Gulim	기본목록
1.2	283	583	Gulim	의뢰서구분
1.2	421	584	Gulim	기본목록
1.2	675	592	Gulim	보존조치유형
1.2	307	598	Gulim	의뢰서구분
1.2	267	664	Gulim	관계기관코드
1.2	427	667	Gulim	보존시설
1.2	427	668	Gulim	의뢰서구분
1.2	433	668	Gulim	처리
1.2	436	668	Gulim	반출
1.2	439	668	Gulim	반입
1.2	427	669	Gulim	의뢰서번호
1.2	245	670	Gulim	관계기관코드
1.2	427	670	Gulim	스케줄링일련번호
1.2	218	671	Gulim	관계기관코드
1.2	427	672	Gulim	매체등록일련번호
1.2	797	689	Gulim	사용자
1.2	697	690	Gulim	사용자
1.2	626	699	Gulim	기본목록
1.2	983	714	Gulim	표준분야코드
1.2	324	724	Gulim	사용자
1.2	324	725	Gulim	전거레코드
1.2	324	727	Gulim	세부유형코드
1.2	700	730	Gulim	사용자
1.2	116	735	Gulim	매체수록오류코드
1.2	683	738	Gulim	사용자
1.2	643	764	Gulim	표준순번
1.2	623	766	Gulim	접수일련번호
1.2	499	791	Gulim	유형별청구정보
1.2	508	791	Gulim	통계용
1.2	522	791	Gulim	정보공개청구서
1.2	530	791	Gulim	통계용
1.2	1051	792	Gulim	표준순번
1.2	500	793	Gulim	유형별청구일련번호
1.2	522	793	Gulim	정보공개청구서일련번호
1.2	500	795	Gulim	유형구분
1.2	522	795	Gulim	열람시설구분
1.2	751	796	Gulim	관리번호
1.2	500	796	Gulim	내용별
1.2	522	796	Gulim	접수구분
1.2	500	798	Gulim	내용별상세
1.2	522	798	Gulim	접수번호
1.2	500	799	Gulim	결정구분
1.2	522	799	Gulim	이름
1.2	500	800	Gulim	비공개사유
1.2	522	800	Gulim	공개형태
1.2	500	801	Gulim	유형별청구건수
1.2	522	801	Gulim	수령방법
1.2	500	803	Gulim	유형별청구매수
1.2	522	803	Gulim	결제요청금액
1.2	500	804	Gulim	정보공개청구서일련번호
1.2	522	804	Gulim	등록자아이디
1.2	500	805	Gulim	최초등록자
1.2	522	805	Gulim	등록자이름
1.2	500	806	Gulim	최초등록일시
1.2	522	806	Gulim	등록일시
1.2	500	808	Gulim	최종수정자
1.2	522	808	Gulim	공개일자
1.2	500	809	Gulim	최종수정일시
1.2	522	809	Gulim	접수일자
1.2	522	810	Gulim	청구방법
1.2	522	811	Gulim	결정통지일
1.2	582	812	Gulim	장기보존매체관리번호
1.2	522	813	Gulim	청구내용
1.2	582	813	Gulim	정수점검일자
1.2	522	814	Gulim	비고
1.2	522	815	Gulim	결정구분
1.2	522	816	Gulim	비공개사유
1.2	522	820	Gulim	대량열람특이사항내용
1.2	522	821	Gulim	요청기관및사유
1.2	522	823	Gulim	최초등록자
1.2	522	824	Gulim	최초등록일시
1.2	522	825	Gulim	최종수정자
1.2	522	826	Gulim	최종수정일시
