한글명	영문명	도메인종수	총컬럼수	최빈도메인	최빈빈도	전체도메인분포	형식suffix	기대도메인
순번	seq	8	58	INTEGER(10)	23	INTEGER(10)23 | NUMERIC(6)22 | NUMERIC(38)6 | STRING(3)2 | NUMERIC(10)2 | STRING(2)1 | NUMERIC(35)1 | NUMERIC(5)1		
변경사유	chg_rsn	5	18	STRING(100)	8	STRING(100)8 | STRING(500)4 | STRING(200)4 | STRING(4000)1 | STRING(600)1		
파일명	file_nm	4	28	STRING(500)	21	STRING(500)21 | STRING(100)3 | STRING(200)3 | STRING(256)1		
담당자명	pic_nm	4	14	STRING(256)	9	STRING(256)9 | STRING(100)3 | STRING(50)1 | STRING(40)1		
보고기록물철수	rpt_fls_cnt	4	10	NUMERIC(4)	6	NUMERIC(4)6 | NUMERIC(15)2 | NUMERIC(10)1 | NUMERIC(7)1		
보고기록물수	rpt_pbrc_cnt	4	8	NUMERIC(38)	3	NUMERIC(38)3 | NUMERIC(10)2 | NUMERIC(15)2 | NUMERIC(7)1		
오류코드	err_cd	4	7	STRING(5)	3	STRING(5)3 | STRING(1)2 | STRING(14)1 | STRING(15)1		
파일수	file_cnt	4	6	NUMERIC(6)	2	NUMERIC(6)2 | NUMERIC(10)2 | STRING(6)1 | NUMERIC(15)1		
파일아이디	file_id	4	5	STRING(19)	2	STRING(19)2 | STRING(13)1 | STRING(35)1 | STRING(60)1	아이디	STRING
기록물철아이디	fls_id	3	73	STRING(14)	70	STRING(14)70 | STRING(20)2 | STRING(19)1	아이디	STRING
비고	rmrk	3	28	STRING(100)	24	STRING(100)24 | STRING(500)3 | STRING(200)1		
파일크기	file_sz	3	27	NUMERIC(10)	25	NUMERIC(10)25 | INTEGER(10)1 | NUMERIC(15)1		
생산등록번호	prdctn_reg_no	3	17	STRING(35)	12	STRING(35)12 | STRING(13)3 | STRING(50)2	번호	STRING/NUMERIC
기록물철등록일련번호	fls_reg_sn	3	15	STRING(35)	13	STRING(35)13 | STRING(100)1 | STRING(50)1	번호	STRING/NUMERIC
수정일시	mdfcn_dt	3	15	STRING(14)	13	STRING(14)13 | STRING(35)1 | DATETIME(23)1	일시	DATETIME/STRING(14)
저장파일명	strg_file_nm	3	13	STRING(300)	7	STRING(300)7 | STRING(500)3 | STRING(1000)3		
파일경로	file_path	3	12	STRING(1000)	9	STRING(1000)9 | STRING(500)2 | STRING(200)1		
오류내용	err_cn	3	12	STRING(1000)	8	STRING(1000)8 | STRING(200)3 | STRING(2048)1		
분류체계명	clsf_schm_nm	3	11	STRING(200)	8	STRING(200)8 | STRING(35)2 | STRING(20)1		
등록일련번호	reg_sn	3	10	NUMERIC(5)	7	NUMERIC(5)7 | NUMERIC(6)2 | STRING(3)1	번호	STRING/NUMERIC
생산시스템기록물철아이디	prdctn_sys_fls_id	3	10	STRING(28)	5	STRING(28)5 | STRING(50)3 | STRING(35)2	아이디	STRING
검수내용	igi_cn	3	10	STRING(200)	6	STRING(200)6 | STRING(500)3 | STRING(4000)1		
기관레벨차수	inst_lev_cycl	3	10	NUMERIC(9)	6	NUMERIC(9)6 | NUMERIC(5)3 | STRING(1)1		
기록물철분류번호	fls_clsf_no	3	9	STRING(90)	7	STRING(90)7 | STRING(28)1 | STRING(100)1	번호	STRING/NUMERIC
작업아이디	job_id	3	9	STRING(35)	3	STRING(35)3 | STRING(25)3 | STRING(17)3	아이디	STRING
보존기간책정사유	prsr_pd_aprtn_rsn	3	9	STRING(500)	6	STRING(500)6 | STRING(1000)2 | STRING(400)1		
접수파일명	rcpt_file_nm	3	9	STRING(300)	7	STRING(300)7 | STRING(500)1 | STRING(256)1		
작업상태	job_stts	3	7	STRING(1)	4	STRING(1)4 | STRING(2)2 | CHAR(1)1		
분할매체순번	prttn_md_seq	3	7	NUMERIC(38)	4	NUMERIC(38)4 | NUMERIC(6)2 | STRING(3)1		
비치사유	frns_rsn	3	6	STRING(100)	3	STRING(100)3 | STRING(500)2 | STRING(1000)1		
인수인계순번	tkov_seq	3	6	NUMERIC(3)	3	NUMERIC(3)3 | NUMERIC(6)2 | STRING(6)1		
오류순번	err_seq	3	5	NUMERIC(10)	3	NUMERIC(10)3 | NUMERIC(38)1 | NUMERIC(3)1		
기록물철식별자	fls_idtf	3	4	STRING(86)	2	STRING(86)2 | STRING(85)1 | STRING(91)1		
첨부파일경로	atch_file_path	3	4	STRING(1000)	2	STRING(1000)2 | STRING(256)1 | STRING(500)1		
변경후값	afch_vl	3	3	STRING(1000)	1	STRING(1000)1 | STRING(500)1 | STRING(600)1		
변경전값	bfch_vl	3	3	STRING(1000)	1	STRING(1000)1 | STRING(500)1 | STRING(600)1		
기록관아이디	rctr_id	2	297	STRING(7)	295	STRING(7)295 | CHAR(7)2	아이디	STRING
기록물건아이디	ritm_id	2	63	STRING(14)	59	STRING(14)59 | STRING(19)4	아이디	STRING
생산년도	prdctn_year	2	45	STRING(4)	43	STRING(4)43 | CHAR(4)2		
작업자아이디	oprtr_id	2	26	STRING(35)	25	STRING(35)25 | STRING(20)1	아이디	STRING
분류체계아이디	clsf_schm_id	2	25	STRING(35)	24	STRING(35)24 | STRING(100)1	아이디	STRING
공식표제	ofcl_ttle	2	25	STRING(500)	24	STRING(500)24 | STRING(300)1		
인수순번	acptn_seq	2	17	NUMERIC(6)	15	NUMERIC(6)15 | NUMERIC(38)2		
이관그룹순번	trnsf_group_seq	2	17	NUMERIC(3)	11	NUMERIC(3)11 | NUMERIC(38)6		
처리과명	trdv_nm	2	15	STRING(256)	12	STRING(256)12 | STRING(100)3		
분류체계구분코드	clsf_schm_se_cd	2	14	STRING(2)	12	STRING(2)12 | STRING(1)2		
공개구분코드	otp_cd	2	14	STRING(1)	12	STRING(1)12 | CHAR(1)2		
변경이력번호	chg_hstry_no	2	14	NUMERIC(5)	12	NUMERIC(5)12 | NUMERIC(6)2	번호	STRING/NUMERIC
사용여부	use_yn	2	14	STRING(1)	13	STRING(1)13 | CHAR(1)1	여부	STRING(1)/CHAR(1)
반려여부	rjct_yn	2	12	STRING(1)	10	STRING(1)10 | CHAR(1)2	여부	STRING(1)/CHAR(1)
서고아이디	stk_id	2	12	STRING(40)	6	STRING(40)6 | STRING(3)6	아이디	STRING
문서유형순번	doc_type_seq	2	12	NUMERIC(6)	11	NUMERIC(6)11 | NUMERIC(10)1		
처리처리과코드	prcs_trdv_cd	2	12	STRING(7)	11	STRING(7)11 | CHAR(7)1		
공개등급	rls_grd	2	11	STRING(8)	10	STRING(8)10 | CHAR(8)1		
작업종료일시	job_end_dt	2	11	STRING(14)	10	STRING(14)10 | CHAR(14)1	일시	DATETIME/STRING(14)
사용자명	user_nm	2	11	STRING(40)	9	STRING(40)9 | STRING(200)2		
기타표제	etc_ttle	2	10	STRING(200)	8	STRING(200)8 | STRING(500)2		
공개제한부분	rls_lmt_part	2	10	STRING(100)	9	STRING(100)9 | STRING(8)1		
서가아이디	bksh_id	2	10	STRING(32)	5	STRING(32)5 | STRING(3)5	아이디	STRING
검수결과코드	igi_rslt_cd	2	10	STRING(2)	7	STRING(2)7 | STRING(1)3		
파일해쉬값	file_hash_vl	2	10	STRING(128)	7	STRING(128)7 | STRING(100)3		
작업시작일시	job_bgng_dt	2	9	STRING(14)	8	STRING(14)8 | CHAR(14)1	일시	DATETIME/STRING(14)
부서코드	dept_cd	2	9	STRING(7)	8	STRING(7)8 | CHAR(7)1		
접수시작일시	rcpt_bgng_dt	2	9	STRING(14)	7	STRING(14)7 | STRING(15)2	일시	DATETIME/STRING(14)
재분류년도	clgn_year	2	9	STRING(4)	6	STRING(4)6 | CHAR(4)3		
문서번호	doc_no	2	8	STRING(40)	6	STRING(40)6 | STRING(200)2	번호	STRING/NUMERIC
보존방법할당코드	prsr_mthd_alct_cd	2	8	STRING(1)	7	STRING(1)7 | STRING(2)1		
보존장소코드	prsr_plc_cd	2	8	STRING(1)	7	STRING(1)7 | STRING(2)1		
계정아이디	acnt_id	2	8	STRING(35)	6	STRING(35)6 | STRING(50)2	아이디	STRING
공개재분류유형	rls_clgn_type	2	8	STRING(1)	5	STRING(1)5 | CHAR(1)3		
생성일시	crt_dt	2	7	STRING(14)	6	STRING(14)6 | CHAR(14)1	일시	DATETIME/STRING(14)
생산시스템기록물건아이디	prdctn_sys_ritm_id	2	7	STRING(50)	5	STRING(50)5 | STRING(35)2	아이디	STRING
첨부파일일련번호	atch_file_sn	2	7	STRING(2)	6	STRING(2)6 | STRING(6)1	번호	STRING/NUMERIC
반려사유	rjct_rsn	2	7	STRING(200)	5	STRING(200)5 | STRING(500)2		
저장매체용량	strg_md_cpct	2	7	NUMERIC(13)	6	NUMERIC(13)6 | STRING(10)1		
행위자아이디	pfmr_id	2	7	STRING(35)	6	STRING(35)6 | STRING(25)1	아이디	STRING
공개재분류선정사유일련번호	rls_clgn_slctn_rsn_sn	2	7	NUMERIC(6)	6	NUMERIC(6)6 | NUMERIC(2)1	번호	STRING/NUMERIC
기록물건크기	ritm_sz	2	6	NUMERIC(13)	5	NUMERIC(13)5 | NUMERIC(38)1		
시행일자	enfc_ymd	2	6	STRING(14)	3	STRING(14)3 | STRING(8)3	일자	DATE/STRING(8)
정리기술	arngmt_desc	2	6	STRING(1000)	5	STRING(1000)5 | STRING(100)1		
폐기일자	dscd_ymd	2	6	STRING(8)	5	STRING(8)5 | CHAR(8)1	일자	DATE/STRING(8)
인수자명	acptr_nm	2	6	STRING(40)	4	STRING(40)4 | STRING(100)2		
특수목록1	one_spcl_list	2	6	STRING(500)	5	STRING(500)5 | STRING(100)1		
특수목록2	two_spcl_list	2	6	STRING(500)	5	STRING(500)5 | STRING(100)1		
특수목록3	thre_spcl_list	2	6	STRING(500)	5	STRING(500)5 | STRING(100)1		
바이러스치료파일용량	virs_mdtr_file_cpct	2	6	STRING(10)	4	STRING(10)4 | NUMERIC(10)2		
시청각기록물내용요약	adr_cn_smmr	2	5	STRING(500)	3	STRING(500)3 | STRING(4000)2		
업무담당자명	task_pic_nm	2	5	STRING(256)	3	STRING(256)3 | STRING(40)2		
생산처리과코드	prdctn_trdv_cd	2	5	STRING(7)	4	STRING(7)4 | CHAR(7)1		
인수일자	acptn_ymd	2	5	STRING(8)	4	STRING(8)4 | STRING(14)1	일자	DATE/STRING(8)
인수인계기록물철등록일련번호	tkov_fls_reg_sn	2	5	STRING(6)	4	STRING(6)4 | STRING(35)1	번호	STRING/NUMERIC
목록라인번호	list_line_no	2	5	STRING(8)	4	STRING(8)4 | NUMERIC(6)1	번호	STRING/NUMERIC
인계자명	phnd_nm	2	5	STRING(40)	3	STRING(40)3 | STRING(100)2		
인수진행상태코드	acptn_prgrs_stts_cd	2	5	STRING(2)	4	STRING(2)4 | STRING(1)1		
기록물철제목	fls_ttl	2	5	STRING(500)	4	STRING(500)4 | STRING(200)1		
공개시스템코드	rls_sys_cd	2	5	STRING(2)	4	STRING(2)4 | STRING(1)1		
보존상자아이디	prsr_box_id	2	5	STRING(19)	4	STRING(19)4 | STRING(15)1	아이디	STRING
접수종료일시	rcpt_end_dt	2	5	STRING(14)	3	STRING(14)3 | STRING(15)2	일시	DATETIME/STRING(14)
작업유형코드	job_type_cd	2	5	STRING(1)	3	STRING(1)3 | STRING(2)2		
광디스크아이디	opds_id	2	5	STRING(20)	3	STRING(20)3 | STRING(15)2	아이디	STRING
폐지여부	abl_yn	2	5	STRING(1)	4	STRING(1)4 | STRING(4)1	여부	STRING(1)/CHAR(1)
전화번호	telno	2	5	STRING(50)	3	STRING(50)3 | STRING(30)2	번호	STRING/NUMERIC
정렬순번	sort_seq	2	5	NUMERIC(9)	4	NUMERIC(9)4 | STRING(3)1		
첨부파일명	atch_file_nm	2	4	STRING(300)	3	STRING(300)3 | STRING(500)1		
내용요약	cn_smmr	2	4	STRING(1073741823)	3	STRING(1073741823)3 | STRING(400)1		
이관일자	trnsf_ymd	2	4	STRING(8)	3	STRING(8)3 | CHAR(8)1	일자	DATE/STRING(8)
비치여부	frns_yn	2	4	CHAR(1)	2	CHAR(1)2 | STRING(1)2	여부	STRING(1)/CHAR(1)
정정일시	crrc_dt	2	4	DATE(10)	3	DATE(10)3 | STRING(14)1	일시	DATETIME/STRING(14)
기록물철크기	fls_sz	2	4	NUMERIC(13)	3	NUMERIC(13)3 | NUMERIC(38)1		
전자파일개수	elct_file_ecnt	2	4	STRING(6)	3	STRING(6)3 | NUMERIC(15)1		
인수자아이디	acptr_id	2	4	STRING(35)	3	STRING(35)3 | STRING(40)1	아이디	STRING
접수기록물철수	rcpt_fls_cnt	2	4	NUMERIC(10)	3	NUMERIC(10)3 | NUMERIC(38)1		
접수기록물건수	rcpt_ritm_cnt	2	4	NUMERIC(10)	3	NUMERIC(10)3 | NUMERIC(38)1		
쪽수	page_cnt	2	4	STRING(6)	3	STRING(6)3 | NUMERIC(5)1		
기관코드	inst_cd	2	4	STRING(7)	3	STRING(7)3 | STRING(20)1		
서가배치여부	bksh_dpos_yn	2	4	STRING(1)	3	STRING(1)3 | STRING(2)1	여부	STRING(1)/CHAR(1)
기록물철보유상태코드	fls_hold_stts_cd	2	4	STRING(2)	2	STRING(2)2 | STRING(14)2		
색인차수	indx_cycl	2	4	STRING(3)	2	STRING(3)2 | STRING(1)2		
행위자순번	pfmr_seq	2	4	NUMERIC(6)	3	NUMERIC(6)3 | NUMERIC(3)1		
관계파일키	rel_file_key	2	4	STRING(35)	3	STRING(35)3 | STRING(27)1		
행위자처리과코드	pfmr_trdv_cd	2	4	STRING(7)	3	STRING(7)3 | STRING(35)1		
배치정보	dpos_info	2	4	STRING(20)	2	STRING(20)2 | STRING(15)2		
진행상태코드	prgrs_stts_cd	2	4	STRING(2)	3	STRING(2)3 | STRING(1)1		
서열	ord	2	4	NUMERIC(5)	3	NUMERIC(5)3 | NUMERIC(4)1		
직위명	jbps_nm	2	4	STRING(100)	3	STRING(100)3 | STRING(512)1		
라인번호	line_no	2	4	NUMERIC(13)	2	NUMERIC(13)2 | STRING(28)2	번호	STRING/NUMERIC
단위업무명	unit_job_nm	2	4	STRING(40)	3	STRING(40)3 | STRING(60)1		
기록물건순번	ritm_seq	2	3	NUMERIC(6)	2	NUMERIC(6)2 | NUMERIC(5)1		
폐기여부	dscd_yn	2	3	STRING(1)	2	STRING(1)2 | CHAR(1)1	여부	STRING(1)/CHAR(1)
작업순번	job_seq	2	3	NUMERIC(35)	2	NUMERIC(35)2 | NUMERIC(6)1		
변경전시행일자	bfch_enfc_ymd	2	3	STRING(14)	2	STRING(14)2 | STRING(8)1	일자	DATE/STRING(8)
변경후시행일자	afch_enfc_ymd	2	3	STRING(14)	2	STRING(14)2 | STRING(8)1	일자	DATE/STRING(8)
기록물건등록번호	ritm_reg_no	2	3	STRING(41)	2	STRING(41)2 | STRING(90)1	번호	STRING/NUMERIC
전문요원의견등록일자	splst_opnn_reg_ymd	2	3	STRING(8)	2	STRING(8)2 | CHAR(8)1	일자	DATE/STRING(8)
일정순번	schdl_seq	2	3	NUMERIC(10)	2	NUMERIC(10)2 | STRING(100)1		
기록물건키	ritm_key	2	3	STRING(90)	2	STRING(90)2 | STRING(54)1		
접수검수처리상태	rcpt_igi_prcs_stts	2	3	STRING(2)	2	STRING(2)2 | STRING(1)1		
첨부파일공개여부	atch_file_rls_yn	2	3	STRING(1)	2	STRING(1)2 | CHAR(1)1	여부	STRING(1)/CHAR(1)
선정일자	slctn_ymd	2	3	STRING(8)	2	STRING(8)2 | CHAR(8)1	일자	DATE/STRING(8)
다중승인기록물건아이디	multi_aprv_ritm_id	2	3	STRING(19)	2	STRING(19)2 | STRING(14)1	아이디	STRING
인계자아이디	phnd_id	2	3	STRING(35)	2	STRING(35)2 | STRING(40)1	아이디	STRING
결과등록일자	rslt_reg_ymd	2	3	STRING(8)	2	STRING(8)2 | CHAR(8)1	일자	DATE/STRING(8)
설명	expln	2	3	STRING(100)	2	STRING(100)2 | STRING(500)1		
등록완료여부	reg_cmptn_yn	2	3	STRING(1)	2	STRING(1)2 | CHAR(1)1	여부	STRING(1)/CHAR(1)
바이러스이력순번	virs_hstry_seq	2	3	NUMERIC(8)	2	NUMERIC(8)2 | NUMERIC(10)1		
사용자구분	user_se	2	3	STRING(1)	2	STRING(1)2 | CHAR(1)1		
근무여부	work_yn	2	3	STRING(1)	2	STRING(1)2 | CHAR(1)1	여부	STRING(1)/CHAR(1)
이관대상공동결재문서대장수	trnsf_trgt_clbn_atrz_doc_ldgr_cnt	2	3	NUMERIC(10)	2	NUMERIC(10)2 | NUMERIC(7)1		
파일구분코드	file_se_cd	2	3	STRING(1)	2	STRING(1)2 | STRING(10)1		
기록관의견	rctr_opnn	2	3	STRING(400)	2	STRING(400)2 | STRING(1000)1		
결과관리번호	rslt_mng_no	2	3	STRING(10)	2	STRING(10)2 | STRING(35)1	번호	STRING/NUMERIC
파일순번	file_seq	2	2	INTEGER(10)	1	INTEGER(10)1 | NUMERIC(6)1		
등록날짜	reg_date	2	2	DATETIME(23)	1	DATETIME(23)1 | STRING(8)1		
이관진행상태	trnsf_prgrs_stts	2	2	CHAR(2)	1	CHAR(2)1 | STRING(1)1		
생산처리과의견	prdctn_trdv_opnn	2	2	STRING(500)	1	STRING(500)1 | STRING(1000)1		
인수처리과명	acptn_trdv_nm	2	2	STRING(100)	1	STRING(100)1 | STRING(256)1		
상태구분코드	stts_se_cd	2	2	STRING(2)	1	STRING(2)1 | STRING(1)1		
처리과의견등록일자	trdv_opnn_reg_ymd	2	2	STRING(8)	1	STRING(8)1 | CHAR(8)1	일자	DATE/STRING(8)
기록물건총수	ritm_tcnt	2	2	NUMERIC(38)	1	NUMERIC(38)1 | NUMERIC(6)1		
인계사유	hndv_rsn	2	2	STRING(500)	1	STRING(500)1 | STRING(200)1		
기록물유형	pbrc_type	2	2	STRING(1)	1	STRING(1)1 | STRING(6)1		
편집사용자명	edit_user_nm	2	2	STRING(200)	1	STRING(200)1 | STRING(40)1		
이관접수오류내역	trnsf_rcpt_err_dsctn	2	2	STRING(4000)	1	STRING(4000)1 | STRING(500)1		
분할매체용량	prttn_md_cpct	2	2	NUMERIC(38)	1	NUMERIC(38)1 | NUMERIC(13)1		
발간주기	pblc_cycl	2	2	CHAR(2)	1	CHAR(2)1 | STRING(2)1		
업무유형	task_type	2	2	STRING(26)	1	STRING(26)1 | STRING(10)1		
오류메시지	err_msg	2	2	STRING(1073741823)	1	STRING(1073741823)1 | STRING(200)1		
인계기록물철수	hndv_fls_cnt	2	2	NUMERIC(8)	1	NUMERIC(8)1 | NUMERIC(10)1		
인계기록물건수	hndv_ritm_cnt	2	2	NUMERIC(8)	1	NUMERIC(8)1 | NUMERIC(10)1		
심의대상여부	dlbr_trgt_yn	2	2	STRING(1)	1	STRING(1)1 | STRING(35)1	여부	STRING(1)/CHAR(1)
결과메시지	rslt_msg	2	2	STRING(100)	1	STRING(100)1 | STRING(500)1		
전문요원의견	splst_opnn	2	2	STRING(500)	1	STRING(500)1 | STRING(300)1		
관리번호	mng_no	2	2	STRING(25)	1	STRING(25)1 | STRING(14)1	번호	STRING/NUMERIC
총용량	tcpct	2	2	NUMERIC(13)	1	NUMERIC(13)1 | NUMERIC(20)1		
결과코드	rslt_cd	2	2	STRING(5)	1	STRING(5)1 | STRING(1)1		
접수오류내역	rcpt_err_dsctn	2	2	STRING(4000)	1	STRING(4000)1 | STRING(1000)1		
국가기록원의견	nars_opnn	2	2	STRING(1000)	1	STRING(1000)1 | STRING(400)1		
